Workbook

Sheet Portada
A19: PORRA MUNDIAL 2026
A22: FIFA WORLD CUP 26 · USA · CANADÁ · MÉXICO
A25: Grupo Papinenes · Porra privada · Pronósticos, clasificación automática y apuestas especiales
A28: Jugadores: Álvaro · Papá · Diego

Sheet Instrucciones
A1: INSTRUCCIONES
A2: Guía paso a paso para usar la porra sin tocar fórmulas.
A3: 1 | B3: Empieza por tu pestaña
B4: Busca la pestaña con tu nombre. Ahí rellenas todo lo tuyo: goles de cada partido, clasificado en eliminatorias y apuestas especiales. Solo escribe en celdas amarillas. Las celdas azules son fórmulas y las grises son referencias de otras pestañas.
A6: 2 | B6: Pronósticos de partidos
B7: En fase de grupos rellena Mis goles local y Mis goles visit.; la columna Clasificado aparece con '-' y no se usa. En octavos, cuartos, semifinales y final, además de los goles a 90 minutos, elige Clasificado: Local o Visitante.
A9: 3 | B9: Apuestas especiales
B10: En la parte inferior de tu pestaña escribe tus apuestas especiales antes de que empiece el torneo. El resultado oficial de esas apuestas se rellena después en Resumen, dentro del bloque Apuestas especiales.
A12: 4 | B12: Resultados reales
B13: La persona que administre la porra usa Partidos. En grupos rellena Resultado local y Resultado visitante. En eliminatorias rellena también Clasificado, que es quien pasa la ronda aunque sea en prórroga o penaltis.
A15: 5 | B15: Qué mirar durante el torneo
B16: Resumen es el dashboard principal: líder, clasificación completa, últimos partidos, análisis por jugador y apuestas especiales. Pronosticos consolida lo que ha puesto cada jugador y es de solo lectura.
A18: 6 | B18: Configuración y hojas técnicas
B19: Puntuacion permite cambiar los puntos de cada regla. Helpers >> separa las hojas de trabajo. _Helpers contiene cálculos internos y no requiere input.
A22: Pestañas con input: tu nombre, Partidos, Resumen (solo resultados oficiales de apuestas especiales) y Puntuacion.
A23: Pestañas sin input: Pronosticos, Helpers >> y _Helpers. Regla visual: amarillo = input; azul = fórmula; gris = referencia.
A24: Requisitos: Microsoft Excel 2010 o superior (Windows/Mac). No usa macros.

Sheet Resumen
A1: RESUMEN — DASHBOARD
A2: Todo se calcula solo. Lo único editable aquí es, en amarillo, el resultado oficial de las apuestas especiales.
A4: Indicadores del torneo
A5: LÍDER | C5: PUNTOS DEL LÍDER | E5: PARTIDOS JUGADOS | G5: PARTIDOS PENDIENTES | I5: PROGRESO TORNEO | K5: MEDIA PTS/PARTIDO LÍDER | M5: JUGADORES
A6: =_Helpers!$A$7 | C6: =_Helpers!$B$7 | E6: =COUNTIF(Partidos!$H$4:$H$107,"Finalizado") | G6: =104-COUNTIF(Partidos!$H$4:$H$107,"Finalizado") | I6: =IF(COUNTIF(Partidos!$H$4:$H$107,"Finalizado")=0,0,COUNTIF(Partidos!$H$4:$H$107,"Finalizado")/104) | K6: =IF(COUNTIF(Partidos!$H$4:$H$107,"Finalizado")=0,"",ROUND(_Helpers!$B$7/COUNTIF(Partidos!$H$4:$H$107,"Finalizado"),2)) | M6: 3
A8: Clasificación general | K8: Últimos partidos jugados
A9: Pos. | B9: Jugador | C9: Puntos | D9: Exactos | E9: Parciales | F9: Fallos | G9: % aciertos | H9: Medalla | I9: vs Líder | K9: Fecha | L9: Local | M9: Visitante | N9: Resultado
A10: 1 | B10: =_Helpers!$A$7 | C10: =_Helpers!$B$7 | D10: =_Helpers!$C$7 | E10: =_Helpers!$D$7 | F10: =_Helpers!$E$7 | G10: =_Helpers!$F$7 | H10: =IF(A10=1,"ORO",IF(A10=2,"PLATA",IF(A10=3,"BRONCE",""))) | I10: =IF(A10=1,0,$C$10-C10) | K10: =_Helpers!$X$69 | L10: =_Helpers!$U$69 | M10: =_Helpers!$V$69 | N10: =_Helpers!$W$69
A11: 2 | B11: =_Helpers!$A$8 | C11: =_Helpers!$B$8 | D11: =_Helpers!$C$8 | E11: =_Helpers!$D$8 | F11: =_Helpers!$E$8 | G11: =_Helpers!$F$8 | H11: =IF(A11=1,"ORO",IF(A11=2,"PLATA",IF(A11=3,"BRONCE",""))) | I11: =IF(A11=1,0,$C$10-C11) | K11: =_Helpers!$X$70 | L11: =_Helpers!$U$70 | M11: =_Helpers!$V$70 | N11: =_Helpers!$W$70
A12: 3 | B12: =_Helpers!$A$9 | C12: =_Helpers!$B$9 | D12: =_Helpers!$C$9 | E12: =_Helpers!$D$9 | F12: =_Helpers!$E$9 | G12: =_Helpers!$F$9 | H12: =IF(A12=1,"ORO",IF(A12=2,"PLATA",IF(A12=3,"BRONCE",""))) | I12: =IF(A12=1,0,$C$10-C12) | K12: =_Helpers!$X$71 | L12: =_Helpers!$U$71 | M12: =_Helpers!$V$71 | N12: =_Helpers!$W$71
K13: =_Helpers!$X$72 | L13: =_Helpers!$U$72 | M13: =_Helpers!$V$72 | N13: =_Helpers!$W$72
K14: =_Helpers!$X$73 | L14: =_Helpers!$U$73 | M14: =_Helpers!$V$73 | N14: =_Helpers!$W$73
A22: Análisis por jugador
A23: Elige un jugador: | C23: Álvaro | D23: (escribe el nombre exacto de una pestaña)
A24: Métrica | B24: Valor
A25: Posición actual | B25: =IFERROR(MATCH($C$23,_Helpers!$A$7:$A$9,0),"")
A26: Puntos totales | B26: =IFERROR(INDEX(_Helpers!$E$2:$E$4,MATCH($C$23,_Helpers!$A$2:$A$4,0)),0)
A27: Puntos por partidos | B27: =IFERROR(INDEX(_Helpers!$B$2:$B$4,MATCH($C$23,_Helpers!$A$2:$A$4,0)),0)
A28: Bonus de rondas | B28: =IFERROR(INDEX(_Helpers!$C$2:$C$4,MATCH($C$23,_Helpers!$A$2:$A$4,0)),0)
A29: Puntos apuestas especiales | B29: =IFERROR(INDEX(_Helpers!$D$2:$D$4,MATCH($C$23,_Helpers!$A$2:$A$4,0)),0)
A30: Distancia al líder | B30: =IFERROR(_Helpers!$B$7-INDEX(_Helpers!$E$2:$E$4,MATCH($C$23,_Helpers!$A$2:$A$4,0)),0)
A32: Apuestas especiales · resultado oficial | F32: Puntos por apuestas especiales
A33: Categoría | B33: Resultado oficial | C33: Aciertos | D33: Estado | F33: Jugador | G33: Puntos | H33: Aciertos | I33: Peso
A34: Campeón del Mundial | C34: =IF($B34="",0,IF(Álvaro!$B$111=$B34,1,0)+IF(Papá!$B$111=$B34,1,0)+IF(Diego!$B$111=$B34,1,0)) | D34: =IF($B34="","Pendiente","Cargado") | F34: =_Helpers!$A$2 | G34: =_Helpers!$D$2 | H34: =IF(Puntuacion!$B$19=0,0,G34/Puntuacion!$B$19) | I34: =Puntuacion!$B$19
A35: Subcampeón | C35: =IF($B35="",0,IF(Álvaro!$B$112=$B35,1,0)+IF(Papá!$B$112=$B35,1,0)+IF(Diego!$B$112=$B35,1,0)) | D35: =IF($B35="","Pendiente","Cargado") | F35: =_Helpers!$A$3 | G35: =_Helpers!$D$3 | H35: =IF(Puntuacion!$B$19=0,0,G35/Puntuacion!$B$19) | I35: =Puntuacion!$B$19
A36: Tercer equipo | C36: =IF($B36="",0,IF(Álvaro!$B$113=$B36,1,0)+IF(Papá!$B$113=$B36,1,0)+IF(Diego!$B$113=$B36,1,0)) | D36: =IF($B36="","Pendiente","Cargado") | F36: =_Helpers!$A$4 | G36: =_Helpers!$D$4 | H36: =IF(Puntuacion!$B$19=0,0,G36/Puntuacion!$B$19) | I36: =Puntuacion!$B$19
A37: Balón de oro de la FIFA | C37: =IF($B37="",0,IF(Álvaro!$B$114=$B37,1,0)+IF(Papá!$B$114=$B37,1,0)+IF(Diego!$B$114=$B37,1,0)) | D37: =IF($B37="","Pendiente","Cargado")
A38: Premio de la FIFA al mejor jugador joven | C38: =IF($B38="",0,IF(Álvaro!$B$115=$B38,1,0)+IF(Papá!$B$115=$B38,1,0)+IF(Diego!$B$115=$B38,1,0)) | D38: =IF($B38="","Pendiente","Cargado")
A39: Guante de oro de la FIFA | C39: =IF($B39="",0,IF(Álvaro!$B$116=$B39,1,0)+IF(Papá!$B$116=$B39,1,0)+IF(Diego!$B$116=$B39,1,0)) | D39: =IF($B39="","Pendiente","Cargado")
A40: Bota de oro de la FIFA | C40: =IF($B40="",0,IF(Álvaro!$B$117=$B40,1,0)+IF(Papá!$B$117=$B40,1,0)+IF(Diego!$B$117=$B40,1,0)) | D40: =IF($B40="","Pendiente","Cargado")
A41: Máximo goleador España | C41: =IF($B41="",0,IF(Álvaro!$B$118=$B41,1,0)+IF(Papá!$B$118=$B41,1,0)+IF(Diego!$B$118=$B41,1,0)) | D41: =IF($B41="","Pendiente","Cargado")
A46: Visualizaciones

Sheet Partidos
A1: CALENDARIO DE PARTIDOS
A2: Rellena resultados reales en amarillo; Clasificado solo aplica en eliminatorias.
A3: Nº partido | B3: Fecha | C3: Hora | D3: Equipo local | E3: Equipo visitante | F3: Resultado local | G3: Resultado visitante | H3: Estado | I3: Jornada | J3: Fase | K3: Clasificado
A4: 1 | B4: 11/06/2026 | C4: 13:00 | D4: México | E4: Sudáfrica | F4: 2 | G4: 0 | H4: =IF(AND(ISNUMBER(F4),ISNUMBER(G4)),"Finalizado","Pendiente") | I4: 1 | J4: Grupos | K4: -
A5: 2 | B5: 11/06/2026 | C5: 20:00 | D5: República de Corea | E5: República Checa | F5: 2 | G5: 1 | H5: =IF(AND(ISNUMBER(F5),ISNUMBER(G5)),"Finalizado","Pendiente") | I5: 1 | J5: Grupos | K5: -
A6: 3 | B6: 12/06/2026 | C6: 15:00 | D6: Canadá | E6: Bosnia y Herzegovina | F6: 1 | G6: 1 | H6: =IF(AND(ISNUMBER(F6),ISNUMBER(G6)),"Finalizado","Pendiente") | I6: 2 | J6: Grupos | K6: -
A7: 4 | B7: 12/06/2026 | C7: 18:00 | D7: Estados Unidos | E7: Paraguay | F7: 4 | G7: 1 | H7: =IF(AND(ISNUMBER(F7),ISNUMBER(G7)),"Finalizado","Pendiente") | I7: 4 | J7: Grupos | K7: -
A8: 5 | B8: 13/06/2026 | C8: 12:00 | D8: Catar | E8: Suiza | F8: 1 | G8: 1 | H8: =IF(AND(ISNUMBER(F8),ISNUMBER(G8)),"Finalizado","Pendiente") | I8: 2 | J8: Grupos | K8: -
A9: 6 | B9: 13/06/2026 | C9: 18:00 | D9: Brasil | E9: Marruecos | F9: 1 | G9: 1 | H9: =IF(AND(ISNUMBER(F9),ISNUMBER(G9)),"Finalizado","Pendiente") | I9: 3 | J9: Grupos | K9: -
A10: 7 | B10: 13/06/2026 | C10: 21:00 | D10: Haití | E10: Escocia | F10: 0 | G10: 1 | H10: =IF(AND(ISNUMBER(F10),ISNUMBER(G10)),"Finalizado","Pendiente") | I10: 3 | J10: Grupos | K10: -
A11: 8 | B11: 13/06/2026 | C11: 21:00 | D11: Australia | E11: Turquía | F11: 2 | G11: 0 | H11: =IF(AND(ISNUMBER(F11),ISNUMBER(G11)),"Finalizado","Pendiente") | I11: 4 | J11: Grupos | K11: -
A12: 9 | B12: 14/06/2026 | C12: 12:00 | D12: Alemania | E12: Curazao | F12: 7 | G12: 1 | H12: =IF(AND(ISNUMBER(F12),ISNUMBER(G12)),"Finalizado","Pendiente") | I12: 5 | J12: Grupos | K12: -
A13: 10 | B13: 14/06/2026 | C13: 15:00 | D13: Países Bajos | E13: Japón | F13: 2 | G13: 2 | H13: =IF(AND(ISNUMBER(F13),ISNUMBER(G13)),"Finalizado","Pendiente") | I13: 6 | J13: Grupos | K13: -
A14: 11 | B14: 14/06/2026 | C14: 19:00 | D14: Costa de Marfil | E14: Ecuador | F14: 1 | G14: 0 | H14: =IF(AND(ISNUMBER(F14),ISNUMBER(G14)),"Finalizado","Pendiente") | I14: 5 | J14: Grupos | K14: -
A15: 12 | B15: 14/06/2026 | C15: 20:00 | D15: Suecia | E15: Túnez | F15: 5 | G15: 1 | H15: =IF(AND(ISNUMBER(F15),ISNUMBER(G15)),"Finalizado","Pendiente") | I15: 6 | J15: Grupos | K15: -
... A28: 25 | B28: 18/06/2026 | C28: 12:00 | D28: República Checa | E28: Sudáfrica | F28: 1 | G28: 1 | H28: =IF(AND(ISNUMBER(F28),ISNUMBER(G28)),"Finalizado","Pendiente") | I28: 1 | J28: Grupos | K28: -
A29: 26 | B29: 18/06/2026 | C29: 12:00 | D29: Suiza | E29: Bosnia y Herzegovina | H29: =IF(AND(ISNUMBER(F29),ISNUMBER(G29)),"Finalizado","Pendiente") | I29: 2 | J29: Grupos | K29: -
A30: 27 | B30: 18/06/2026 | C30: 15:00 | D30: Canadá | E30: Catar | H30: =IF(AND(ISNUMBER(F30),ISNUMBER(G30)),"Finalizado","Pendiente") | I30: 2 | J30: Grupos | K30: -
A31: 28 | B31: 18/06/2026 | C31: 19:00 | D31: México | E31: República de Corea | H31: =IF(AND(ISNUMBER(F31),ISNUMBER(G31)),"Finalizado","Pendiente") | I31: 1 | J31: Grupos | K31: -
A32: 29 | B32: 19/06/2026 | C32: 12:00 | D32: Estados Unidos | E32: Australia | H32: =IF(AND(ISNUMBER(F32),ISNUMBER(G32)),"Finalizado","Pendiente") | I32: 4 | J32: Grupos | K32: -
A33: 30 | B33: 19/06/2026 | C33: 18:00 | D33: Escocia | E33: Marruecos | H33: =IF(AND(ISNUMBER(F33),ISNUMBER(G33)),"Finalizado","Pendiente") | I33: 3 | J33: Grupos | K33: -
A34: 31 | B34: 19/06/2026 | C34: 21:00 | D34: Brasil | E34: Haití | H34: =IF(AND(ISNUMBER(F34),ISNUMBER(G34)),"Finalizado","Pendiente") | I34: 3 | J34: Grupos | K34: -
A35: 32 | B35: 19/06/2026 | C35: 20:00 | D35: Turquía | E35: Paraguay | H35: =IF(AND(ISNUMBER(F35),ISNUMBER(G35)),"Finalizado","Pendiente") | I35: 4 | J35: Grupos | K35: -
A36: 33 | B36: 20/06/2026 | C36: 12:00 | D36: Países Bajos | E36: Suecia | H36: =IF(AND(ISNUMBER(F36),ISNUMBER(G36)),"Finalizado","Pendiente") | I36: 6 | J36: Grupos | K36: -
A37: 34 | B37: 20/06/2026 | C37: 16:00 | D37: Alemania | E37: Costa de Marfil | H37: =IF(AND(ISNUMBER(F37),ISNUMBER(G37)),"Finalizado","Pendiente") | I37: 5 | J37: Grupos | K37: -
A38: 35 | B38: 20/06/2026 | C38: 19:00 | D38: Ecuador | E38: Curazao | H38: =IF(AND(ISNUMBER(F38),ISNUMBER(G38)),"Finalizado","Pendiente") | I38: 5 | J38: Grupos | K38: -
A39: 36 | B39: 20/06/2026 | C39: 22:00 | D39: Túnez | E39: Japón | H39: =IF(AND(ISNUMBER(F39),ISNUMBER(G39)),"Finalizado","Pendiente") | I39: 6 | J39: Grupos | K39: -
A40: 37 | B40: 21/06/2026 | C40: 12:00 | D40: España | E40: Arabia Saudí | H40: =IF(AND(ISNUMBER(F40),ISNUMBER(G40)),"Finalizado","Pendiente") | I40: 8 | J40: Grupos | K40: -
... A75: 72 | B75: 27/06/2026 | C75: 21:00 | D75: Jordania | E75: Argentina | H75: =IF(AND(ISNUMBER(F75),ISNUMBER(G75)),"Finalizado","Pendiente") | I75: 10 | J75: Grupos | K75: -
A76: 73 | B76: 28/06/2026 | C76: 12:00 | D76: Ganador 1A | E76: Ganador 2B | H76: =IF(AND(ISNUMBER(F76),ISNUMBER(G76)),"Finalizado","Pendiente") | I76: 13 | J76: Dieciseisavos
A77: 74 | B77: 29/06/2026 | C77: 16:30 | D77: Ganador 1C | E77: Ganador 2D | H77: =IF(AND(ISNUMBER(F77),ISNUMBER(G77)),"Finalizado","Pendiente") | I77: 13 | J77: Dieciseisavos
A78: 75 | B78: 29/06/2026 | C78: 19:00 | D78: Ganador 1E | E78: Ganador 2F | H78: =IF(AND(ISNUMBER(F78),ISNUMBER(G78)),"Finalizado","Pendiente") | I78: 13 | J78: Dieciseisavos
A79: 76 | B79: 29/06/2026 | C79: 12:00 | D79: Ganador 1G | E79: Ganador 2H | H79: =IF(AND(ISNUMBER(F79),ISNUMBER(G79)),"Finalizado","Pendiente") | I79: 13 | J79: Dieciseisavos
A80: 77 | B80: 30/06/2026 | C80: 17:00 | D80: Ganador 1I | E80: Ganador 2J | H80: =IF(AND(ISNUMBER(F80),ISNUMBER(G80)),"Finalizado","Pendiente") | I80: 13 | J80: Dieciseisavos
A81: 78 | B81: 30/06/2026 | C81: 12:00 | D81: Ganador 1K | E81: Ganador 2L | H81: =IF(AND(ISNUMBER(F81),ISNUMBER(G81)),"Finalizado","Pendiente") | I81: 13 | J81: Dieciseisavos
A82: 79 | B82: 30/06/2026 | C82: 19:00 | D82: Ganador 1B | E82: Ganador 2A | H82: =IF(AND(ISNUMBER(F82),ISNUMBER(G82)),"Finalizado","Pendiente") | I82: 13 | J82: Dieciseisavos
A83: 80 | B83: 01/07/2026 | C83: 12:00 | D83: Ganador 1D | E83: Ganador 2C | H83: =IF(AND(ISNUMBER(F83),ISNUMBER(G83)),"Finalizado","Pendiente") | I83: 13 | J83: Dieciseisavos
A84: 81 | B84: 01/07/2026 | C84: 17:00 | D84: Ganador 1F | E84: Ganador 2E | H84: =IF(AND(ISNUMBER(F84),ISNUMBER(G84)),"Finalizado","Pendiente") | I84: 13 | J84: Dieciseisavos
A85: 82 | B85: 01/07/2026 | C85: 13:00 | D85: Ganador 1H | E85: Ganador 2G | H85: =IF(AND(ISNUMBER(F85),ISNUMBER(G85)),"Finalizado","Pendiente") | I85: 13 | J85: Dieciseisavos
A86: 83 | B86: 02/07/2026 | C86: 19:00 | D86: Ganador 1J | E86: Ganador 2I | H86: =IF(AND(ISNUMBER(F86),ISNUMBER(G86)),"Finalizado","Pendiente") | I86: 13 | J86: Dieciseisavos
A87: 84 | B87: 02/07/2026 | C87: 12:00 | D87: Ganador 1L | E87: Ganador 2K | H87: =IF(AND(ISNUMBER(F87),ISNUMBER(G87)),"Finalizado","Pendiente") | I87: 13 | J87: Dieciseisavos
... A107: 104 | B107: 19/07/2026 | C107: 15:00 | D107: Ganador Semifinal 1 | E107: Ganador Semifinal 2 | H107: =IF(AND(ISNUMBER(F107),ISNUMBER(G107)),"Finalizado","Pendiente") | I107: 17 | J107: Final

Sheet Pronosticos
A1: PRONÓSTICOS (consolidado)
A2: Vista automática de todos los pronósticos; no hace falta editar esta hoja.
A3: Partido | B3: Equipo local | C3: Equipo visitante | D3: Jugador | E3: Goles local | F3: Goles visitante | G3: Puntos | H3: Clasificado | I3: Fase | J3: Clasif OK
A4: 1 | B4: =IFERROR(INDEX(Partidos!$D$4:$D$107,MATCH($A4,Partidos!$A$4:$A$107,0)),"") | C4: =IFERROR(INDEX(Partidos!$E$4:$E$107,MATCH($A4,Partidos!$A$4:$A$107,0)),"") | D4: Álvaro | E4: =IFERROR(INDEX(Álvaro!F$4:F$107,MATCH($A4,Álvaro!$A$4:$A$107,0)),"") | F4: =IFERROR(INDEX(Álvaro!G$4:G$107,MATCH($A4,Álvaro!$A$4:$A$107,0)),"") | G4: =IFERROR(IF(INDEX(Partidos!$H$4:$H$107,MATCH($A4,Partidos!$A$4:$A$107,0))<>"Finalizado","",IF(OR(NOT(ISNUMBER($E4)),NOT(ISNUMBER($F4))),"",IF(INDEX(Partidos!$J$4:$J$107,MATCH($A4,Partidos!$A$4:$A$107,0))="Grupos",IF(AND($E4=INDEX(Partidos!$F$4:$F$107,MATCH($A4,Partidos!$A$4:$A$107,0)),$F4=INDEX(Partidos!$G$4:$G$107,MATCH($A4,Partidos!$A$4:$A$107,0))),Puntuacion!$B$4,IF(($E4-$F4)=(INDEX(Partidos!$F$4:$F$107,MATCH($A4,Partidos!$A$4:$A$107,0))-INDEX(Partidos!$G$4:$G$107,MATCH($A4,Partidos!$A$4:$A$107,0))),Puntuacion!$B$5,IF(OR(AND($E4>$F4,INDEX(Partidos!$F$4:$F$107,MATCH($A4,Partidos!$A$4:$A$107,0))>INDEX(Partidos!$G$4:$G$107,MATCH($A4,Partidos!$A$4:$A$107,0))),AND($E4=$F4,INDEX(Partidos!$F$4:$F$107,MATCH($A4,Partidos!$A$4:$A$107,0))=INDEX(Partidos!$G$4:$G$107,MATCH($A4,Partidos!$A$4:$A$107,0))),AND($E4<$F4,INDEX(Partidos!$F$4:$F$107,MATCH($A4,Partidos!$A$4:$A$107,0))<INDEX(Partidos!$G$4:$G$107,MATCH($A4,Partidos!$A$4:$A$107,0)))),Puntuacion!$B$6,0))),IF(AND($E4=INDEX(Partidos!$F$4:$F$107,MATCH($A4,Partidos!$A$4:$A$107,0)),$F4=INDEX(Partidos!$G$4:$G$107,MATCH($A4,Partidos!$A$4:$A$107,0))),Puntuacion!$B$9,IF(($E4-$F4)=(INDEX(Partidos!$F$4:$F$107,MATCH($A4,Partidos!$A$4:$A$107,0))-INDEX(Partidos!$G$4:$G$107,MATCH($A4,Partidos!$A$4:$A$107,0))),Puntuacion!$B$10,IF(AND($H4<>"",$H4=INDEX(Partidos!$K$4:$K$107,MATCH($A4,Partidos!$A$4:$A$107,0))),Puntuacion!$B$11,0)))))),"") | H4: =IFERROR(INDEX(Álvaro!H$4:H$107,MATCH($A4,Álvaro!$A$4:$A$107,0)),"") | I4: =IFERROR(INDEX(Partidos!$J$4:$J$107,MATCH($A4,Partidos!$A$4:$A$107,0)),"") | J4: =IF(AND(INDEX(Partidos!$J$4:$J$107,MATCH($A4,Partidos!$A$4:$A$107,0))<>"Grupos",INDEX(Partidos!$H$4:$H$107,MATCH($A4,Partidos!$A$4:$A$107,0))="Finalizado",$H4<>"",$H4=INDEX(Partidos!$K$4:$K$107,MATCH($A4,Partidos!$A$4:$A$107,0))),1,0)
A5: 1 | B5: =IFERROR(INDEX(Partidos!$D$4:$D$107,MATCH($A5,Partidos!$A$4:$A$107,0)),"") | C5: =IFERROR(INDEX(Partidos!$E$4:$E$107,MATCH($A5,Partidos!$A$4:$A$107,0)),"") | D5: Papá | E5: =IFERROR(INDEX(Papá!F$4:F$107,MATCH($A5,Papá!$A$4:$A$107,0)),"") | F5: =IFERROR(INDEX(Papá!G$4:G$107,MATCH($A5,Papá!$A$4:$A$107,0)),"") | G5: =IFERROR(IF(INDEX(Partidos!$H$4:$H$107,MATCH($A5,Partidos!$A$4:$A$107,0))<>"Finalizado","",IF(OR(NOT(ISNUMBER($E5)),NOT(ISNUMBER($F5))),"",IF(INDEX(Partidos!$J$4:$J$107,MATCH($A5,Partidos!$A$4:$A$107,0))="Grupos",IF(AND($E5=INDEX(Partidos!$F$4:$F$107,MATCH($A5,Partidos!$A$4:$A$107,0)),$F5=INDEX(Partidos!$G$4:$G$107,MATCH($A5,Partidos!$A$4:$A$107,0))),Puntuacion!$B$4,IF(($E5-$F5)=(INDEX(Partidos!$F$4:$F$107,MATCH($A5,Partidos!$A$4:$A$107,0))-INDEX(Partidos!$G$4:$G$107,MATCH($A5,Partidos!$A$4:$A$107,0))),Puntuacion!$B$5,IF(OR(AND($E5>$F5,INDEX(Partidos!$F$4:$F$107,MATCH($A5,Partidos!$A$4:$A$107,0))>INDEX(Partidos!$G$4:$G$107,MATCH($A5,Partidos!$A$4:$A$107,0))),AND($E5=$F5,INDEX(Partidos!$F$4:$F$107,MATCH($A5,Partidos!$A$4:$A$107,0))=INDEX(Partidos!$G$4:$G$107,MATCH($A5,Partidos!$A$4:$A$107,0))),AND($E5<$F5,INDEX(Partidos!$F$4:$F$107,MATCH($A5,Partidos!$A$4:$A$107,0))<INDEX(Partidos!$G$4:$G$107,MATCH($A5,Partidos!$A$4:$A$107,0)))),Puntuacion!$B$6,0))),IF(AND($E5=INDEX(Partidos!$F$4:$F$107,MATCH($A5,Partidos!$A$4:$A$107,0)),$F5=INDEX(Partidos!$G$4:$G$107,MATCH($A5,Partidos!$A$4:$A$107,0))),Puntuacion!$B$9,IF(($E5-$F5)=(INDEX(Partidos!$F$4:$F$107,MATCH($A5,Partidos!$A$4:$A$107,0))-INDEX(Partidos!$G$4:$G$107,MATCH($A5,Partidos!$A$4:$A$107,0))),Puntuacion!$B$10,IF(AND($H5<>"",$H5=INDEX(Partidos!$K$4:$K$107,MATCH($A5,Partidos!$A$4:$A$107,0))),Puntuacion!$B$11,0)))))),"") | H5: =IFERROR(INDEX(Papá!H$4:H$107,MATCH($A5,Papá!$A$4:$A$107,0)),"") | I5: =IFERROR(INDEX(Partidos!$J$4:$J$107,MATCH($A5,Partidos!$A$4:$A$107,0)),"") | J5: =IF(AND(INDEX(Partidos!$J$4:$J$107,MATCH($A5,Partidos!$A$4:$A$107,0))<>"Grupos",INDEX(Partidos!$H$4:$H$107,MATCH($A5,Partidos!$A$4:$A$107,0))="Finalizado",$H5<>"",$H5=INDEX(Partidos!$K$4:$K$107,MATCH($A5,Partidos!$A$4:$A$107,0))),1,0)
A6: 1 | B6: =IFERROR(INDEX(Partidos!$D$4:$D$107,MATCH($A6,Partidos!$A$4:$A$107,0)),"") | C6: =IFERROR(INDEX(Partidos!$E$4:$E$107,MATCH($A6,Partidos!$A$4:$A$107,0)),"") | D6: Diego | E6: =IFERROR(INDEX(Diego!F$4:F$107,MATCH($A6,Diego!$A$4:$A$107,0)),"") | F6: =IFERROR(INDEX(Diego!G$4:G$107,MATCH($A6,Diego!$A$4:$A$107,0)),"") | G6: =IFERROR(IF(INDEX(Partidos!$H$4:$H$107,MATCH($A6,Partidos!$A$4:$A$107,0))<>"Finalizado","",IF(OR(NOT(ISNUMBER($E6)),NOT(ISNUMBER($F6))),"",IF(INDEX(Partidos!$J$4:$J$107,MATCH($A6,Partidos!$A$4:$A$107,0))="Grupos",IF(AND($E6=INDEX(Partidos!$F$4:$F$107,MATCH($A6,Partidos!$A$4:$A$107,0)),$F6=INDEX(Partidos!$G$4:$G$107,MATCH($A6,Partidos!$A$4:$A$107,0))),Puntuacion!$B$4,IF(($E6-$F6)=(INDEX(Partidos!$F$4:$F$107,MATCH($A6,Partidos!$A$4:$A$107,0))-INDEX(Partidos!$G$4:$G$107,MATCH($A6,Partidos!$A$4:$A$107,0))),Puntuacion!$B$5,IF(OR(AND($E6>$F6,INDEX(Partidos!$F$4:$F$107,MATCH($A6,Partidos!$A$4:$A$107,0))>INDEX(Partidos!$G$4:$G$107,MATCH($A6,Partidos!$A$4:$A$107,0))),AND($E6=$F6,INDEX(Partidos!$F$4:$F$107,MATCH($A6,Partidos!$A$4:$A$107,0))=INDEX(Partidos!$G$4:$G$107,MATCH($A6,Partidos!$A$4:$A$107,0))),AND($E6<$F6,INDEX(Partidos!$F$4:$F$107,MATCH($A6,Partidos!$A$4:$A$107,0))<INDEX(Partidos!$G$4:$G$107,MATCH($A6,Partidos!$A$4:$A$107,0)))),Puntuacion!$B$6,0))),IF(AND($E6=INDEX(Partidos!$F$4:$F$107,MATCH($A6,Partidos!$A$4:$A$107,0)),$F6=INDEX(Partidos!$G$4:$G$107,MATCH($A6,Partidos!$A$4:$A$107,0))),Puntuacion!$B$9,IF(($E6-$F6)=(INDEX(Partidos!$F$4:$F$107,MATCH($A6,Partidos!$A$4:$A$107,0))-INDEX(Partidos!$G$4:$G$107,MATCH($A6,Partidos!$A$4:$A$107,0))),Puntuacion!$B$10,IF(AND($H6<>"",$H6=INDEX(Partidos!$K$4:$K$107,MATCH($A6,Partidos!$A$4:$A$107,0))),Puntuacion!$B$11,0)))))),"") | H6: =IFERROR(INDEX(Diego!H$4:H$107,MATCH($A6,Diego!$A$4:$A$107,0)),"") | I6: =IFERROR(INDEX(Partidos!$J$4:$J$107,MATCH($A6,Partidos!$A$4:$A$107,0)),"") | J6: =IF(AND(INDEX(Partidos!$J$4:$J$107,MATCH($A6,Partidos!$A$4:$A$107,0))<>"Grupos",INDEX(Partidos!$H$4:$H$107,MATCH($A6,Partidos!$A$4:$A$107,0))="Finalizado",$H6<>"",$H6=INDEX(Partidos!$K$4:$K$107,MATCH($A6,Partidos!$A$4:$A$107,0))),1,0)
A7: 2 | B7: =IFERROR(INDEX(Partidos!$D$4:$D$107,MATCH($A7,Partidos!$A$4:$A$107,0)),"") | C7: =IFERROR(INDEX(Partidos!$E$4:$E$107,MATCH($A7,Partidos!$A$4:$A$107,0)),"") | D7: Álvaro | E7: =IFERROR(INDEX(Álvaro!F$4:F$107,MATCH($A7,Álvaro!$A$4:$A$107,0)),"") | F7: =IFERROR(INDEX(Álvaro!G$4:G$107,MATCH($A7,Álvaro!$A$4:$A$107,0)),"") | G7: =IFERROR(IF(INDEX(Partidos!$H$4:$H$107,MATCH($A7,Partidos!$A$4:$A$107,0))<>"Finalizado","",IF(OR(NOT(ISNUMBER($E7)),NOT(ISNUMBER($F7))),"",IF(INDEX(Partidos!$J$4:$J$107,MATCH($A7,Partidos!$A$4:$A$107,0))="Grupos",IF(AND($E7=INDEX(Partidos!$F$4:$F$107,MATCH($A7,Partidos!$A$4:$A$107,0)),$F7=INDEX(Partidos!$G$4:$G$107,MATCH($A7,Partidos!$A$4:$A$107,0))),Puntuacion!$B$4,IF(($E7-$F7)=(INDEX(Partidos!$F$4:$F$107,MATCH($A7,Partidos!$A$4:$A$107,0))-INDEX(Partidos!$G$4:$G$107,MATCH($A7,Partidos!$A$4:$A$107,0))),Puntuacion!$B$5,IF(OR(AND($E7>$F7,INDEX(Partidos!$F$4:$F$107,MATCH($A7,Partidos!$A$4:$A$107,0))>INDEX(Partidos!$G$4:$G$107,MATCH($A7,Partidos!$A$4:$A$107,0))),AND($E7=$F7,INDEX(Partidos!$F$4:$F$107,MATCH($A7,Partidos!$A$4:$A$107,0))=INDEX(Partidos!$G$4:$G$107,MATCH($A7,Partidos!$A$4:$A$107,0))),AND($E7<$F7,INDEX(Partidos!$F$4:$F$107,MATCH($A7,Partidos!$A$4:$A$107,0))<INDEX(Partidos!$G$4:$G$107,MATCH($A7,Partidos!$A$4:$A$107,0)))),Puntuacion!$B$6,0))),IF(AND($E7=INDEX(Partidos!$F$4:$F$107,MATCH($A7,Partidos!$A$4:$A$107,0)),$F7=INDEX(Partidos!$G$4:$G$107,MATCH($A7,Partidos!$A$4:$A$107,0))),Puntuacion!$B$9,IF(($E7-$F7)=(INDEX(Partidos!$F$4:$F$107,MATCH($A7,Partidos!$A$4:$A$107,0))-INDEX(Partidos!$G$4:$G$107,MATCH($A7,Partidos!$A$4:$A$107,0))),Puntuacion!$B$10,IF(AND($H7<>"",$H7=INDEX(Partidos!$K$4:$K$107,MATCH($A7,Partidos!$A$4:$A$107,0))),Puntuacion!$B$11,0)))))),"") | H7: =IFERROR(INDEX(Álvaro!H$4:H$107,MATCH($A7,Álvaro!$A$4:$A$107,0)),"") | I7: =IFERROR(INDEX(Partidos!$J$4:$J$107,MATCH($A7,Partidos!$A$4:$A$107,0)),"") | J7: =IF(AND(INDEX(Partidos!$J$4:$J$107,MATCH($A7,Partidos!$A$4:$A$107,0))<>"Grupos",INDEX(Partidos!$H$4:$H$107,MATCH($A7,Partidos!$A$4:$A$107,0))="Finalizado",$H7<>"",$H7=INDEX(Partidos!$K$4:$K$107,MATCH($A7,Partidos!$A$4:$A$107,0))),1,0)
A8: 2 | B8: =IFERROR(INDEX(Partidos!$D$4:$D$107,MATCH($A8,Partidos!$A$4:$A$107,0)),"") | C8: =IFERROR(INDEX(Partidos!$E$4:$E$107,MATCH($A8,Partidos!$A$4:$A$107,0)),"") | D8: Papá | E8: =IFERROR(INDEX(Papá!F$4:F$107,MATCH($A8,Papá!$A$4:$A$107,0)),"") | F8: =IFERROR(INDEX(Papá!G$4:G$107,MATCH($A8,Papá!$A$4:$A$107,0)),"") | G8: =IFERROR(IF(INDEX(Partidos!$H$4:$H$107,MATCH($A8,Partidos!$A$4:$A$107,0))<>"Finalizado","",IF(OR(NOT(ISNUMBER($E8)),NOT(ISNUMBER($F8))),"",IF(INDEX(Partidos!$J$4:$J$107,MATCH($A8,Partidos!$A$4:$A$107,0))="Grupos",IF(AND($E8=INDEX(Partidos!$F$4:$F$107,MATCH($A8,Partidos!$A$4:$A$107,0)),$F8=INDEX(Partidos!$G$4:$G$107,MATCH($A8,Partidos!$A$4:$A$107,0))),Puntuacion!$B$4,IF(($E8-$F8)=(INDEX(Partidos!$F$4:$F$107,MATCH($A8,Partidos!$A$4:$A$107,0))-INDEX(Partidos!$G$4:$G$107,MATCH($A8,Partidos!$A$4:$A$107,0))),Puntuacion!$B$5,IF(OR(AND($E8>$F8,INDEX(Partidos!$F$4:$F$107,MATCH($A8,Partidos!$A$4:$A$107,0))>INDEX(Partidos!$G$4:$G$107,MATCH($A8,Partidos!$A$4:$A$107,0))),AND($E8=$F8,INDEX(Partidos!$F$4:$F$107,MATCH($A8,Partidos!$A$4:$A$107,0))=INDEX(Partidos!$G$4:$G$107,MATCH($A8,Partidos!$A$4:$A$107,0))),AND($E8<$F8,INDEX(Partidos!$F$4:$F$107,MATCH($A8,Partidos!$A$4:$A$107,0))<INDEX(Partidos!$G$4:$G$107,MATCH($A8,Partidos!$A$4:$A$107,0)))),Puntuacion!$B$6,0))),IF(AND($E8=INDEX(Partidos!$F$4:$F$107,MATCH($A8,Partidos!$A$4:$A$107,0)),$F8=INDEX(Partidos!$G$4:$G$107,MATCH($A8,Partidos!$A$4:$A$107,0))),Puntuacion!$B$9,IF(($E8-$F8)=(INDEX(Partidos!$F$4:$F$107,MATCH($A8,Partidos!$A$4:$A$107,0))-INDEX(Partidos!$G$4:$G$107,MATCH($A8,Partidos!$A$4:$A$107,0))),Puntuacion!$B$10,IF(AND($H8<>"",$H8=INDEX(Partidos!$K$4:$K$107,MATCH($A8,Partidos!$A$4:$A$107,0))),Puntuacion!$B$11,0)))))),"") | H8: =IFERROR(INDEX(Papá!H$4:H$107,MATCH($A8,Papá!$A$4:$A$107,0)),"") | I8: =IFERROR(INDEX(Partidos!$J$4:$J$107,MATCH($A8,Partidos!$A$4:$A$107,0)),"") | J8: =IF(AND(INDEX(Partidos!$J$4:$J$107,MATCH($A8,Partidos!$A$4:$A$107,0))<>"Grupos",INDEX(Partidos!$H$4:$H$107,MATCH($A8,Partidos!$A$4:$A$107,0))="Finalizado",$H8<>"",$H8=INDEX(Partidos!$K$4:$K$107,MATCH($A8,Partidos!$A$4:$A$107,0))),1,0)
A9: 2 | B9: =IFERROR(INDEX(Partidos!$D$4:$D$107,MATCH($A9,Partidos!$A$4:$A$107,0)),"") | C9: =IFERROR(INDEX(Partidos!$E$4:$E$107,MATCH($A9,Partidos!$A$4:$A$107,0)),"") | D9: Diego | E9: =IFERROR(INDEX(Diego!F$4:F$107,MATCH($A9,Diego!$A$4:$A$107,0)),"") | F9: =IFERROR(INDEX(Diego!G$4:G$107,MATCH($A9,Diego!$A$4:$A$107,0)),"") | G9: =IFERROR(IF(INDEX(Partidos!$H$4:$H$107,MATCH($A9,Partidos!$A$4:$A$107,0))<>"Finalizado","",IF(OR(NOT(ISNUMBER($E9)),NOT(ISNUMBER($F9))),"",IF(INDEX(Partidos!$J$4:$J$107,MATCH($A9,Partidos!$A$4:$A$107,0))="Grupos",IF(AND($E9=INDEX(Partidos!$F$4:$F$107,MATCH($A9,Partidos!$A$4:$A$107,0)),$F9=INDEX(Partidos!$G$4:$G$107,MATCH($A9,Partidos!$A$4:$A$107,0))),Puntuacion!$B$4,IF(($E9-$F9)=(INDEX(Partidos!$F$4:$F$107,MATCH($A9,Partidos!$A$4:$A$107,0))-INDEX(Partidos!$G$4:$G$107,MATCH($A9,Partidos!$A$4:$A$107,0))),Puntuacion!$B$5,IF(OR(AND($E9>$F9,INDEX(Partidos!$F$4:$F$107,MATCH($A9,Partidos!$A$4:$A$107,0))>INDEX(Partidos!$G$4:$G$107,MATCH($A9,Partidos!$A$4:$A$107,0))),AND($E9=$F9,INDEX(Partidos!$F$4:$F$107,MATCH($A9,Partidos!$A$4:$A$107,0))=INDEX(Partidos!$G$4:$G$107,MATCH($A9,Partidos!$A$4:$A$107,0))),AND($E9<$F9,INDEX(Partidos!$F$4:$F$107,MATCH($A9,Partidos!$A$4:$A$107,0))<INDEX(Partidos!$G$4:$G$107,MATCH($A9,Partidos!$A$4:$A$107,0)))),Puntuacion!$B$6,0))),IF(AND($E9=INDEX(Partidos!$F$4:$F$107,MATCH($A9,Partidos!$A$4:$A$107,0)),$F9=INDEX(Partidos!$G$4:$G$107,MATCH($A9,Partidos!$A$4:$A$107,0))),Puntuacion!$B$9,IF(($E9-$F9)=(INDEX(Partidos!$F$4:$F$107,MATCH($A9,Partidos!$A$4:$A$107,0))-INDEX(Partidos!$G$4:$G$107,MATCH($A9,Partidos!$A$4:$A$107,0))),Puntuacion!$B$10,IF(AND($H9<>"",$H9=INDEX(Partidos!$K$4:$K$107,MATCH($A9,Partidos!$A$4:$A$107,0))),Puntuacion!$B$11,0)))))),"") | H9: =IFERROR(INDEX(Diego!H$4:H$107,MATCH($A9,Diego!$A$4:$A$107,0)),"") | I9: =IFERROR(INDEX(Partidos!$J$4:$J$107,MATCH($A9,Partidos!$A$4:$A$107,0)),"") | J9: =IF(AND(INDEX(Partidos!$J$4:$J$107,MATCH($A9,Partidos!$A$4:$A$107,0))<>"Grupos",INDEX(Partidos!$H$4:$H$107,MATCH($A9,Partidos!$A$4:$A$107,0))="Finalizado",$H9<>"",$H9=INDEX(Partidos!$K$4:$K$107,MATCH($A9,Partidos!$A$4:$A$107,0))),1,0)
A10: 3 | B10: =IFERROR(INDEX(Partidos!$D$4:$D$107,MATCH($A10,Partidos!$A$4:$A$107,0)),"") | C10: =IFERROR(INDEX(Partidos!$E$4:$E$107,MATCH($A10,Partidos!$A$4:$A$107,0)),"") | D10: Álvaro | E10: =IFERROR(INDEX(Álvaro!F$4:F$107,MATCH($A10,Álvaro!$A$4:$A$107,0)),"") | F10: =IFERROR(INDEX(Álvaro!G$4:G$107,MATCH($A10,Álvaro!$A$4:$A$107,0)),"") | G10: =IFERROR(IF(INDEX(Partidos!$H$4:$H$107,MATCH($A10,Partidos!$A$4:$A$107,0))<>"Finalizado","",IF(OR(NOT(ISNUMBER($E10)),NOT(ISNUMBER($F10))),"",IF(INDEX(Partidos!$J$4:$J$107,MATCH($A10,Partidos!$A$4:$A$107,0))="Grupos",IF(AND($E10=INDEX(Partidos!$F$4:$F$107,MATCH($A10,Partidos!$A$4:$A$107,0)),$F10=INDEX(Partidos!$G$4:$G$107,MATCH($A10,Partidos!$A$4:$A$107,0))),Puntuacion!$B$4,IF(($E10-$F10)=(INDEX(Partidos!$F$4:$F$107,MATCH($A10,Partidos!$A$4:$A$107,0))-INDEX(Partidos!$G$4:$G$107,MATCH($A10,Partidos!$A$4:$A$107,0))),Puntuacion!$B$5,IF(OR(AND($E10>$F10,INDEX(Partidos!$F$4:$F$107,MATCH($A10,Partidos!$A$4:$A$107,0))>INDEX(Partidos!$G$4:$G$107,MATCH($A10,Partidos!$A$4:$A$107,0))),AND($E10=$F10,INDEX(Partidos!$F$4:$F$107,MATCH($A10,Partidos!$A$4:$A$107,0))=INDEX(Partidos!$G$4:$G$107,MATCH($A10,Partidos!$A$4:$A$107,0))),AND($E10<$F10,INDEX(Partidos!$F$4:$F$107,MATCH($A10,Partidos!$A$4:$A$107,0))<INDEX(Partidos!$G$4:$G$107,MATCH($A10,Partidos!$A$4:$A$107,0)))),Puntuacion!$B$6,0))),IF(AND($E10=INDEX(Partidos!$F$4:$F$107,MATCH($A10,Partidos!$A$4:$A$107,0)),$F10=INDEX(Partidos!$G$4:$G$107,MATCH($A10,Partidos!$A$4:$A$107,0))),Puntuacion!$B$9,IF(($E10-$F10)=(INDEX(Partidos!$F$4:$F$107,MATCH($A10,Partidos!$A$4:$A$107,0))-INDEX(Partidos!$G$4:$G$107,MATCH($A10,Partidos!$A$4:$A$107,0))),Puntuacion!$B$10,IF(AND($H10<>"",$H10=INDEX(Partidos!$K$4:$K$107,MATCH($A10,Partidos!$A$4:$A$107,0))),Puntuacion!$B$11,0)))))),"") | H10: =IFERROR(INDEX(Álvaro!H$4:H$107,MATCH($A10,Álvaro!$A$4:$A$107,0)),"") | I10: =IFERROR(INDEX(Partidos!$J$4:$J$107,MATCH($A10,Partidos!$A$4:$A$107,0)),"") | J10: =IF(AND(INDEX(Partidos!$J$4:$J$107,MATCH($A10,Partidos!$A$4:$A$107,0))<>"Grupos",INDEX(Partidos!$H$4:$H$107,MATCH($A10,Partidos!$A$4:$A$107,0))="Finalizado",$H10<>"",$H10=INDEX(Partidos!$K$4:$K$107,MATCH($A10,Partidos!$A$4:$A$107,0))),1,0)
A11: 3 | B11: =IFERROR(INDEX(Partidos!$D$4:$D$107,MATCH($A11,Partidos!$A$4:$A$107,0)),"") | C11: =IFERROR(INDEX(Partidos!$E$4:$E$107,MATCH($A11,Partidos!$A$4:$A$107,0)),"") | D11: Papá | E11: =IFERROR(INDEX(Papá!F$4:F$107,MATCH($A11,Papá!$A$4:$A$107,0)),"") | F11: =IFERROR(INDEX(Papá!G$4:G$107,MATCH($A11,Papá!$A$4:$A$107,0)),"") | G11: =IFERROR(IF(INDEX(Partidos!$H$4:$H$107,MATCH($A11,Partidos!$A$4:$A$107,0))<>"Finalizado","",IF(OR(NOT(ISNUMBER($E11)),NOT(ISNUMBER($F11))),"",IF(INDEX(Partidos!$J$4:$J$107,MATCH($A11,Partidos!$A$4:$A$107,0))="Grupos",IF(AND($E11=INDEX(Partidos!$F$4:$F$107,MATCH($A11,Partidos!$A$4:$A$107,0)),$F11=INDEX(Partidos!$G$4:$G$107,MATCH($A11,Partidos!$A$4:$A$107,0))),Puntuacion!$B$4,IF(($E11-$F11)=(INDEX(Partidos!$F$4:$F$107,MATCH($A11,Partidos!$A$4:$A$107,0))-INDEX(Partidos!$G$4:$G$107,MATCH($A11,Partidos!$A$4:$A$107,0))),Puntuacion!$B$5,IF(OR(AND($E11>$F11,INDEX(Partidos!$F$4:$F$107,MATCH($A11,Partidos!$A$4:$A$107,0))>INDEX(Partidos!$G$4:$G$107,MATCH($A11,Partidos!$A$4:$A$107,0))),AND($E11=$F11,INDEX(Partidos!$F$4:$F$107,MATCH($A11,Partidos!$A$4:$A$107,0))=INDEX(Partidos!$G$4:$G$107,MATCH($A11,Partidos!$A$4:$A$107,0))),AND($E11<$F11,INDEX(Partidos!$F$4:$F$107,MATCH($A11,Partidos!$A$4:$A$107,0))<INDEX(Partidos!$G$4:$G$107,MATCH($A11,Partidos!$A$4:$A$107,0)))),Puntuacion!$B$6,0))),IF(AND($E11=INDEX(Partidos!$F$4:$F$107,MATCH($A11,Partidos!$A$4:$A$107,0)),$F11=INDEX(Partidos!$G$4:$G$107,MATCH($A11,Partidos!$A$4:$A$107,0))),Puntuacion!$B$9,IF(($E11-$F11)=(INDEX(Partidos!$F$4:$F$107,MATCH($A11,Partidos!$A$4:$A$107,0))-INDEX(Partidos!$G$4:$G$107,MATCH($A11,Partidos!$A$4:$A$107,0))),Puntuacion!$B$10,IF(AND($H11<>"",$H11=INDEX(Partidos!$K$4:$K$107,MATCH($A11,Partidos!$A$4:$A$107,0))),Puntuacion!$B$11,0)))))),"") | H11: =IFERROR(INDEX(Papá!H$4:H$107,MATCH($A11,Papá!$A$4:$A$107,0)),"") | I11: =IFERROR(INDEX(Partidos!$J$4:$J$107,MATCH($A11,Partidos!$A$4:$A$107,0)),"") | J11: =IF(AND(INDEX(Partidos!$J$4:$J$107,MATCH($A11,Partidos!$A$4:$A$107,0))<>"Grupos",INDEX(Partidos!$H$4:$H$107,MATCH($A11,Partidos!$A$4:$A$107,0))="Finalizado",$H11<>"",$H11=INDEX(Partidos!$K$4:$K$107,MATCH($A11,Partidos!$A$4:$A$107,0))),1,0)
A12: 3 | B12: =IFERROR(INDEX(Partidos!$D$4:$D$107,MATCH($A12,Partidos!$A$4:$A$107,0)),"") | C12: =IFERROR(INDEX(Partidos!$E$4:$E$107,MATCH($A12,Partidos!$A$4:$A$107,0)),"") | D12: Diego | E12: =IFERROR(INDEX(Diego!F$4:F$107,MATCH($A12,Diego!$A$4:$A$107,0)),"") | F12: =IFERROR(INDEX(Diego!G$4:G$107,MATCH($A12,Diego!$A$4:$A$107,0)),"") | G12: =IFERROR(IF(INDEX(Partidos!$H$4:$H$107,MATCH($A12,Partidos!$A$4:$A$107,0))<>"Finalizado","",IF(OR(NOT(ISNUMBER($E12)),NOT(ISNUMBER($F12))),"",IF(INDEX(Partidos!$J$4:$J$107,MATCH($A12,Partidos!$A$4:$A$107,0))="Grupos",IF(AND($E12=INDEX(Partidos!$F$4:$F$107,MATCH($A12,Partidos!$A$4:$A$107,0)),$F12=INDEX(Partidos!$G$4:$G$107,MATCH($A12,Partidos!$A$4:$A$107,0))),Puntuacion!$B$4,IF(($E12-$F12)=(INDEX(Partidos!$F$4:$F$107,MATCH($A12,Partidos!$A$4:$A$107,0))-INDEX(Partidos!$G$4:$G$107,MATCH($A12,Partidos!$A$4:$A$107,0))),Puntuacion!$B$5,IF(OR(AND($E12>$F12,INDEX(Partidos!$F$4:$F$107,MATCH($A12,Partidos!$A$4:$A$107,0))>INDEX(Partidos!$G$4:$G$107,MATCH($A12,Partidos!$A$4:$A$107,0))),AND($E12=$F12,INDEX(Partidos!$F$4:$F$107,MATCH($A12,Partidos!$A$4:$A$107,0))=INDEX(Partidos!$G$4:$G$107,MATCH($A12,Partidos!$A$4:$A$107,0))),AND($E12<$F12,INDEX(Partidos!$F$4:$F$107,MATCH($A12,Partidos!$A$4:$A$107,0))<INDEX(Partidos!$G$4:$G$107,MATCH($A12,Partidos!$A$4:$A$107,0)))),Puntuacion!$B$6,0))),IF(AND($E12=INDEX(Partidos!$F$4:$F$107,MATCH($A12,Partidos!$A$4:$A$107,0)),$F12=INDEX(Partidos!$G$4:$G$107,MATCH($A12,Partidos!$A$4:$A$107,0))),Puntuacion!$B$9,IF(($E12-$F12)=(INDEX(Partidos!$F$4:$F$107,MATCH($A12,Partidos!$A$4:$A$107,0))-INDEX(Partidos!$G$4:$G$107,MATCH($A12,Partidos!$A$4:$A$107,0))),Puntuacion!$B$10,IF(AND($H12<>"",$H12=INDEX(Partidos!$K$4:$K$107,MATCH($A12,Partidos!$A$4:$A$107,0))),Puntuacion!$B$11,0)))))),"") | H12: =IFERROR(INDEX(Diego!H$4:H$107,MATCH($A12,Diego!$A$4:$A$107,0)),"") | I12: =IFERROR(INDEX(Partidos!$J$4:$J$107,MATCH($A12,Partidos!$A$4:$A$107,0)),"") | J12: =IF(AND(INDEX(Partidos!$J$4:$J$107,MATCH($A12,Partidos!$A$4:$A$107,0))<>"Grupos",INDEX(Partidos!$H$4:$H$107,MATCH($A12,Partidos!$A$4:$A$107,0))="Finalizado",$H12<>"",$H12=INDEX(Partidos!$K$4:$K$107,MATCH($A12,Partidos!$A$4:$A$107,0))),1,0)
A13: 4 | B13: =IFERROR(INDEX(Partidos!$D$4:$D$107,MATCH($A13,Partidos!$A$4:$A$107,0)),"") | C13: =IFERROR(INDEX(Partidos!$E$4:$E$107,MATCH($A13,Partidos!$A$4:$A$107,0)),"") | D13: Álvaro | E13: =IFERROR(INDEX(Álvaro!F$4:F$107,MATCH($A13,Álvaro!$A$4:$A$107,0)),"") | F13: =IFERROR(INDEX(Álvaro!G$4:G$107,MATCH($A13,Álvaro!$A$4:$A$107,0)),"") | G13: =IFERROR(IF(INDEX(Partidos!$H$4:$H$107,MATCH($A13,Partidos!$A$4:$A$107,0))<>"Finalizado","",IF(OR(NOT(ISNUMBER($E13)),NOT(ISNUMBER($F13))),"",IF(INDEX(Partidos!$J$4:$J$107,MATCH($A13,Partidos!$A$4:$A$107,0))="Grupos",IF(AND($E13=INDEX(Partidos!$F$4:$F$107,MATCH($A13,Partidos!$A$4:$A$107,0)),$F13=INDEX(Partidos!$G$4:$G$107,MATCH($A13,Partidos!$A$4:$A$107,0))),Puntuacion!$B$4,IF(($E13-$F13)=(INDEX(Partidos!$F$4:$F$107,MATCH($A13,Partidos!$A$4:$A$107,0))-INDEX(Partidos!$G$4:$G$107,MATCH($A13,Partidos!$A$4:$A$107,0))),Puntuacion!$B$5,IF(OR(AND($E13>$F13,INDEX(Partidos!$F$4:$F$107,MATCH($A13,Partidos!$A$4:$A$107,0))>INDEX(Partidos!$G$4:$G$107,MATCH($A13,Partidos!$A$4:$A$107,0))),AND($E13=$F13,INDEX(Partidos!$F$4:$F$107,MATCH($A13,Partidos!$A$4:$A$107,0))=INDEX(Partidos!$G$4:$G$107,MATCH($A13,Partidos!$A$4:$A$107,0))),AND($E13<$F13,INDEX(Partidos!$F$4:$F$107,MATCH($A13,Partidos!$A$4:$A$107,0))<INDEX(Partidos!$G$4:$G$107,MATCH($A13,Partidos!$A$4:$A$107,0)))),Puntuacion!$B$6,0))),IF(AND($E13=INDEX(Partidos!$F$4:$F$107,MATCH($A13,Partidos!$A$4:$A$107,0)),$F13=INDEX(Partidos!$G$4:$G$107,MATCH($A13,Partidos!$A$4:$A$107,0))),Puntuacion!$B$9,IF(($E13-$F13)=(INDEX(Partidos!$F$4:$F$107,MATCH($A13,Partidos!$A$4:$A$107,0))-INDEX(Partidos!$G$4:$G$107,MATCH($A13,Partidos!$A$4:$A$107,0))),Puntuacion!$B$10,IF(AND($H13<>"",$H13=INDEX(Partidos!$K$4:$K$107,MATCH($A13,Partidos!$A$4:$A$107,0))),Puntuacion!$B$11,0)))))),"") | H13: =IFERROR(INDEX(Álvaro!H$4:H$107,MATCH($A13,Álvaro!$A$4:$A$107,0)),"") | I13: =IFERROR(INDEX(Partidos!$J$4:$J$107,MATCH($A13,Partidos!$A$4:$A$107,0)),"") | J13: =IF(AND(INDEX(Partidos!$J$4:$J$107,MATCH($A13,Partidos!$A$4:$A$107,0))<>"Grupos",INDEX(Partidos!$H$4:$H$107,MATCH($A13,Partidos!$A$4:$A$107,0))="Finalizado",$H13<>"",$H13=INDEX(Partidos!$K$4:$K$107,MATCH($A13,Partidos!$A$4:$A$107,0))),1,0)
A14: 4 | B14: =IFERROR(INDEX(Partidos!$D$4:$D$107,MATCH($A14,Partidos!$A$4:$A$107,0)),"") | C14: =IFERROR(INDEX(Partidos!$E$4:$E$107,MATCH($A14,Partidos!$A$4:$A$107,0)),"") | D14: Papá | E14: =IFERROR(INDEX(Papá!F$4:F$107,MATCH($A14,Papá!$A$4:$A$107,0)),"") | F14: =IFERROR(INDEX(Papá!G$4:G$107,MATCH($A14,Papá!$A$4:$A$107,0)),"") | G14: =IFERROR(IF(INDEX(Partidos!$H$4:$H$107,MATCH($A14,Partidos!$A$4:$A$107,0))<>"Finalizado","",IF(OR(NOT(ISNUMBER($E14)),NOT(ISNUMBER($F14))),"",IF(INDEX(Partidos!$J$4:$J$107,MATCH($A14,Partidos!$A$4:$A$107,0))="Grupos",IF(AND($E14=INDEX(Partidos!$F$4:$F$107,MATCH($A14,Partidos!$A$4:$A$107,0)),$F14=INDEX(Partidos!$G$4:$G$107,MATCH($A14,Partidos!$A$4:$A$107,0))),Puntuacion!$B$4,IF(($E14-$F14)=(INDEX(Partidos!$F$4:$F$107,MATCH($A14,Partidos!$A$4:$A$107,0))-INDEX(Partidos!$G$4:$G$107,MATCH($A14,Partidos!$A$4:$A$107,0))),Puntuacion!$B$5,IF(OR(AND($E14>$F14,INDEX(Partidos!$F$4:$F$107,MATCH($A14,Partidos!$A$4:$A$107,0))>INDEX(Partidos!$G$4:$G$107,MATCH($A14,Partidos!$A$4:$A$107,0))),AND($E14=$F14,INDEX(Partidos!$F$4:$F$107,MATCH($A14,Partidos!$A$4:$A$107,0))=INDEX(Partidos!$G$4:$G$107,MATCH($A14,Partidos!$A$4:$A$107,0))),AND($E14<$F14,INDEX(Partidos!$F$4:$F$107,MATCH($A14,Partidos!$A$4:$A$107,0))<INDEX(Partidos!$G$4:$G$107,MATCH($A14,Partidos!$A$4:$A$107,0)))),Puntuacion!$B$6,0))),IF(AND($E14=INDEX(Partidos!$F$4:$F$107,MATCH($A14,Partidos!$A$4:$A$107,0)),$F14=INDEX(Partidos!$G$4:$G$107,MATCH($A14,Partidos!$A$4:$A$107,0))),Puntuacion!$B$9,IF(($E14-$F14)=(INDEX(Partidos!$F$4:$F$107,MATCH($A14,Partidos!$A$4:$A$107,0))-INDEX(Partidos!$G$4:$G$107,MATCH($A14,Partidos!$A$4:$A$107,0))),Puntuacion!$B$10,IF(AND($H14<>"",$H14=INDEX(Partidos!$K$4:$K$107,MATCH($A14,Partidos!$A$4:$A$107,0))),Puntuacion!$B$11,0)))))),"") | H14: =IFERROR(INDEX(Papá!H$4:H$107,MATCH($A14,Papá!$A$4:$A$107,0)),"") | I14: =IFERROR(INDEX(Partidos!$J$4:$J$107,MATCH($A14,Partidos!$A$4:$A$107,0)),"") | J14: =IF(AND(INDEX(Partidos!$J$4:$J$107,MATCH($A14,Partidos!$A$4:$A$107,0))<>"Grupos",INDEX(Partidos!$H$4:$H$107,MATCH($A14,Partidos!$A$4:$A$107,0))="Finalizado",$H14<>"",$H14=INDEX(Partidos!$K$4:$K$107,MATCH($A14,Partidos!$A$4:$A$107,0))),1,0)
A15: 4 | B15: =IFERROR(INDEX(Partidos!$D$4:$D$107,MATCH($A15,Partidos!$A$4:$A$107,0)),"") | C15: =IFERROR(INDEX(Partidos!$E$4:$E$107,MATCH($A15,Partidos!$A$4:$A$107,0)),"") | D15: Diego | E15: =IFERROR(INDEX(Diego!F$4:F$107,MATCH($A15,Diego!$A$4:$A$107,0)),"") | F15: =IFERROR(INDEX(Diego!G$4:G$107,MATCH($A15,Diego!$A$4:$A$107,0)),"") | G15: =IFERROR(IF(INDEX(Partidos!$H$4:$H$107,MATCH($A15,Partidos!$A$4:$A$107,0))<>"Finalizado","",IF(OR(NOT(ISNUMBER($E15)),NOT(ISNUMBER($F15))),"",IF(INDEX(Partidos!$J$4:$J$107,MATCH($A15,Partidos!$A$4:$A$107,0))="Grupos",IF(AND($E15=INDEX(Partidos!$F$4:$F$107,MATCH($A15,Partidos!$A$4:$A$107,0)),$F15=INDEX(Partidos!$G$4:$G$107,MATCH($A15,Partidos!$A$4:$A$107,0))),Puntuacion!$B$4,IF(($E15-$F15)=(INDEX(Partidos!$F$4:$F$107,MATCH($A15,Partidos!$A$4:$A$107,0))-INDEX(Partidos!$G$4:$G$107,MATCH($A15,Partidos!$A$4:$A$107,0))),Puntuacion!$B$5,IF(OR(AND($E15>$F15,INDEX(Partidos!$F$4:$F$107,MATCH($A15,Partidos!$A$4:$A$107,0))>INDEX(Partidos!$G$4:$G$107,MATCH($A15,Partidos!$A$4:$A$107,0))),AND($E15=$F15,INDEX(Partidos!$F$4:$F$107,MATCH($A15,Partidos!$A$4:$A$107,0))=INDEX(Partidos!$G$4:$G$107,MATCH($A15,Partidos!$A$4:$A$107,0))),AND($E15<$F15,INDEX(Partidos!$F$4:$F$107,MATCH($A15,Partidos!$A$4:$A$107,0))<INDEX(Partidos!$G$4:$G$107,MATCH($A15,Partidos!$A$4:$A$107,0)))),Puntuacion!$B$6,0))),IF(AND($E15=INDEX(Partidos!$F$4:$F$107,MATCH($A15,Partidos!$A$4:$A$107,0)),$F15=INDEX(Partidos!$G$4:$G$107,MATCH($A15,Partidos!$A$4:$A$107,0))),Puntuacion!$B$9,IF(($E15-$F15)=(INDEX(Partidos!$F$4:$F$107,MATCH($A15,Partidos!$A$4:$A$107,0))-INDEX(Partidos!$G$4:$G$107,MATCH($A15,Partidos!$A$4:$A$107,0))),Puntuacion!$B$10,IF(AND($H15<>"",$H15=INDEX(Partidos!$K$4:$K$107,MATCH($A15,Partidos!$A$4:$A$107,0))),Puntuacion!$B$11,0)))))),"") | H15: =IFERROR(INDEX(Diego!H$4:H$107,MATCH($A15,Diego!$A$4:$A$107,0)),"") | I15: =IFERROR(INDEX(Partidos!$J$4:$J$107,MATCH($A15,Partidos!$A$4:$A$107,0)),"") | J15: =IF(AND(INDEX(Partidos!$J$4:$J$107,MATCH($A15,Partidos!$A$4:$A$107,0))<>"Grupos",INDEX(Partidos!$H$4:$H$107,MATCH($A15,Partidos!$A$4:$A$107,0))="Finalizado",$H15<>"",$H15=INDEX(Partidos!$K$4:$K$107,MATCH($A15,Partidos!$A$4:$A$107,0))),1,0)
A16: 5 | B16: =IFERROR(INDEX(Partidos!$D$4:$D$107,MATCH($A16,Partidos!$A$4:$A$107,0)),"") | C16: =IFERROR(INDEX(Partidos!$E$4:$E$107,MATCH($A16,Partidos!$A$4:$A$107,0)),"") | D16: Álvaro | E16: =IFERROR(INDEX(Álvaro!F$4:F$107,MATCH($A16,Álvaro!$A$4:$A$107,0)),"") | F16: =IFERROR(INDEX(Álvaro!G$4:G$107,MATCH($A16,Álvaro!$A$4:$A$107,0)),"") | G16: =IFERROR(IF(INDEX(Partidos!$H$4:$H$107,MATCH($A16,Partidos!$A$4:$A$107,0))<>"Finalizado","",IF(OR(NOT(ISNUMBER($E16)),NOT(ISNUMBER($F16))),"",IF(INDEX(Partidos!$J$4:$J$107,MATCH($A16,Partidos!$A$4:$A$107,0))="Grupos",IF(AND($E16=INDEX(Partidos!$F$4:$F$107,MATCH($A16,Partidos!$A$4:$A$107,0)),$F16=INDEX(Partidos!$G$4:$G$107,MATCH($A16,Partidos!$A$4:$A$107,0))),Puntuacion!$B$4,IF(($E16-$F16)=(INDEX(Partidos!$F$4:$F$107,MATCH($A16,Partidos!$A$4:$A$107,0))-INDEX(Partidos!$G$4:$G$107,MATCH($A16,Partidos!$A$4:$A$107,0))),Puntuacion!$B$5,IF(OR(AND($E16>$F16,INDEX(Partidos!$F$4:$F$107,MATCH($A16,Partidos!$A$4:$A$107,0))>INDEX(Partidos!$G$4:$G$107,MATCH($A16,Partidos!$A$4:$A$107,0))),AND($E16=$F16,INDEX(Partidos!$F$4:$F$107,MATCH($A16,Partidos!$A$4:$A$107,0))=INDEX(Partidos!$G$4:$G$107,MATCH($A16,Partidos!$A$4:$A$107,0))),AND($E16<$F16,INDEX(Partidos!$F$4:$F$107,MATCH($A16,Partidos!$A$4:$A$107,0))<INDEX(Partidos!$G$4:$G$107,MATCH($A16,Partidos!$A$4:$A$107,0)))),Puntuacion!$B$6,0))),IF(AND($E16=INDEX(Partidos!$F$4:$F$107,MATCH($A16,Partidos!$A$4:$A$107,0)),$F16=INDEX(Partidos!$G$4:$G$107,MATCH($A16,Partidos!$A$4:$A$107,0))),Puntuacion!$B$9,IF(($E16-$F16)=(INDEX(Partidos!$F$4:$F$107,MATCH($A16,Partidos!$A$4:$A$107,0))-INDEX(Partidos!$G$4:$G$107,MATCH($A16,Partidos!$A$4:$A$107,0))),Puntuacion!$B$10,IF(AND($H16<>"",$H16=INDEX(Partidos!$K$4:$K$107,MATCH($A16,Partidos!$A$4:$A$107,0))),Puntuacion!$B$11,0)))))),"") | H16: =IFERROR(INDEX(Álvaro!H$4:H$107,MATCH($A16,Álvaro!$A$4:$A$107,0)),"") | I16: =IFERROR(INDEX(Partidos!$J$4:$J$107,MATCH($A16,Partidos!$A$4:$A$107,0)),"") | J16: =IF(AND(INDEX(Partidos!$J$4:$J$107,MATCH($A16,Partidos!$A$4:$A$107,0))<>"Grupos",INDEX(Partidos!$H$4:$H$107,MATCH($A16,Partidos!$A$4:$A$107,0))="Finalizado",$H16<>"",$H16=INDEX(Partidos!$K$4:$K$107,MATCH($A16,Partidos!$A$4:$A$107,0))),1,0)
A17: 5 | B17: =IFERROR(INDEX(Partidos!$D$4:$D$107,MATCH($A17,Partidos!$A$4:$A$107,0)),"") | C17: =IFERROR(INDEX(Partidos!$E$4:$E$107,MATCH($A17,Partidos!$A$4:$A$107,0)),"") | D17: Papá | E17: =IFERROR(INDEX(Papá!F$4:F$107,MATCH($A17,Papá!$A$4:$A$107,0)),"") | F17: =IFERROR(INDEX(Papá!G$4:G$107,MATCH($A17,Papá!$A$4:$A$107,0)),"") | G17: =IFERROR(IF(INDEX(Partidos!$H$4:$H$107,MATCH($A17,Partidos!$A$4:$A$107,0))<>"Finalizado","",IF(OR(NOT(ISNUMBER($E17)),NOT(ISNUMBER($F17))),"",IF(INDEX(Partidos!$J$4:$J$107,MATCH($A17,Partidos!$A$4:$A$107,0))="Grupos",IF(AND($E17=INDEX(Partidos!$F$4:$F$107,MATCH($A17,Partidos!$A$4:$A$107,0)),$F17=INDEX(Partidos!$G$4:$G$107,MATCH($A17,Partidos!$A$4:$A$107,0))),Puntuacion!$B$4,IF(($E17-$F17)=(INDEX(Partidos!$F$4:$F$107,MATCH($A17,Partidos!$A$4:$A$107,0))-INDEX(Partidos!$G$4:$G$107,MATCH($A17,Partidos!$A$4:$A$107,0))),Puntuacion!$B$5,IF(OR(AND($E17>$F17,INDEX(Partidos!$F$4:$F$107,MATCH($A17,Partidos!$A$4:$A$107,0))>INDEX(Partidos!$G$4:$G$107,MATCH($A17,Partidos!$A$4:$A$107,0))),AND($E17=$F17,INDEX(Partidos!$F$4:$F$107,MATCH($A17,Partidos!$A$4:$A$107,0))=INDEX(Partidos!$G$4:$G$107,MATCH($A17,Partidos!$A$4:$A$107,0))),AND($E17<$F17,INDEX(Partidos!$F$4:$F$107,MATCH($A17,Partidos!$A$4:$A$107,0))<INDEX(Partidos!$G$4:$G$107,MATCH($A17,Partidos!$A$4:$A$107,0)))),Puntuacion!$B$6,0))),IF(AND($E17=INDEX(Partidos!$F$4:$F$107,MATCH($A17,Partidos!$A$4:$A$107,0)),$F17=INDEX(Partidos!$G$4:$G$107,MATCH($A17,Partidos!$A$4:$A$107,0))),Puntuacion!$B$9,IF(($E17-$F17)=(INDEX(Partidos!$F$4:$F$107,MATCH($A17,Partidos!$A$4:$A$107,0))-INDEX(Partidos!$G$4:$G$107,MATCH($A17,Partidos!$A$4:$A$107,0))),Puntuacion!$B$10,IF(AND($H17<>"",$H17=INDEX(Partidos!$K$4:$K$107,MATCH($A17,Partidos!$A$4:$A$107,0))),Puntuacion!$B$11,0)))))),"") | H17: =IFERROR(INDEX(Papá!H$4:H$107,MATCH($A17,Papá!$A$4:$A$107,0)),"") | I17: =IFERROR(INDEX(Partidos!$J$4:$J$107,MATCH($A17,Partidos!$A$4:$A$107,0)),"") | J17: =IF(AND(INDEX(Partidos!$J$4:$J$107,MATCH($A17,Partidos!$A$4:$A$107,0))<>"Grupos",INDEX(Partidos!$H$4:$H$107,MATCH($A17,Partidos!$A$4:$A$107,0))="Finalizado",$H17<>"",$H17=INDEX(Partidos!$K$4:$K$107,MATCH($A17,Partidos!$A$4:$A$107,0))),1,0)
A18: 5 | B18: =IFERROR(INDEX(Partidos!$D$4:$D$107,MATCH($A18,Partidos!$A$4:$A$107,0)),"") | C18: =IFERROR(INDEX(Partidos!$E$4:$E$107,MATCH($A18,Partidos!$A$4:$A$107,0)),"") | D18: Diego | E18: =IFERROR(INDEX(Diego!F$4:F$107,MATCH($A18,Diego!$A$4:$A$107,0)),"") | F18: =IFERROR(INDEX(Diego!G$4:G$107,MATCH($A18,Diego!$A$4:$A$107,0)),"") | G18: =IFERROR(IF(INDEX(Partidos!$H$4:$H$107,MATCH($A18,Partidos!$A$4:$A$107,0))<>"Finalizado","",IF(OR(NOT(ISNUMBER($E18)),NOT(ISNUMBER($F18))),"",IF(INDEX(Partidos!$J$4:$J$107,MATCH($A18,Partidos!$A$4:$A$107,0))="Grupos",IF(AND($E18=INDEX(Partidos!$F$4:$F$107,MATCH($A18,Partidos!$A$4:$A$107,0)),$F18=INDEX(Partidos!$G$4:$G$107,MATCH($A18,Partidos!$A$4:$A$107,0))),Puntuacion!$B$4,IF(($E18-$F18)=(INDEX(Partidos!$F$4:$F$107,MATCH($A18,Partidos!$A$4:$A$107,0))-INDEX(Partidos!$G$4:$G$107,MATCH($A18,Partidos!$A$4:$A$107,0))),Puntuacion!$B$5,IF(OR(AND($E18>$F18,INDEX(Partidos!$F$4:$F$107,MATCH($A18,Partidos!$A$4:$A$107,0))>INDEX(Partidos!$G$4:$G$107,MATCH($A18,Partidos!$A$4:$A$107,0))),AND($E18=$F18,INDEX(Partidos!$F$4:$F$107,MATCH($A18,Partidos!$A$4:$A$107,0))=INDEX(Partidos!$G$4:$G$107,MATCH($A18,Partidos!$A$4:$A$107,0))),AND($E18<$F18,INDEX(Partidos!$F$4:$F$107,MATCH($A18,Partidos!$A$4:$A$107,0))<INDEX(Partidos!$G$4:$G$107,MATCH($A18,Partidos!$A$4:$A$107,0)))),Puntuacion!$B$6,0))),IF(AND($E18=INDEX(Partidos!$F$4:$F$107,MATCH($A18,Partidos!$A$4:$A$107,0)),$F18=INDEX(Partidos!$G$4:$G$107,MATCH($A18,Partidos!$A$4:$A$107,0))),Puntuacion!$B$9,IF(($E18-$F18)=(INDEX(Partidos!$F$4:$F$107,MATCH($A18,Partidos!$A$4:$A$107,0))-INDEX(Partidos!$G$4:$G$107,MATCH($A18,Partidos!$A$4:$A$107,0))),Puntuacion!$B$10,IF(AND($H18<>"",$H18=INDEX(Partidos!$K$4:$K$107,MATCH($A18,Partidos!$A$4:$A$107,0))),Puntuacion!$B$11,0)))))),"") | H18: =IFERROR(INDEX(Diego!H$4:H$107,MATCH($A18,Diego!$A$4:$A$107,0)),"") | I18: =IFERROR(INDEX(Partidos!$J$4:$J$107,MATCH($A18,Partidos!$A$4:$A$107,0)),"") | J18: =IF(AND(INDEX(Partidos!$J$4:$J$107,MATCH($A18,Partidos!$A$4:$A$107,0))<>"Grupos",INDEX(Partidos!$H$4:$H$107,MATCH($A18,Partidos!$A$4:$A$107,0))="Finalizado",$H18<>"",$H18=INDEX(Partidos!$K$4:$K$107,MATCH($A18,Partidos!$A$4:$A$107,0))),1,0)
A19: 6 | B19: =IFERROR(INDEX(Partidos!$D$4:$D$107,MATCH($A19,Partidos!$A$4:$A$107,0)),"") | C19: =IFERROR(INDEX(Partidos!$E$4:$E$107,MATCH($A19,Partidos!$A$4:$A$107,0)),"") | D19: Álvaro | E19: =IFERROR(INDEX(Álvaro!F$4:F$107,MATCH($A19,Álvaro!$A$4:$A$107,0)),"") | F19: =IFERROR(INDEX(Álvaro!G$4:G$107,MATCH($A19,Álvaro!$A$4:$A$107,0)),"") | G19: =IFERROR(IF(INDEX(Partidos!$H$4:$H$107,MATCH($A19,Partidos!$A$4:$A$107,0))<>"Finalizado","",IF(OR(NOT(ISNUMBER($E19)),NOT(ISNUMBER($F19))),"",IF(INDEX(Partidos!$J$4:$J$107,MATCH($A19,Partidos!$A$4:$A$107,0))="Grupos",IF(AND($E19=INDEX(Partidos!$F$4:$F$107,MATCH($A19,Partidos!$A$4:$A$107,0)),$F19=INDEX(Partidos!$G$4:$G$107,MATCH($A19,Partidos!$A$4:$A$107,0))),Puntuacion!$B$4,IF(($E19-$F19)=(INDEX(Partidos!$F$4:$F$107,MATCH($A19,Partidos!$A$4:$A$107,0))-INDEX(Partidos!$G$4:$G$107,MATCH($A19,Partidos!$A$4:$A$107,0))),Puntuacion!$B$5,IF(OR(AND($E19>$F19,INDEX(Partidos!$F$4:$F$107,MATCH($A19,Partidos!$A$4:$A$107,0))>INDEX(Partidos!$G$4:$G$107,MATCH($A19,Partidos!$A$4:$A$107,0))),AND($E19=$F19,INDEX(Partidos!$F$4:$F$107,MATCH($A19,Partidos!$A$4:$A$107,0))=INDEX(Partidos!$G$4:$G$107,MATCH($A19,Partidos!$A$4:$A$107,0))),AND($E19<$F19,INDEX(Partidos!$F$4:$F$107,MATCH($A19,Partidos!$A$4:$A$107,0))<INDEX(Partidos!$G$4:$G$107,MATCH($A19,Partidos!$A$4:$A$107,0)))),Puntuacion!$B$6,0))),IF(AND($E19=INDEX(Partidos!$F$4:$F$107,MATCH($A19,Partidos!$A$4:$A$107,0)),$F19=INDEX(Partidos!$G$4:$G$107,MATCH($A19,Partidos!$A$4:$A$107,0))),Puntuacion!$B$9,IF(($E19-$F19)=(INDEX(Partidos!$F$4:$F$107,MATCH($A19,Partidos!$A$4:$A$107,0))-INDEX(Partidos!$G$4:$G$107,MATCH($A19,Partidos!$A$4:$A$107,0))),Puntuacion!$B$10,IF(AND($H19<>"",$H19=INDEX(Partidos!$K$4:$K$107,MATCH($A19,Partidos!$A$4:$A$107,0))),Puntuacion!$B$11,0)))))),"") | H19: =IFERROR(INDEX(Álvaro!H$4:H$107,MATCH($A19,Álvaro!$A$4:$A$107,0)),"") | I19: =IFERROR(INDEX(Partidos!$J$4:$J$107,MATCH($A19,Partidos!$A$4:$A$107,0)),"") | J19: =IF(AND(INDEX(Partidos!$J$4:$J$107,MATCH($A19,Partidos!$A$4:$A$107,0))<>"Grupos",INDEX(Partidos!$H$4:$H$107,MATCH($A19,Partidos!$A$4:$A$107,0))="Finalizado",$H19<>"",$H19=INDEX(Partidos!$K$4:$K$107,MATCH($A19,Partidos!$A$4:$A$107,0))),1,0)
A20: 6 | B20: =IFERROR(INDEX(Partidos!$D$4:$D$107,MATCH($A20,Partidos!$A$4:$A$107,0)),"") | C20: =IFERROR(INDEX(Partidos!$E$4:$E$107,MATCH($A20,Partidos!$A$4:$A$107,0)),"") | D20: Papá | E20: =IFERROR(INDEX(Papá!F$4:F$107,MATCH($A20,Papá!$A$4:$A$107,0)),"") | F20: =IFERROR(INDEX(Papá!G$4:G$107,MATCH($A20,Papá!$A$4:$A$107,0)),"") | G20: =IFERROR(IF(INDEX(Partidos!$H$4:$H$107,MATCH($A20,Partidos!$A$4:$A$107,0))<>"Finalizado","",IF(OR(NOT(ISNUMBER($E20)),NOT(ISNUMBER($F20))),"",IF(INDEX(Partidos!$J$4:$J$107,MATCH($A20,Partidos!$A$4:$A$107,0))="Grupos",IF(AND($E20=INDEX(Partidos!$F$4:$F$107,MATCH($A20,Partidos!$A$4:$A$107,0)),$F20=INDEX(Partidos!$G$4:$G$107,MATCH($A20,Partidos!$A$4:$A$107,0))),Puntuacion!$B$4,IF(($E20-$F20)=(INDEX(Partidos!$F$4:$F$107,MATCH($A20,Partidos!$A$4:$A$107,0))-INDEX(Partidos!$G$4:$G$107,MATCH($A20,Partidos!$A$4:$A$107,0))),Puntuacion!$B$5,IF(OR(AND($E20>$F20,INDEX(Partidos!$F$4:$F$107,MATCH($A20,Partidos!$A$4:$A$107,0))>INDEX(Partidos!$G$4:$G$107,MATCH($A20,Partidos!$A$4:$A$107,0))),AND($E20=$F20,INDEX(Partidos!$F$4:$F$107,MATCH($A20,Partidos!$A$4:$A$107,0))=INDEX(Partidos!$G$4:$G$107,MATCH($A20,Partidos!$A$4:$A$107,0))),AND($E20<$F20,INDEX(Partidos!$F$4:$F$107,MATCH($A20,Partidos!$A$4:$A$107,0))<INDEX(Partidos!$G$4:$G$107,MATCH($A20,Partidos!$A$4:$A$107,0)))),Puntuacion!$B$6,0))),IF(AND($E20=INDEX(Partidos!$F$4:$F$107,MATCH($A20,Partidos!$A$4:$A$107,0)),$F20=INDEX(Partidos!$G$4:$G$107,MATCH($A20,Partidos!$A$4:$A$107,0))),Puntuacion!$B$9,IF(($E20-$F20)=(INDEX(Partidos!$F$4:$F$107,MATCH($A20,Partidos!$A$4:$A$107,0))-INDEX(Partidos!$G$4:$G$107,MATCH($A20,Partidos!$A$4:$A$107,0))),Puntuacion!$B$10,IF(AND($H20<>"",$H20=INDEX(Partidos!$K$4:$K$107,MATCH($A20,Partidos!$A$4:$A$107,0))),Puntuacion!$B$11,0)))))),"") | H20: =IFERROR(INDEX(Papá!H$4:H$107,MATCH($A20,Papá!$A$4:$A$107,0)),"") | I20: =IFERROR(INDEX(Partidos!$J$4:$J$107,MATCH($A20,Partidos!$A$4:$A$107,0)),"") | J20: =IF(AND(INDEX(Partidos!$J$4:$J$107,MATCH($A20,Partidos!$A$4:$A$107,0))<>"Grupos",INDEX(Partidos!$H$4:$H$107,MATCH($A20,Partidos!$A$4:$A$107,0))="Finalizado",$H20<>"",$H20=INDEX(Partidos!$K$4:$K$107,MATCH($A20,Partidos!$A$4:$A$107,0))),1,0)
A21: 6 | B21: =IFERROR(INDEX(Partidos!$D$4:$D$107,MATCH($A21,Partidos!$A$4:$A$107,0)),"") | C21: =IFERROR(INDEX(Partidos!$E$4:$E$107,MATCH($A21,Partidos!$A$4:$A$107,0)),"") | D21: Diego | E21: =IFERROR(INDEX(Diego!F$4:F$107,MATCH($A21,Diego!$A$4:$A$107,0)),"") | F21: =IFERROR(INDEX(Diego!G$4:G$107,MATCH($A21,Diego!$A$4:$A$107,0)),"") | G21: =IFERROR(IF(INDEX(Partidos!$H$4:$H$107,MATCH($A21,Partidos!$A$4:$A$107,0))<>"Finalizado","",IF(OR(NOT(ISNUMBER($E21)),NOT(ISNUMBER($F21))),"",IF(INDEX(Partidos!$J$4:$J$107,MATCH($A21,Partidos!$A$4:$A$107,0))="Grupos",IF(AND($E21=INDEX(Partidos!$F$4:$F$107,MATCH($A21,Partidos!$A$4:$A$107,0)),$F21=INDEX(Partidos!$G$4:$G$107,MATCH($A21,Partidos!$A$4:$A$107,0))),Puntuacion!$B$4,IF(($E21-$F21)=(INDEX(Partidos!$F$4:$F$107,MATCH($A21,Partidos!$A$4:$A$107,0))-INDEX(Partidos!$G$4:$G$107,MATCH($A21,Partidos!$A$4:$A$107,0))),Puntuacion!$B$5,IF(OR(AND($E21>$F21,INDEX(Partidos!$F$4:$F$107,MATCH($A21,Partidos!$A$4:$A$107,0))>INDEX(Partidos!$G$4:$G$107,MATCH($A21,Partidos!$A$4:$A$107,0))),AND($E21=$F21,INDEX(Partidos!$F$4:$F$107,MATCH($A21,Partidos!$A$4:$A$107,0))=INDEX(Partidos!$G$4:$G$107,MATCH($A21,Partidos!$A$4:$A$107,0))),AND($E21<$F21,INDEX(Partidos!$F$4:$F$107,MATCH($A21,Partidos!$A$4:$A$107,0))<INDEX(Partidos!$G$4:$G$107,MATCH($A21,Partidos!$A$4:$A$107,0)))),Puntuacion!$B$6,0))),IF(AND($E21=INDEX(Partidos!$F$4:$F$107,MATCH($A21,Partidos!$A$4:$A$107,0)),$F21=INDEX(Partidos!$G$4:$G$107,MATCH($A21,Partidos!$A$4:$A$107,0))),Puntuacion!$B$9,IF(($E21-$F21)=(INDEX(Partidos!$F$4:$F$107,MATCH($A21,Partidos!$A$4:$A$107,0))-INDEX(Partidos!$G$4:$G$107,MATCH($A21,Partidos!$A$4:$A$107,0))),Puntuacion!$B$10,IF(AND($H21<>"",$H21=INDEX(Partidos!$K$4:$K$107,MATCH($A21,Partidos!$A$4:$A$107,0))),Puntuacion!$B$11,0)))))),"") | H21: =IFERROR(INDEX(Diego!H$4:H$107,MATCH($A21,Diego!$A$4:$A$107,0)),"") | I21: =IFERROR(INDEX(Partidos!$J$4:$J$107,MATCH($A21,Partidos!$A$4:$A$107,0)),"") | J21: =IF(AND(INDEX(Partidos!$J$4:$J$107,MATCH($A21,Partidos!$A$4:$A$107,0))<>"Grupos",INDEX(Partidos!$H$4:$H$107,MATCH($A21,Partidos!$A$4:$A$107,0))="Finalizado",$H21<>"",$H21=INDEX(Partidos!$K$4:$K$107,MATCH($A21,Partidos!$A$4:$A$107,0))),1,0)
A22: 7 | B22: =IFERROR(INDEX(Partidos!$D$4:$D$107,MATCH($A22,Partidos!$A$4:$A$107,0)),"") | C22: =IFERROR(INDEX(Partidos!$E$4:$E$107,MATCH($A22,Partidos!$A$4:$A$107,0)),"") | D22: Álvaro | E22: =IFERROR(INDEX(Álvaro!F$4:F$107,MATCH($A22,Álvaro!$A$4:$A$107,0)),"") | F22: =IFERROR(INDEX(Álvaro!G$4:G$107,MATCH($A22,Álvaro!$A$4:$A$107,0)),"") | G22: =IFERROR(IF(INDEX(Partidos!$H$4:$H$107,MATCH($A22,Partidos!$A$4:$A$107,0))<>"Finalizado","",IF(OR(NOT(ISNUMBER($E22)),NOT(ISNUMBER($F22))),"",IF(INDEX(Partidos!$J$4:$J$107,MATCH($A22,Partidos!$A$4:$A$107,0))="Grupos",IF(AND($E22=INDEX(Partidos!$F$4:$F$107,MATCH($A22,Partidos!$A$4:$A$107,0)),$F22=INDEX(Partidos!$G$4:$G$107,MATCH($A22,Partidos!$A$4:$A$107,0))),Puntuacion!$B$4,IF(($E22-$F22)=(INDEX(Partidos!$F$4:$F$107,MATCH($A22,Partidos!$A$4:$A$107,0))-INDEX(Partidos!$G$4:$G$107,MATCH($A22,Partidos!$A$4:$A$107,0))),Puntuacion!$B$5,IF(OR(AND($E22>$F22,INDEX(Partidos!$F$4:$F$107,MATCH($A22,Partidos!$A$4:$A$107,0))>INDEX(Partidos!$G$4:$G$107,MATCH($A22,Partidos!$A$4:$A$107,0))),AND($E22=$F22,INDEX(Partidos!$F$4:$F$107,MATCH($A22,Partidos!$A$4:$A$107,0))=INDEX(Partidos!$G$4:$G$107,MATCH($A22,Partidos!$A$4:$A$107,0))),AND($E22<$F22,INDEX(Partidos!$F$4:$F$107,MATCH($A22,Partidos!$A$4:$A$107,0))<INDEX(Partidos!$G$4:$G$107,MATCH($A22,Partidos!$A$4:$A$107,0)))),Puntuacion!$B$6,0))),IF(AND($E22=INDEX(Partidos!$F$4:$F$107,MATCH($A22,Partidos!$A$4:$A$107,0)),$F22=INDEX(Partidos!$G$4:$G$107,MATCH($A22,Partidos!$A$4:$A$107,0))),Puntuacion!$B$9,IF(($E22-$F22)=(INDEX(Partidos!$F$4:$F$107,MATCH($A22,Partidos!$A$4:$A$107,0))-INDEX(Partidos!$G$4:$G$107,MATCH($A22,Partidos!$A$4:$A$107,0))),Puntuacion!$B$10,IF(AND($H22<>"",$H22=INDEX(Partidos!$K$4:$K$107,MATCH($A22,Partidos!$A$4:$A$107,0))),Puntuacion!$B$11,0)))))),"") | H22: =IFERROR(INDEX(Álvaro!H$4:H$107,MATCH($A22,Álvaro!$A$4:$A$107,0)),"") | I22: =IFERROR(INDEX(Partidos!$J$4:$J$107,MATCH($A22,Partidos!$A$4:$A$107,0)),"") | J22: =IF(AND(INDEX(Partidos!$J$4:$J$107,MATCH($A22,Partidos!$A$4:$A$107,0))<>"Grupos",INDEX(Partidos!$H$4:$H$107,MATCH($A22,Partidos!$A$4:$A$107,0))="Finalizado",$H22<>"",$H22=INDEX(Partidos!$K$4:$K$107,MATCH($A22,Partidos!$A$4:$A$107,0))),1,0)
A23: 7 | B23: =IFERROR(INDEX(Partidos!$D$4:$D$107,MATCH($A23,Partidos!$A$4:$A$107,0)),"") | C23: =IFERROR(INDEX(Partidos!$E$4:$E$107,MATCH($A23,Partidos!$A$4:$A$107,0)),"") | D23: Papá | E23: =IFERROR(INDEX(Papá!F$4:F$107,MATCH($A23,Papá!$A$4:$A$107,0)),"") | F23: =IFERROR(INDEX(Papá!G$4:G$107,MATCH($A23,Papá!$A$4:$A$107,0)),"") | G23: =IFERROR(IF(INDEX(Partidos!$H$4:$H$107,MATCH($A23,Partidos!$A$4:$A$107,0))<>"Finalizado","",IF(OR(NOT(ISNUMBER($E23)),NOT(ISNUMBER($F23))),"",IF(INDEX(Partidos!$J$4:$J$107,MATCH($A23,Partidos!$A$4:$A$107,0))="Grupos",IF(AND($E23=INDEX(Partidos!$F$4:$F$107,MATCH($A23,Partidos!$A$4:$A$107,0)),$F23=INDEX(Partidos!$G$4:$G$107,MATCH($A23,Partidos!$A$4:$A$107,0))),Puntuacion!$B$4,IF(($E23-$F23)=(INDEX(Partidos!$F$4:$F$107,MATCH($A23,Partidos!$A$4:$A$107,0))-INDEX(Partidos!$G$4:$G$107,MATCH($A23,Partidos!$A$4:$A$107,0))),Puntuacion!$B$5,IF(OR(AND($E23>$F23,INDEX(Partidos!$F$4:$F$107,MATCH($A23,Partidos!$A$4:$A$107,0))>INDEX(Partidos!$G$4:$G$107,MATCH($A23,Partidos!$A$4:$A$107,0))),AND($E23=$F23,INDEX(Partidos!$F$4:$F$107,MATCH($A23,Partidos!$A$4:$A$107,0))=INDEX(Partidos!$G$4:$G$107,MATCH($A23,Partidos!$A$4:$A$107,0))),AND($E23<$F23,INDEX(Partidos!$F$4:$F$107,MATCH($A23,Partidos!$A$4:$A$107,0))<INDEX(Partidos!$G$4:$G$107,MATCH($A23,Partidos!$A$4:$A$107,0)))),Puntuacion!$B$6,0))),IF(AND($E23=INDEX(Partidos!$F$4:$F$107,MATCH($A23,Partidos!$A$4:$A$107,0)),$F23=INDEX(Partidos!$G$4:$G$107,MATCH($A23,Partidos!$A$4:$A$107,0))),Puntuacion!$B$9,IF(($E23-$F23)=(INDEX(Partidos!$F$4:$F$107,MATCH($A23,Partidos!$A$4:$A$107,0))-INDEX(Partidos!$G$4:$G$107,MATCH($A23,Partidos!$A$4:$A$107,0))),Puntuacion!$B$10,IF(AND($H23<>"",$H23=INDEX(Partidos!$K$4:$K$107,MATCH($A23,Partidos!$A$4:$A$107,0))),Puntuacion!$B$11,0)))))),"") | H23: =IFERROR(INDEX(Papá!H$4:H$107,MATCH($A23,Papá!$A$4:$A$107,0)),"") | I23: =IFERROR(INDEX(Partidos!$J$4:$J$107,MATCH($A23,Partidos!$A$4:$A$107,0)),"") | J23: =IF(AND(INDEX(Partidos!$J$4:$J$107,MATCH($A23,Partidos!$A$4:$A$107,0))<>"Grupos",INDEX(Partidos!$H$4:$H$107,MATCH($A23,Partidos!$A$4:$A$107,0))="Finalizado",$H23<>"",$H23=INDEX(Partidos!$K$4:$K$107,MATCH($A23,Partidos!$A$4:$A$107,0))),1,0)
A24: 7 | B24: =IFERROR(INDEX(Partidos!$D$4:$D$107,MATCH($A24,Partidos!$A$4:$A$107,0)),"") | C24: =IFERROR(INDEX(Partidos!$E$4:$E$107,MATCH($A24,Partidos!$A$4:$A$107,0)),"") | D24: Diego | E24: =IFERROR(INDEX(Diego!F$4:F$107,MATCH($A24,Diego!$A$4:$A$107,0)),"") | F24: =IFERROR(INDEX(Diego!G$4:G$107,MATCH($A24,Diego!$A$4:$A$107,0)),"") | G24: =IFERROR(IF(INDEX(Partidos!$H$4:$H$107,MATCH($A24,Partidos!$A$4:$A$107,0))<>"Finalizado","",IF(OR(NOT(ISNUMBER($E24)),NOT(ISNUMBER($F24))),"",IF(INDEX(Partidos!$J$4:$J$107,MATCH($A24,Partidos!$A$4:$A$107,0))="Grupos",IF(AND($E24=INDEX(Partidos!$F$4:$F$107,MATCH($A24,Partidos!$A$4:$A$107,0)),$F24=INDEX(Partidos!$G$4:$G$107,MATCH($A24,Partidos!$A$4:$A$107,0))),Puntuacion!$B$4,IF(($E24-$F24)=(INDEX(Partidos!$F$4:$F$107,MATCH($A24,Partidos!$A$4:$A$107,0))-INDEX(Partidos!$G$4:$G$107,MATCH($A24,Partidos!$A$4:$A$107,0))),Puntuacion!$B$5,IF(OR(AND($E24>$F24,INDEX(Partidos!$F$4:$F$107,MATCH($A24,Partidos!$A$4:$A$107,0))>INDEX(Partidos!$G$4:$G$107,MATCH($A24,Partidos!$A$4:$A$107,0))),AND($E24=$F24,INDEX(Partidos!$F$4:$F$107,MATCH($A24,Partidos!$A$4:$A$107,0))=INDEX(Partidos!$G$4:$G$107,MATCH($A24,Partidos!$A$4:$A$107,0))),AND($E24<$F24,INDEX(Partidos!$F$4:$F$107,MATCH($A24,Partidos!$A$4:$A$107,0))<INDEX(Partidos!$G$4:$G$107,MATCH($A24,Partidos!$A$4:$A$107,0)))),Puntuacion!$B$6,0))),IF(AND($E24=INDEX(Partidos!$F$4:$F$107,MATCH($A24,Partidos!$A$4:$A$107,0)),$F24=INDEX(Partidos!$G$4:$G$107,MATCH($A24,Partidos!$A$4:$A$107,0))),Puntuacion!$B$9,IF(($E24-$F24)=(INDEX(Partidos!$F$4:$F$107,MATCH($A24,Partidos!$A$4:$A$107,0))-INDEX(Partidos!$G$4:$G$107,MATCH($A24,Partidos!$A$4:$A$107,0))),Puntuacion!$B$10,IF(AND($H24<>"",$H24=INDEX(Partidos!$K$4:$K$107,MATCH($A24,Partidos!$A$4:$A$107,0))),Puntuacion!$B$11,0)))))),"") | H24: =IFERROR(INDEX(Diego!H$4:H$107,MATCH($A24,Diego!$A$4:$A$107,0)),"") | I24: =IFERROR(INDEX(Partidos!$J$4:$J$107,MATCH($A24,Partidos!$A$4:$A$107,0)),"") | J24: =IF(AND(INDEX(Partidos!$J$4:$J$107,MATCH($A24,Partidos!$A$4:$A$107,0))<>"Grupos",INDEX(Partidos!$H$4:$H$107,MATCH($A24,Partidos!$A$4:$A$107,0))="Finalizado",$H24<>"",$H24=INDEX(Partidos!$K$4:$K$107,MATCH($A24,Partidos!$A$4:$A$107,0))),1,0)
A25: 8 | B25: =IFERROR(INDEX(Partidos!$D$4:$D$107,MATCH($A25,Partidos!$A$4:$A$107,0)),"") | C25: =IFERROR(INDEX(Partidos!$E$4:$E$107,MATCH($A25,Partidos!$A$4:$A$107,0)),"") | D25: Álvaro | E25: =IFERROR(INDEX(Álvaro!F$4:F$107,MATCH($A25,Álvaro!$A$4:$A$107,0)),"") | F25: =IFERROR(INDEX(Álvaro!G$4:G$107,MATCH($A25,Álvaro!$A$4:$A$107,0)),"") | G25: =IFERROR(IF(INDEX(Partidos!$H$4:$H$107,MATCH($A25,Partidos!$A$4:$A$107,0))<>"Finalizado","",IF(OR(NOT(ISNUMBER($E25)),NOT(ISNUMBER($F25))),"",IF(INDEX(Partidos!$J$4:$J$107,MATCH($A25,Partidos!$A$4:$A$107,0))="Grupos",IF(AND($E25=INDEX(Partidos!$F$4:$F$107,MATCH($A25,Partidos!$A$4:$A$107,0)),$F25=INDEX(Partidos!$G$4:$G$107,MATCH($A25,Partidos!$A$4:$A$107,0))),Puntuacion!$B$4,IF(($E25-$F25)=(INDEX(Partidos!$F$4:$F$107,MATCH($A25,Partidos!$A$4:$A$107,0))-INDEX(Partidos!$G$4:$G$107,MATCH($A25,Partidos!$A$4:$A$107,0))),Puntuacion!$B$5,IF(OR(AND($E25>$F25,INDEX(Partidos!$F$4:$F$107,MATCH($A25,Partidos!$A$4:$A$107,0))>INDEX(Partidos!$G$4:$G$107,MATCH($A25,Partidos!$A$4:$A$107,0))),AND($E25=$F25,INDEX(Partidos!$F$4:$F$107,MATCH($A25,Partidos!$A$4:$A$107,0))=INDEX(Partidos!$G$4:$G$107,MATCH($A25,Partidos!$A$4:$A$107,0))),AND($E25<$F25,INDEX(Partidos!$F$4:$F$107,MATCH($A25,Partidos!$A$4:$A$107,0))<INDEX(Partidos!$G$4:$G$107,MATCH($A25,Partidos!$A$4:$A$107,0)))),Puntuacion!$B$6,0))),IF(AND($E25=INDEX(Partidos!$F$4:$F$107,MATCH($A25,Partidos!$A$4:$A$107,0)),$F25=INDEX(Partidos!$G$4:$G$107,MATCH($A25,Partidos!$A$4:$A$107,0))),Puntuacion!$B$9,IF(($E25-$F25)=(INDEX(Partidos!$F$4:$F$107,MATCH($A25,Partidos!$A$4:$A$107,0))-INDEX(Partidos!$G$4:$G$107,MATCH($A25,Partidos!$A$4:$A$107,0))),Puntuacion!$B$10,IF(AND($H25<>"",$H25=INDEX(Partidos!$K$4:$K$107,MATCH($A25,Partidos!$A$4:$A$107,0))),Puntuacion!$B$11,0)))))),"") | H25: =IFERROR(INDEX(Álvaro!H$4:H$107,MATCH($A25,Álvaro!$A$4:$A$107,0)),"") | I25: =IFERROR(INDEX(Partidos!$J$4:$J$107,MATCH($A25,Partidos!$A$4:$A$107,0)),"") | J25: =IF(AND(INDEX(Partidos!$J$4:$J$107,MATCH($A25,Partidos!$A$4:$A$107,0))<>"Grupos",INDEX(Partidos!$H$4:$H$107,MATCH($A25,Partidos!$A$4:$A$107,0))="Finalizado",$H25<>"",$H25=INDEX(Partidos!$K$4:$K$107,MATCH($A25,Partidos!$A$4:$A$107,0))),1,0)
A26: 8 | B26: =IFERROR(INDEX(Partidos!$D$4:$D$107,MATCH($A26,Partidos!$A$4:$A$107,0)),"") | C26: =IFERROR(INDEX(Partidos!$E$4:$E$107,MATCH($A26,Partidos!$A$4:$A$107,0)),"") | D26: Papá | E26: =IFERROR(INDEX(Papá!F$4:F$107,MATCH($A26,Papá!$A$4:$A$107,0)),"") | F26: =IFERROR(INDEX(Papá!G$4:G$107,MATCH($A26,Papá!$A$4:$A$107,0)),"") | G26: =IFERROR(IF(INDEX(Partidos!$H$4:$H$107,MATCH($A26,Partidos!$A$4:$A$107,0))<>"Finalizado","",IF(OR(NOT(ISNUMBER($E26)),NOT(ISNUMBER($F26))),"",IF(INDEX(Partidos!$J$4:$J$107,MATCH($A26,Partidos!$A$4:$A$107,0))="Grupos",IF(AND($E26=INDEX(Partidos!$F$4:$F$107,MATCH($A26,Partidos!$A$4:$A$107,0)),$F26=INDEX(Partidos!$G$4:$G$107,MATCH($A26,Partidos!$A$4:$A$107,0))),Puntuacion!$B$4,IF(($E26-$F26)=(INDEX(Partidos!$F$4:$F$107,MATCH($A26,Partidos!$A$4:$A$107,0))-INDEX(Partidos!$G$4:$G$107,MATCH($A26,Partidos!$A$4:$A$107,0))),Puntuacion!$B$5,IF(OR(AND($E26>$F26,INDEX(Partidos!$F$4:$F$107,MATCH($A26,Partidos!$A$4:$A$107,0))>INDEX(Partidos!$G$4:$G$107,MATCH($A26,Partidos!$A$4:$A$107,0))),AND($E26=$F26,INDEX(Partidos!$F$4:$F$107,MATCH($A26,Partidos!$A$4:$A$107,0))=INDEX(Partidos!$G$4:$G$107,MATCH($A26,Partidos!$A$4:$A$107,0))),AND($E26<$F26,INDEX(Partidos!$F$4:$F$107,MATCH($A26,Partidos!$A$4:$A$107,0))<INDEX(Partidos!$G$4:$G$107,MATCH($A26,Partidos!$A$4:$A$107,0)))),Puntuacion!$B$6,0))),IF(AND($E26=INDEX(Partidos!$F$4:$F$107,MATCH($A26,Partidos!$A$4:$A$107,0)),$F26=INDEX(Partidos!$G$4:$G$107,MATCH($A26,Partidos!$A$4:$A$107,0))),Puntuacion!$B$9,IF(($E26-$F26)=(INDEX(Partidos!$F$4:$F$107,MATCH($A26,Partidos!$A$4:$A$107,0))-INDEX(Partidos!$G$4:$G$107,MATCH($A26,Partidos!$A$4:$A$107,0))),Puntuacion!$B$10,IF(AND($H26<>"",$H26=INDEX(Partidos!$K$4:$K$107,MATCH($A26,Partidos!$A$4:$A$107,0))),Puntuacion!$B$11,0)))))),"") | H26: =IFERROR(INDEX(Papá!H$4:H$107,MATCH($A26,Papá!$A$4:$A$107,0)),"") | I26: =IFERROR(INDEX(Partidos!$J$4:$J$107,MATCH($A26,Partidos!$A$4:$A$107,0)),"") | J26: =IF(AND(INDEX(Partidos!$J$4:$J$107,MATCH($A26,Partidos!$A$4:$A$107,0))<>"Grupos",INDEX(Partidos!$H$4:$H$107,MATCH($A26,Partidos!$A$4:$A$107,0))="Finalizado",$H26<>"",$H26=INDEX(Partidos!$K$4:$K$107,MATCH($A26,Partidos!$A$4:$A$107,0))),1,0)
A27: 8 | B27: =IFERROR(INDEX(Partidos!$D$4:$D$107,MATCH($A27,Partidos!$A$4:$A$107,0)),"") | C27: =IFERROR(INDEX(Partidos!$E$4:$E$107,MATCH($A27,Partidos!$A$4:$A$107,0)),"") | D27: Diego | E27: =IFERROR(INDEX(Diego!F$4:F$107,MATCH($A27,Diego!$A$4:$A$107,0)),"") | F27: =IFERROR(INDEX(Diego!G$4:G$107,MATCH($A27,Diego!$A$4:$A$107,0)),"") | G27: =IFERROR(IF(INDEX(Partidos!$H$4:$H$107,MATCH($A27,Partidos!$A$4:$A$107,0))<>"Finalizado","",IF(OR(NOT(ISNUMBER($E27)),NOT(ISNUMBER($F27))),"",IF(INDEX(Partidos!$J$4:$J$107,MATCH($A27,Partidos!$A$4:$A$107,0))="Grupos",IF(AND($E27=INDEX(Partidos!$F$4:$F$107,MATCH($A27,Partidos!$A$4:$A$107,0)),$F27=INDEX(Partidos!$G$4:$G$107,MATCH($A27,Partidos!$A$4:$A$107,0))),Puntuacion!$B$4,IF(($E27-$F27)=(INDEX(Partidos!$F$4:$F$107,MATCH($A27,Partidos!$A$4:$A$107,0))-INDEX(Partidos!$G$4:$G$107,MATCH($A27,Partidos!$A$4:$A$107,0))),Puntuacion!$B$5,IF(OR(AND($E27>$F27,INDEX(Partidos!$F$4:$F$107,MATCH($A27,Partidos!$A$4:$A$107,0))>INDEX(Partidos!$G$4:$G$107,MATCH($A27,Partidos!$A$4:$A$107,0))),AND($E27=$F27,INDEX(Partidos!$F$4:$F$107,MATCH($A27,Partidos!$A$4:$A$107,0))=INDEX(Partidos!$G$4:$G$107,MATCH($A27,Partidos!$A$4:$A$107,0))),AND($E27<$F27,INDEX(Partidos!$F$4:$F$107,MATCH($A27,Partidos!$A$4:$A$107,0))<INDEX(Partidos!$G$4:$G$107,MATCH($A27,Partidos!$A$4:$A$107,0)))),Puntuacion!$B$6,0))),IF(AND($E27=INDEX(Partidos!$F$4:$F$107,MATCH($A27,Partidos!$A$4:$A$107,0)),$F27=INDEX(Partidos!$G$4:$G$107,MATCH($A27,Partidos!$A$4:$A$107,0))),Puntuacion!$B$9,IF(($E27-$F27)=(INDEX(Partidos!$F$4:$F$107,MATCH($A27,Partidos!$A$4:$A$107,0))-INDEX(Partidos!$G$4:$G$107,MATCH($A27,Partidos!$A$4:$A$107,0))),Puntuacion!$B$10,IF(AND($H27<>"",$H27=INDEX(Partidos!$K$4:$K$107,MATCH($A27,Partidos!$A$4:$A$107,0))),Puntuacion!$B$11,0)))))),"") | H27: =IFERROR(INDEX(Diego!H$4:H$107,MATCH($A27,Diego!$A$4:$A$107,0)),"") | I27: =IFERROR(INDEX(Partidos!$J$4:$J$107,MATCH($A27,Partidos!$A$4:$A$107,0)),"") | J27: =IF(AND(INDEX(Partidos!$J$4:$J$107,MATCH($A27,Partidos!$A$4:$A$107,0))<>"Grupos",INDEX(Partidos!$H$4:$H$107,MATCH($A27,Partidos!$A$4:$A$107,0))="Finalizado",$H27<>"",$H27=INDEX(Partidos!$K$4:$K$107,MATCH($A27,Partidos!$A$4:$A$107,0))),1,0)
A28: 9 | B28: =IFERROR(INDEX(Partidos!$D$4:$D$107,MATCH($A28,Partidos!$A$4:$A$107,0)),"") | C28: =IFERROR(INDEX(Partidos!$E$4:$E$107,MATCH($A28,Partidos!$A$4:$A$107,0)),"") | D28: Álvaro | E28: =IFERROR(INDEX(Álvaro!F$4:F$107,MATCH($A28,Álvaro!$A$4:$A$107,0)),"") | F28: =IFERROR(INDEX(Álvaro!G$4:G$107,MATCH($A28,Álvaro!$A$4:$A$107,0)),"") | G28: =IFERROR(IF(INDEX(Partidos!$H$4:$H$107,MATCH($A28,Partidos!$A$4:$A$107,0))<>"Finalizado","",IF(OR(NOT(ISNUMBER($E28)),NOT(ISNUMBER($F28))),"",IF(INDEX(Partidos!$J$4:$J$107,MATCH($A28,Partidos!$A$4:$A$107,0))="Grupos",IF(AND($E28=INDEX(Partidos!$F$4:$F$107,MATCH($A28,Partidos!$A$4:$A$107,0)),$F28=INDEX(Partidos!$G$4:$G$107,MATCH($A28,Partidos!$A$4:$A$107,0))),Puntuacion!$B$4,IF(($E28-$F28)=(INDEX(Partidos!$F$4:$F$107,MATCH($A28,Partidos!$A$4:$A$107,0))-INDEX(Partidos!$G$4:$G$107,MATCH($A28,Partidos!$A$4:$A$107,0))),Puntuacion!$B$5,IF(OR(AND($E28>$F28,INDEX(Partidos!$F$4:$F$107,MATCH($A28,Partidos!$A$4:$A$107,0))>INDEX(Partidos!$G$4:$G$107,MATCH($A28,Partidos!$A$4:$A$107,0))),AND($E28=$F28,INDEX(Partidos!$F$4:$F$107,MATCH($A28,Partidos!$A$4:$A$107,0))=INDEX(Partidos!$G$4:$G$107,MATCH($A28,Partidos!$A$4:$A$107,0))),AND($E28<$F28,INDEX(Partidos!$F$4:$F$107,MATCH($A28,Partidos!$A$4:$A$107,0))<INDEX(Partidos!$G$4:$G$107,MATCH($A28,Partidos!$A$4:$A$107,0)))),Puntuacion!$B$6,0))),IF(AND($E28=INDEX(Partidos!$F$4:$F$107,MATCH($A28,Partidos!$A$4:$A$107,0)),$F28=INDEX(Partidos!$G$4:$G$107,MATCH($A28,Partidos!$A$4:$A$107,0))),Puntuacion!$B$9,IF(($E28-$F28)=(INDEX(Partidos!$F$4:$F$107,MATCH($A28,Partidos!$A$4:$A$107,0))-INDEX(Partidos!$G$4:$G$107,MATCH($A28,Partidos!$A$4:$A$107,0))),Puntuacion!$B$10,IF(AND($H28<>"",$H28=INDEX(Partidos!$K$4:$K$107,MATCH($A28,Partidos!$A$4:$A$107,0))),Puntuacion!$B$11,0)))))),"") | H28: =IFERROR(INDEX(Álvaro!H$4:H$107,MATCH($A28,Álvaro!$A$4:$A$107,0)),"") | I28: =IFERROR(INDEX(Partidos!$J$4:$J$107,MATCH($A28,Partidos!$A$4:$A$107,0)),"") | J28: =IF(AND(INDEX(Partidos!$J$4:$J$107,MATCH($A28,Partidos!$A$4:$A$107,0))<>"Grupos",INDEX(Partidos!$H$4:$H$107,MATCH($A28,Partidos!$A$4:$A$107,0))="Finalizado",$H28<>"",$H28=INDEX(Partidos!$K$4:$K$107,MATCH($A28,Partidos!$A$4:$A$107,0))),1,0)
A29: 9 | B29: =IFERROR(INDEX(Partidos!$D$4:$D$107,MATCH($A29,Partidos!$A$4:$A$107,0)),"") | C29: =IFERROR(INDEX(Partidos!$E$4:$E$107,MATCH($A29,Partidos!$A$4:$A$107,0)),"") | D29: Papá | E29: =IFERROR(INDEX(Papá!F$4:F$107,MATCH($A29,Papá!$A$4:$A$107,0)),"") | F29: =IFERROR(INDEX(Papá!G$4:G$107,MATCH($A29,Papá!$A$4:$A$107,0)),"") | G29: =IFERROR(IF(INDEX(Partidos!$H$4:$H$107,MATCH($A29,Partidos!$A$4:$A$107,0))<>"Finalizado","",IF(OR(NOT(ISNUMBER($E29)),NOT(ISNUMBER($F29))),"",IF(INDEX(Partidos!$J$4:$J$107,MATCH($A29,Partidos!$A$4:$A$107,0))="Grupos",IF(AND($E29=INDEX(Partidos!$F$4:$F$107,MATCH($A29,Partidos!$A$4:$A$107,0)),$F29=INDEX(Partidos!$G$4:$G$107,MATCH($A29,Partidos!$A$4:$A$107,0))),Puntuacion!$B$4,IF(($E29-$F29)=(INDEX(Partidos!$F$4:$F$107,MATCH($A29,Partidos!$A$4:$A$107,0))-INDEX(Partidos!$G$4:$G$107,MATCH($A29,Partidos!$A$4:$A$107,0))),Puntuacion!$B$5,IF(OR(AND($E29>$F29,INDEX(Partidos!$F$4:$F$107,MATCH($A29,Partidos!$A$4:$A$107,0))>INDEX(Partidos!$G$4:$G$107,MATCH($A29,Partidos!$A$4:$A$107,0))),AND($E29=$F29,INDEX(Partidos!$F$4:$F$107,MATCH($A29,Partidos!$A$4:$A$107,0))=INDEX(Partidos!$G$4:$G$107,MATCH($A29,Partidos!$A$4:$A$107,0))),AND($E29<$F29,INDEX(Partidos!$F$4:$F$107,MATCH($A29,Partidos!$A$4:$A$107,0))<INDEX(Partidos!$G$4:$G$107,MATCH($A29,Partidos!$A$4:$A$107,0)))),Puntuacion!$B$6,0))),IF(AND($E29=INDEX(Partidos!$F$4:$F$107,MATCH($A29,Partidos!$A$4:$A$107,0)),$F29=INDEX(Partidos!$G$4:$G$107,MATCH($A29,Partidos!$A$4:$A$107,0))),Puntuacion!$B$9,IF(($E29-$F29)=(INDEX(Partidos!$F$4:$F$107,MATCH($A29,Partidos!$A$4:$A$107,0))-INDEX(Partidos!$G$4:$G$107,MATCH($A29,Partidos!$A$4:$A$107,0))),Puntuacion!$B$10,IF(AND($H29<>"",$H29=INDEX(Partidos!$K$4:$K$107,MATCH($A29,Partidos!$A$4:$A$107,0))),Puntuacion!$B$11,0)))))),"") | H29: =IFERROR(INDEX(Papá!H$4:H$107,MATCH($A29,Papá!$A$4:$A$107,0)),"") | I29: =IFERROR(INDEX(Partidos!$J$4:$J$107,MATCH($A29,Partidos!$A$4:$A$107,0)),"") | J29: =IF(AND(INDEX(Partidos!$J$4:$J$107,MATCH($A29,Partidos!$A$4:$A$107,0))<>"Grupos",INDEX(Partidos!$H$4:$H$107,MATCH($A29,Partidos!$A$4:$A$107,0))="Finalizado",$H29<>"",$H29=INDEX(Partidos!$K$4:$K$107,MATCH($A29,Partidos!$A$4:$A$107,0))),1,0)
A30: 9 | B30: =IFERROR(INDEX(Partidos!$D$4:$D$107,MATCH($A30,Partidos!$A$4:$A$107,0)),"") | C30: =IFERROR(INDEX(Partidos!$E$4:$E$107,MATCH($A30,Partidos!$A$4:$A$107,0)),"") | D30: Diego | E30: =IFERROR(INDEX(Diego!F$4:F$107,MATCH($A30,Diego!$A$4:$A$107,0)),"") | F30: =IFERROR(INDEX(Diego!G$4:G$107,MATCH($A30,Diego!$A$4:$A$107,0)),"") | G30: =IFERROR(IF(INDEX(Partidos!$H$4:$H$107,MATCH($A30,Partidos!$A$4:$A$107,0))<>"Finalizado","",IF(OR(NOT(ISNUMBER($E30)),NOT(ISNUMBER($F30))),"",IF(INDEX(Partidos!$J$4:$J$107,MATCH($A30,Partidos!$A$4:$A$107,0))="Grupos",IF(AND($E30=INDEX(Partidos!$F$4:$F$107,MATCH($A30,Partidos!$A$4:$A$107,0)),$F30=INDEX(Partidos!$G$4:$G$107,MATCH($A30,Partidos!$A$4:$A$107,0))),Puntuacion!$B$4,IF(($E30-$F30)=(INDEX(Partidos!$F$4:$F$107,MATCH($A30,Partidos!$A$4:$A$107,0))-INDEX(Partidos!$G$4:$G$107,MATCH($A30,Partidos!$A$4:$A$107,0))),Puntuacion!$B$5,IF(OR(AND($E30>$F30,INDEX(Partidos!$F$4:$F$107,MATCH($A30,Partidos!$A$4:$A$107,0))>INDEX(Partidos!$G$4:$G$107,MATCH($A30,Partidos!$A$4:$A$107,0))),AND($E30=$F30,INDEX(Partidos!$F$4:$F$107,MATCH($A30,Partidos!$A$4:$A$107,0))=INDEX(Partidos!$G$4:$G$107,MATCH($A30,Partidos!$A$4:$A$107,0))),AND($E30<$F30,INDEX(Partidos!$F$4:$F$107,MATCH($A30,Partidos!$A$4:$A$107,0))<INDEX(Partidos!$G$4:$G$107,MATCH($A30,Partidos!$A$4:$A$107,0)))),Puntuacion!$B$6,0))),IF(AND($E30=INDEX(Partidos!$F$4:$F$107,MATCH($A30,Partidos!$A$4:$A$107,0)),$F30=INDEX(Partidos!$G$4:$G$107,MATCH($A30,Partidos!$A$4:$A$107,0))),Puntuacion!$B$9,IF(($E30-$F30)=(INDEX(Partidos!$F$4:$F$107,MATCH($A30,Partidos!$A$4:$A$107,0))-INDEX(Partidos!$G$4:$G$107,MATCH($A30,Partidos!$A$4:$A$107,0))),Puntuacion!$B$10,IF(AND($H30<>"",$H30=INDEX(Partidos!$K$4:$K$107,MATCH($A30,Partidos!$A$4:$A$107,0))),Puntuacion!$B$11,0)))))),"") | H30: =IFERROR(INDEX(Diego!H$4:H$107,MATCH($A30,Diego!$A$4:$A$107,0)),"") | I30: =IFERROR(INDEX(Partidos!$J$4:$J$107,MATCH($A30,Partidos!$A$4:$A$107,0)),"") | J30: =IF(AND(INDEX(Partidos!$J$4:$J$107,MATCH($A30,Partidos!$A$4:$A$107,0))<>"Grupos",INDEX(Partidos!$H$4:$H$107,MATCH($A30,Partidos!$A$4:$A$107,0))="Finalizado",$H30<>"",$H30=INDEX(Partidos!$K$4:$K$107,MATCH($A30,Partidos!$A$4:$A$107,0))),1,0)
A31: 10 | B31: =IFERROR(INDEX(Partidos!$D$4:$D$107,MATCH($A31,Partidos!$A$4:$A$107,0)),"") | C31: =IFERROR(INDEX(Partidos!$E$4:$E$107,MATCH($A31,Partidos!$A$4:$A$107,0)),"") | D31: Álvaro | E31: =IFERROR(INDEX(Álvaro!F$4:F$107,MATCH($A31,Álvaro!$A$4:$A$107,0)),"") | F31: =IFERROR(INDEX(Álvaro!G$4:G$107,MATCH($A31,Álvaro!$A$4:$A$107,0)),"") | G31: =IFERROR(IF(INDEX(Partidos!$H$4:$H$107,MATCH($A31,Partidos!$A$4:$A$107,0))<>"Finalizado","",IF(OR(NOT(ISNUMBER($E31)),NOT(ISNUMBER($F31))),"",IF(INDEX(Partidos!$J$4:$J$107,MATCH($A31,Partidos!$A$4:$A$107,0))="Grupos",IF(AND($E31=INDEX(Partidos!$F$4:$F$107,MATCH($A31,Partidos!$A$4:$A$107,0)),$F31=INDEX(Partidos!$G$4:$G$107,MATCH($A31,Partidos!$A$4:$A$107,0))),Puntuacion!$B$4,IF(($E31-$F31)=(INDEX(Partidos!$F$4:$F$107,MATCH($A31,Partidos!$A$4:$A$107,0))-INDEX(Partidos!$G$4:$G$107,MATCH($A31,Partidos!$A$4:$A$107,0))),Puntuacion!$B$5,IF(OR(AND($E31>$F31,INDEX(Partidos!$F$4:$F$107,MATCH($A31,Partidos!$A$4:$A$107,0))>INDEX(Partidos!$G$4:$G$107,MATCH($A31,Partidos!$A$4:$A$107,0))),AND($E31=$F31,INDEX(Partidos!$F$4:$F$107,MATCH($A31,Partidos!$A$4:$A$107,0))=INDEX(Partidos!$G$4:$G$107,MATCH($A31,Partidos!$A$4:$A$107,0))),AND($E31<$F31,INDEX(Partidos!$F$4:$F$107,MATCH($A31,Partidos!$A$4:$A$107,0))<INDEX(Partidos!$G$4:$G$107,MATCH($A31,Partidos!$A$4:$A$107,0)))),Puntuacion!$B$6,0))),IF(AND($E31=INDEX(Partidos!$F$4:$F$107,MATCH($A31,Partidos!$A$4:$A$107,0)),$F31=INDEX(Partidos!$G$4:$G$107,MATCH($A31,Partidos!$A$4:$A$107,0))),Puntuacion!$B$9,IF(($E31-$F31)=(INDEX(Partidos!$F$4:$F$107,MATCH($A31,Partidos!$A$4:$A$107,0))-INDEX(Partidos!$G$4:$G$107,MATCH($A31,Partidos!$A$4:$A$107,0))),Puntuacion!$B$10,IF(AND($H31<>"",$H31=INDEX(Partidos!$K$4:$K$107,MATCH($A31,Partidos!$A$4:$A$107,0))),Puntuacion!$B$11,0)))))),"") | H31: =IFERROR(INDEX(Álvaro!H$4:H$107,MATCH($A31,Álvaro!$A$4:$A$107,0)),"") | I31: =IFERROR(INDEX(Partidos!$J$4:$J$107,MATCH($A31,Partidos!$A$4:$A$107,0)),"") | J31: =IF(AND(INDEX(Partidos!$J$4:$J$107,MATCH($A31,Partidos!$A$4:$A$107,0))<>"Grupos",INDEX(Partidos!$H$4:$H$107,MATCH($A31,Partidos!$A$4:$A$107,0))="Finalizado",$H31<>"",$H31=INDEX(Partidos!$K$4:$K$107,MATCH($A31,Partidos!$A$4:$A$107,0))),1,0)
A32: 10 | B32: =IFERROR(INDEX(Partidos!$D$4:$D$107,MATCH($A32,Partidos!$A$4:$A$107,0)),"") | C32: =IFERROR(INDEX(Partidos!$E$4:$E$107,MATCH($A32,Partidos!$A$4:$A$107,0)),"") | D32: Papá | E32: =IFERROR(INDEX(Papá!F$4:F$107,MATCH($A32,Papá!$A$4:$A$107,0)),"") | F32: =IFERROR(INDEX(Papá!G$4:G$107,MATCH($A32,Papá!$A$4:$A$107,0)),"") | G32: =IFERROR(IF(INDEX(Partidos!$H$4:$H$107,MATCH($A32,Partidos!$A$4:$A$107,0))<>"Finalizado","",IF(OR(NOT(ISNUMBER($E32)),NOT(ISNUMBER($F32))),"",IF(INDEX(Partidos!$J$4:$J$107,MATCH($A32,Partidos!$A$4:$A$107,0))="Grupos",IF(AND($E32=INDEX(Partidos!$F$4:$F$107,MATCH($A32,Partidos!$A$4:$A$107,0)),$F32=INDEX(Partidos!$G$4:$G$107,MATCH($A32,Partidos!$A$4:$A$107,0))),Puntuacion!$B$4,IF(($E32-$F32)=(INDEX(Partidos!$F$4:$F$107,MATCH($A32,Partidos!$A$4:$A$107,0))-INDEX(Partidos!$G$4:$G$107,MATCH($A32,Partidos!$A$4:$A$107,0))),Puntuacion!$B$5,IF(OR(AND($E32>$F32,INDEX(Partidos!$F$4:$F$107,MATCH($A32,Partidos!$A$4:$A$107,0))>INDEX(Partidos!$G$4:$G$107,MATCH($A32,Partidos!$A$4:$A$107,0))),AND($E32=$F32,INDEX(Partidos!$F$4:$F$107,MATCH($A32,Partidos!$A$4:$A$107,0))=INDEX(Partidos!$G$4:$G$107,MATCH($A32,Partidos!$A$4:$A$107,0))),AND($E32<$F32,INDEX(Partidos!$F$4:$F$107,MATCH($A32,Partidos!$A$4:$A$107,0))<INDEX(Partidos!$G$4:$G$107,MATCH($A32,Partidos!$A$4:$A$107,0)))),Puntuacion!$B$6,0))),IF(AND($E32=INDEX(Partidos!$F$4:$F$107,MATCH($A32,Partidos!$A$4:$A$107,0)),$F32=INDEX(Partidos!$G$4:$G$107,MATCH($A32,Partidos!$A$4:$A$107,0))),Puntuacion!$B$9,IF(($E32-$F32)=(INDEX(Partidos!$F$4:$F$107,MATCH($A32,Partidos!$A$4:$A$107,0))-INDEX(Partidos!$G$4:$G$107,MATCH($A32,Partidos!$A$4:$A$107,0))),Puntuacion!$B$10,IF(AND($H32<>"",$H32=INDEX(Partidos!$K$4:$K$107,MATCH($A32,Partidos!$A$4:$A$107,0))),Puntuacion!$B$11,0)))))),"") | H32: =IFERROR(INDEX(Papá!H$4:H$107,MATCH($A32,Papá!$A$4:$A$107,0)),"") | I32: =IFERROR(INDEX(Partidos!$J$4:$J$107,MATCH($A32,Partidos!$A$4:$A$107,0)),"") | J32: =IF(AND(INDEX(Partidos!$J$4:$J$107,MATCH($A32,Partidos!$A$4:$A$107,0))<>"Grupos",INDEX(Partidos!$H$4:$H$107,MATCH($A32,Partidos!$A$4:$A$107,0))="Finalizado",$H32<>"",$H32=INDEX(Partidos!$K$4:$K$107,MATCH($A32,Partidos!$A$4:$A$107,0))),1,0)
A33: 10 | B33: =IFERROR(INDEX(Partidos!$D$4:$D$107,MATCH($A33,Partidos!$A$4:$A$107,0)),"") | C33: =IFERROR(INDEX(Partidos!$E$4:$E$107,MATCH($A33,Partidos!$A$4:$A$107,0)),"") | D33: Diego | E33: =IFERROR(INDEX(Diego!F$4:F$107,MATCH($A33,Diego!$A$4:$A$107,0)),"") | F33: =IFERROR(INDEX(Diego!G$4:G$107,MATCH($A33,Diego!$A$4:$A$107,0)),"") | G33: =IFERROR(IF(INDEX(Partidos!$H$4:$H$107,MATCH($A33,Partidos!$A$4:$A$107,0))<>"Finalizado","",IF(OR(NOT(ISNUMBER($E33)),NOT(ISNUMBER($F33))),"",IF(INDEX(Partidos!$J$4:$J$107,MATCH($A33,Partidos!$A$4:$A$107,0))="Grupos",IF(AND($E33=INDEX(Partidos!$F$4:$F$107,MATCH($A33,Partidos!$A$4:$A$107,0)),$F33=INDEX(Partidos!$G$4:$G$107,MATCH($A33,Partidos!$A$4:$A$107,0))),Puntuacion!$B$4,IF(($E33-$F33)=(INDEX(Partidos!$F$4:$F$107,MATCH($A33,Partidos!$A$4:$A$107,0))-INDEX(Partidos!$G$4:$G$107,MATCH($A33,Partidos!$A$4:$A$107,0))),Puntuacion!$B$5,IF(OR(AND($E33>$F33,INDEX(Partidos!$F$4:$F$107,MATCH($A33,Partidos!$A$4:$A$107,0))>INDEX(Partidos!$G$4:$G$107,MATCH($A33,Partidos!$A$4:$A$107,0))),AND($E33=$F33,INDEX(Partidos!$F$4:$F$107,MATCH($A33,Partidos!$A$4:$A$107,0))=INDEX(Partidos!$G$4:$G$107,MATCH($A33,Partidos!$A$4:$A$107,0))),AND($E33<$F33,INDEX(Partidos!$F$4:$F$107,MATCH($A33,Partidos!$A$4:$A$107,0))<INDEX(Partidos!$G$4:$G$107,MATCH($A33,Partidos!$A$4:$A$107,0)))),Puntuacion!$B$6,0))),IF(AND($E33=INDEX(Partidos!$F$4:$F$107,MATCH($A33,Partidos!$A$4:$A$107,0)),$F33=INDEX(Partidos!$G$4:$G$107,MATCH($A33,Partidos!$A$4:$A$107,0))),Puntuacion!$B$9,IF(($E33-$F33)=(INDEX(Partidos!$F$4:$F$107,MATCH($A33,Partidos!$A$4:$A$107,0))-INDEX(Partidos!$G$4:$G$107,MATCH($A33,Partidos!$A$4:$A$107,0))),Puntuacion!$B$10,IF(AND($H33<>"",$H33=INDEX(Partidos!$K$4:$K$107,MATCH($A33,Partidos!$A$4:$A$107,0))),Puntuacion!$B$11,0)))))),"") | H33: =IFERROR(INDEX(Diego!H$4:H$107,MATCH($A33,Diego!$A$4:$A$107,0)),"") | I33: =IFERROR(INDEX(Partidos!$J$4:$J$107,MATCH($A33,Partidos!$A$4:$A$107,0)),"") | J33: =IF(AND(INDEX(Partidos!$J$4:$J$107,MATCH($A33,Partidos!$A$4:$A$107,0))<>"Grupos",INDEX(Partidos!$H$4:$H$107,MATCH($A33,Partidos!$A$4:$A$107,0))="Finalizado",$H33<>"",$H33=INDEX(Partidos!$K$4:$K$107,MATCH($A33,Partidos!$A$4:$A$107,0))),1,0)
A34: 11 | B34: =IFERROR(INDEX(Partidos!$D$4:$D$107,MATCH($A34,Partidos!$A$4:$A$107,0)),"") | C34: =IFERROR(INDEX(Partidos!$E$4:$E$107,MATCH($A34,Partidos!$A$4:$A$107,0)),"") | D34: Álvaro | E34: =IFERROR(INDEX(Álvaro!F$4:F$107,MATCH($A34,Álvaro!$A$4:$A$107,0)),"") | F34: =IFERROR(INDEX(Álvaro!G$4:G$107,MATCH($A34,Álvaro!$A$4:$A$107,0)),"") | G34: =IFERROR(IF(INDEX(Partidos!$H$4:$H$107,MATCH($A34,Partidos!$A$4:$A$107,0))<>"Finalizado","",IF(OR(NOT(ISNUMBER($E34)),NOT(ISNUMBER($F34))),"",IF(INDEX(Partidos!$J$4:$J$107,MATCH($A34,Partidos!$A$4:$A$107,0))="Grupos",IF(AND($E34=INDEX(Partidos!$F$4:$F$107,MATCH($A34,Partidos!$A$4:$A$107,0)),$F34=INDEX(Partidos!$G$4:$G$107,MATCH($A34,Partidos!$A$4:$A$107,0))),Puntuacion!$B$4,IF(($E34-$F34)=(INDEX(Partidos!$F$4:$F$107,MATCH($A34,Partidos!$A$4:$A$107,0))-INDEX(Partidos!$G$4:$G$107,MATCH($A34,Partidos!$A$4:$A$107,0))),Puntuacion!$B$5,IF(OR(AND($E34>$F34,INDEX(Partidos!$F$4:$F$107,MATCH($A34,Partidos!$A$4:$A$107,0))>INDEX(Partidos!$G$4:$G$107,MATCH($A34,Partidos!$A$4:$A$107,0))),AND($E34=$F34,INDEX(Partidos!$F$4:$F$107,MATCH($A34,Partidos!$A$4:$A$107,0))=INDEX(Partidos!$G$4:$G$107,MATCH($A34,Partidos!$A$4:$A$107,0))),AND($E34<$F34,INDEX(Partidos!$F$4:$F$107,MATCH($A34,Partidos!$A$4:$A$107,0))<INDEX(Partidos!$G$4:$G$107,MATCH($A34,Partidos!$A$4:$A$107,0)))),Puntuacion!$B$6,0))),IF(AND($E34=INDEX(Partidos!$F$4:$F$107,MATCH($A34,Partidos!$A$4:$A$107,0)),$F34=INDEX(Partidos!$G$4:$G$107,MATCH($A34,Partidos!$A$4:$A$107,0))),Puntuacion!$B$9,IF(($E34-$F34)=(INDEX(Partidos!$F$4:$F$107,MATCH($A34,Partidos!$A$4:$A$107,0))-INDEX(Partidos!$G$4:$G$107,MATCH($A34,Partidos!$A$4:$A$107,0))),Puntuacion!$B$10,IF(AND($H34<>"",$H34=INDEX(Partidos!$K$4:$K$107,MATCH($A34,Partidos!$A$4:$A$107,0))),Puntuacion!$B$11,0)))))),"") | H34: =IFERROR(INDEX(Álvaro!H$4:H$107,MATCH($A34,Álvaro!$A$4:$A$107,0)),"") | I34: =IFERROR(INDEX(Partidos!$J$4:$J$107,MATCH($A34,Partidos!$A$4:$A$107,0)),"") | J34: =IF(AND(INDEX(Partidos!$J$4:$J$107,MATCH($A34,Partidos!$A$4:$A$107,0))<>"Grupos",INDEX(Partidos!$H$4:$H$107,MATCH($A34,Partidos!$A$4:$A$107,0))="Finalizado",$H34<>"",$H34=INDEX(Partidos!$K$4:$K$107,MATCH($A34,Partidos!$A$4:$A$107,0))),1,0)
A35: 11 | B35: =IFERROR(INDEX(Partidos!$D$4:$D$107,MATCH($A35,Partidos!$A$4:$A$107,0)),"") | C35: =IFERROR(INDEX(Partidos!$E$4:$E$107,MATCH($A35,Partidos!$A$4:$A$107,0)),"") | D35: Papá | E35: =IFERROR(INDEX(Papá!F$4:F$107,MATCH($A35,Papá!$A$4:$A$107,0)),"") | F35: =IFERROR(INDEX(Papá!G$4:G$107,MATCH($A35,Papá!$A$4:$A$107,0)),"") | G35: =IFERROR(IF(INDEX(Partidos!$H$4:$H$107,MATCH($A35,Partidos!$A$4:$A$107,0))<>"Finalizado","",IF(OR(NOT(ISNUMBER($E35)),NOT(ISNUMBER($F35))),"",IF(INDEX(Partidos!$J$4:$J$107,MATCH($A35,Partidos!$A$4:$A$107,0))="Grupos",IF(AND($E35=INDEX(Partidos!$F$4:$F$107,MATCH($A35,Partidos!$A$4:$A$107,0)),$F35=INDEX(Partidos!$G$4:$G$107,MATCH($A35,Partidos!$A$4:$A$107,0))),Puntuacion!$B$4,IF(($E35-$F35)=(INDEX(Partidos!$F$4:$F$107,MATCH($A35,Partidos!$A$4:$A$107,0))-INDEX(Partidos!$G$4:$G$107,MATCH($A35,Partidos!$A$4:$A$107,0))),Puntuacion!$B$5,IF(OR(AND($E35>$F35,INDEX(Partidos!$F$4:$F$107,MATCH($A35,Partidos!$A$4:$A$107,0))>INDEX(Partidos!$G$4:$G$107,MATCH($A35,Partidos!$A$4:$A$107,0))),AND($E35=$F35,INDEX(Partidos!$F$4:$F$107,MATCH($A35,Partidos!$A$4:$A$107,0))=INDEX(Partidos!$G$4:$G$107,MATCH($A35,Partidos!$A$4:$A$107,0))),AND($E35<$F35,INDEX(Partidos!$F$4:$F$107,MATCH($A35,Partidos!$A$4:$A$107,0))<INDEX(Partidos!$G$4:$G$107,MATCH($A35,Partidos!$A$4:$A$107,0)))),Puntuacion!$B$6,0))),IF(AND($E35=INDEX(Partidos!$F$4:$F$107,MATCH($A35,Partidos!$A$4:$A$107,0)),$F35=INDEX(Partidos!$G$4:$G$107,MATCH($A35,Partidos!$A$4:$A$107,0))),Puntuacion!$B$9,IF(($E35-$F35)=(INDEX(Partidos!$F$4:$F$107,MATCH($A35,Partidos!$A$4:$A$107,0))-INDEX(Partidos!$G$4:$G$107,MATCH($A35,Partidos!$A$4:$A$107,0))),Puntuacion!$B$10,IF(AND($H35<>"",$H35=INDEX(Partidos!$K$4:$K$107,MATCH($A35,Partidos!$A$4:$A$107,0))),Puntuacion!$B$11,0)))))),"") | H35: =IFERROR(INDEX(Papá!H$4:H$107,MATCH($A35,Papá!$A$4:$A$107,0)),"") | I35: =IFERROR(INDEX(Partidos!$J$4:$J$107,MATCH($A35,Partidos!$A$4:$A$107,0)),"") | J35: =IF(AND(INDEX(Partidos!$J$4:$J$107,MATCH($A35,Partidos!$A$4:$A$107,0))<>"Grupos",INDEX(Partidos!$H$4:$H$107,MATCH($A35,Partidos!$A$4:$A$107,0))="Finalizado",$H35<>"",$H35=INDEX(Partidos!$K$4:$K$107,MATCH($A35,Partidos!$A$4:$A$107,0))),1,0)
A36: 11 | B36: =IFERROR(INDEX(Partidos!$D$4:$D$107,MATCH($A36,Partidos!$A$4:$A$107,0)),"") | C36: =IFERROR(INDEX(Partidos!$E$4:$E$107,MATCH($A36,Partidos!$A$4:$A$107,0)),"") | D36: Diego | E36: =IFERROR(INDEX(Diego!F$4:F$107,MATCH($A36,Diego!$A$4:$A$107,0)),"") | F36: =IFERROR(INDEX(Diego!G$4:G$107,MATCH($A36,Diego!$A$4:$A$107,0)),"") | G36: =IFERROR(IF(INDEX(Partidos!$H$4:$H$107,MATCH($A36,Partidos!$A$4:$A$107,0))<>"Finalizado","",IF(OR(NOT(ISNUMBER($E36)),NOT(ISNUMBER($F36))),"",IF(INDEX(Partidos!$J$4:$J$107,MATCH($A36,Partidos!$A$4:$A$107,0))="Grupos",IF(AND($E36=INDEX(Partidos!$F$4:$F$107,MATCH($A36,Partidos!$A$4:$A$107,0)),$F36=INDEX(Partidos!$G$4:$G$107,MATCH($A36,Partidos!$A$4:$A$107,0))),Puntuacion!$B$4,IF(($E36-$F36)=(INDEX(Partidos!$F$4:$F$107,MATCH($A36,Partidos!$A$4:$A$107,0))-INDEX(Partidos!$G$4:$G$107,MATCH($A36,Partidos!$A$4:$A$107,0))),Puntuacion!$B$5,IF(OR(AND($E36>$F36,INDEX(Partidos!$F$4:$F$107,MATCH($A36,Partidos!$A$4:$A$107,0))>INDEX(Partidos!$G$4:$G$107,MATCH($A36,Partidos!$A$4:$A$107,0))),AND($E36=$F36,INDEX(Partidos!$F$4:$F$107,MATCH($A36,Partidos!$A$4:$A$107,0))=INDEX(Partidos!$G$4:$G$107,MATCH($A36,Partidos!$A$4:$A$107,0))),AND($E36<$F36,INDEX(Partidos!$F$4:$F$107,MATCH($A36,Partidos!$A$4:$A$107,0))<INDEX(Partidos!$G$4:$G$107,MATCH($A36,Partidos!$A$4:$A$107,0)))),Puntuacion!$B$6,0))),IF(AND($E36=INDEX(Partidos!$F$4:$F$107,MATCH($A36,Partidos!$A$4:$A$107,0)),$F36=INDEX(Partidos!$G$4:$G$107,MATCH($A36,Partidos!$A$4:$A$107,0))),Puntuacion!$B$9,IF(($E36-$F36)=(INDEX(Partidos!$F$4:$F$107,MATCH($A36,Partidos!$A$4:$A$107,0))-INDEX(Partidos!$G$4:$G$107,MATCH($A36,Partidos!$A$4:$A$107,0))),Puntuacion!$B$10,IF(AND($H36<>"",$H36=INDEX(Partidos!$K$4:$K$107,MATCH($A36,Partidos!$A$4:$A$107,0))),Puntuacion!$B$11,0)))))),"") | H36: =IFERROR(INDEX(Diego!H$4:H$107,MATCH($A36,Diego!$A$4:$A$107,0)),"") | I36: =IFERROR(INDEX(Partidos!$J$4:$J$107,MATCH($A36,Partidos!$A$4:$A$107,0)),"") | J36: =IF(AND(INDEX(Partidos!$J$4:$J$107,MATCH($A36,Partidos!$A$4:$A$107,0))<>"Grupos",INDEX(Partidos!$H$4:$H$107,MATCH($A36,Partidos!$A$4:$A$107,0))="Finalizado",$H36<>"",$H36=INDEX(Partidos!$K$4:$K$107,MATCH($A36,Partidos!$A$4:$A$107,0))),1,0)
A37: 12 | B37: =IFERROR(INDEX(Partidos!$D$4:$D$107,MATCH($A37,Partidos!$A$4:$A$107,0)),"") | C37: =IFERROR(INDEX(Partidos!$E$4:$E$107,MATCH($A37,Partidos!$A$4:$A$107,0)),"") | D37: Álvaro | E37: =IFERROR(INDEX(Álvaro!F$4:F$107,MATCH($A37,Álvaro!$A$4:$A$107,0)),"") | F37: =IFERROR(INDEX(Álvaro!G$4:G$107,MATCH($A37,Álvaro!$A$4:$A$107,0)),"") | G37: =IFERROR(IF(INDEX(Partidos!$H$4:$H$107,MATCH($A37,Partidos!$A$4:$A$107,0))<>"Finalizado","",IF(OR(NOT(ISNUMBER($E37)),NOT(ISNUMBER($F37))),"",IF(INDEX(Partidos!$J$4:$J$107,MATCH($A37,Partidos!$A$4:$A$107,0))="Grupos",IF(AND($E37=INDEX(Partidos!$F$4:$F$107,MATCH($A37,Partidos!$A$4:$A$107,0)),$F37=INDEX(Partidos!$G$4:$G$107,MATCH($A37,Partidos!$A$4:$A$107,0))),Puntuacion!$B$4,IF(($E37-$F37)=(INDEX(Partidos!$F$4:$F$107,MATCH($A37,Partidos!$A$4:$A$107,0))-INDEX(Partidos!$G$4:$G$107,MATCH($A37,Partidos!$A$4:$A$107,0))),Puntuacion!$B$5,IF(OR(AND($E37>$F37,INDEX(Partidos!$F$4:$F$107,MATCH($A37,Partidos!$A$4:$A$107,0))>INDEX(Partidos!$G$4:$G$107,MATCH($A37,Partidos!$A$4:$A$107,0))),AND($E37=$F37,INDEX(Partidos!$F$4:$F$107,MATCH($A37,Partidos!$A$4:$A$107,0))=INDEX(Partidos!$G$4:$G$107,MATCH($A37,Partidos!$A$4:$A$107,0))),AND($E37<$F37,INDEX(Partidos!$F$4:$F$107,MATCH($A37,Partidos!$A$4:$A$107,0))<INDEX(Partidos!$G$4:$G$107,MATCH($A37,Partidos!$A$4:$A$107,0)))),Puntuacion!$B$6,0))),IF(AND($E37=INDEX(Partidos!$F$4:$F$107,MATCH($A37,Partidos!$A$4:$A$107,0)),$F37=INDEX(Partidos!$G$4:$G$107,MATCH($A37,Partidos!$A$4:$A$107,0))),Puntuacion!$B$9,IF(($E37-$F37)=(INDEX(Partidos!$F$4:$F$107,MATCH($A37,Partidos!$A$4:$A$107,0))-INDEX(Partidos!$G$4:$G$107,MATCH($A37,Partidos!$A$4:$A$107,0))),Puntuacion!$B$10,IF(AND($H37<>"",$H37=INDEX(Partidos!$K$4:$K$107,MATCH($A37,Partidos!$A$4:$A$107,0))),Puntuacion!$B$11,0)))))),"") | H37: =IFERROR(INDEX(Álvaro!H$4:H$107,MATCH($A37,Álvaro!$A$4:$A$107,0)),"") | I37: =IFERROR(INDEX(Partidos!$J$4:$J$107,MATCH($A37,Partidos!$A$4:$A$107,0)),"") | J37: =IF(AND(INDEX(Partidos!$J$4:$J$107,MATCH($A37,Partidos!$A$4:$A$107,0))<>"Grupos",INDEX(Partidos!$H$4:$H$107,MATCH($A37,Partidos!$A$4:$A$107,0))="Finalizado",$H37<>"",$H37=INDEX(Partidos!$K$4:$K$107,MATCH($A37,Partidos!$A$4:$A$107,0))),1,0)
A38: 12 | B38: =IFERROR(INDEX(Partidos!$D$4:$D$107,MATCH($A38,Partidos!$A$4:$A$107,0)),"") | C38: =IFERROR(INDEX(Partidos!$E$4:$E$107,MATCH($A38,Partidos!$A$4:$A$107,0)),"") | D38: Papá | E38: =IFERROR(INDEX(Papá!F$4:F$107,MATCH($A38,Papá!$A$4:$A$107,0)),"") | F38: =IFERROR(INDEX(Papá!G$4:G$107,MATCH($A38,Papá!$A$4:$A$107,0)),"") | G38: =IFERROR(IF(INDEX(Partidos!$H$4:$H$107,MATCH($A38,Partidos!$A$4:$A$107,0))<>"Finalizado","",IF(OR(NOT(ISNUMBER($E38)),NOT(ISNUMBER($F38))),"",IF(INDEX(Partidos!$J$4:$J$107,MATCH($A38,Partidos!$A$4:$A$107,0))="Grupos",IF(AND($E38=INDEX(Partidos!$F$4:$F$107,MATCH($A38,Partidos!$A$4:$A$107,0)),$F38=INDEX(Partidos!$G$4:$G$107,MATCH($A38,Partidos!$A$4:$A$107,0))),Puntuacion!$B$4,IF(($E38-$F38)=(INDEX(Partidos!$F$4:$F$107,MATCH($A38,Partidos!$A$4:$A$107,0))-INDEX(Partidos!$G$4:$G$107,MATCH($A38,Partidos!$A$4:$A$107,0))),Puntuacion!$B$5,IF(OR(AND($E38>$F38,INDEX(Partidos!$F$4:$F$107,MATCH($A38,Partidos!$A$4:$A$107,0))>INDEX(Partidos!$G$4:$G$107,MATCH($A38,Partidos!$A$4:$A$107,0))),AND($E38=$F38,INDEX(Partidos!$F$4:$F$107,MATCH($A38,Partidos!$A$4:$A$107,0))=INDEX(Partidos!$G$4:$G$107,MATCH($A38,Partidos!$A$4:$A$107,0))),AND($E38<$F38,INDEX(Partidos!$F$4:$F$107,MATCH($A38,Partidos!$A$4:$A$107,0))<INDEX(Partidos!$G$4:$G$107,MATCH($A38,Partidos!$A$4:$A$107,0)))),Puntuacion!$B$6,0))),IF(AND($E38=INDEX(Partidos!$F$4:$F$107,MATCH($A38,Partidos!$A$4:$A$107,0)),$F38=INDEX(Partidos!$G$4:$G$107,MATCH($A38,Partidos!$A$4:$A$107,0))),Puntuacion!$B$9,IF(($E38-$F38)=(INDEX(Partidos!$F$4:$F$107,MATCH($A38,Partidos!$A$4:$A$107,0))-INDEX(Partidos!$G$4:$G$107,MATCH($A38,Partidos!$A$4:$A$107,0))),Puntuacion!$B$10,IF(AND($H38<>"",$H38=INDEX(Partidos!$K$4:$K$107,MATCH($A38,Partidos!$A$4:$A$107,0))),Puntuacion!$B$11,0)))))),"") | H38: =IFERROR(INDEX(Papá!H$4:H$107,MATCH($A38,Papá!$A$4:$A$107,0)),"") | I38: =IFERROR(INDEX(Partidos!$J$4:$J$107,MATCH($A38,Partidos!$A$4:$A$107,0)),"") | J38: =IF(AND(INDEX(Partidos!$J$4:$J$107,MATCH($A38,Partidos!$A$4:$A$107,0))<>"Grupos",INDEX(Partidos!$H$4:$H$107,MATCH($A38,Partidos!$A$4:$A$107,0))="Finalizado",$H38<>"",$H38=INDEX(Partidos!$K$4:$K$107,MATCH($A38,Partidos!$A$4:$A$107,0))),1,0)
A39: 12 | B39: =IFERROR(INDEX(Partidos!$D$4:$D$107,MATCH($A39,Partidos!$A$4:$A$107,0)),"") | C39: =IFERROR(INDEX(Partidos!$E$4:$E$107,MATCH($A39,Partidos!$A$4:$A$107,0)),"") | D39: Diego | E39: =IFERROR(INDEX(Diego!F$4:F$107,MATCH($A39,Diego!$A$4:$A$107,0)),"") | F39: =IFERROR(INDEX(Diego!G$4:G$107,MATCH($A39,Diego!$A$4:$A$107,0)),"") | G39: =IFERROR(IF(INDEX(Partidos!$H$4:$H$107,MATCH($A39,Partidos!$A$4:$A$107,0))<>"Finalizado","",IF(OR(NOT(ISNUMBER($E39)),NOT(ISNUMBER($F39))),"",IF(INDEX(Partidos!$J$4:$J$107,MATCH($A39,Partidos!$A$4:$A$107,0))="Grupos",IF(AND($E39=INDEX(Partidos!$F$4:$F$107,MATCH($A39,Partidos!$A$4:$A$107,0)),$F39=INDEX(Partidos!$G$4:$G$107,MATCH($A39,Partidos!$A$4:$A$107,0))),Puntuacion!$B$4,IF(($E39-$F39)=(INDEX(Partidos!$F$4:$F$107,MATCH($A39,Partidos!$A$4:$A$107,0))-INDEX(Partidos!$G$4:$G$107,MATCH($A39,Partidos!$A$4:$A$107,0))),Puntuacion!$B$5,IF(OR(AND($E39>$F39,INDEX(Partidos!$F$4:$F$107,MATCH($A39,Partidos!$A$4:$A$107,0))>INDEX(Partidos!$G$4:$G$107,MATCH($A39,Partidos!$A$4:$A$107,0))),AND($E39=$F39,INDEX(Partidos!$F$4:$F$107,MATCH($A39,Partidos!$A$4:$A$107,0))=INDEX(Partidos!$G$4:$G$107,MATCH($A39,Partidos!$A$4:$A$107,0))),AND($E39<$F39,INDEX(Partidos!$F$4:$F$107,MATCH($A39,Partidos!$A$4:$A$107,0))<INDEX(Partidos!$G$4:$G$107,MATCH($A39,Partidos!$A$4:$A$107,0)))),Puntuacion!$B$6,0))),IF(AND($E39=INDEX(Partidos!$F$4:$F$107,MATCH($A39,Partidos!$A$4:$A$107,0)),$F39=INDEX(Partidos!$G$4:$G$107,MATCH($A39,Partidos!$A$4:$A$107,0))),Puntuacion!$B$9,IF(($E39-$F39)=(INDEX(Partidos!$F$4:$F$107,MATCH($A39,Partidos!$A$4:$A$107,0))-INDEX(Partidos!$G$4:$G$107,MATCH($A39,Partidos!$A$4:$A$107,0))),Puntuacion!$B$10,IF(AND($H39<>"",$H39=INDEX(Partidos!$K$4:$K$107,MATCH($A39,Partidos!$A$4:$A$107,0))),Puntuacion!$B$11,0)))))),"") | H39: =IFERROR(INDEX(Diego!H$4:H$107,MATCH($A39,Diego!$A$4:$A$107,0)),"") | I39: =IFERROR(INDEX(Partidos!$J$4:$J$107,MATCH($A39,Partidos!$A$4:$A$107,0)),"") | J39: =IF(AND(INDEX(Partidos!$J$4:$J$107,MATCH($A39,Partidos!$A$4:$A$107,0))<>"Grupos",INDEX(Partidos!$H$4:$H$107,MATCH($A39,Partidos!$A$4:$A$107,0))="Finalizado",$H39<>"",$H39=INDEX(Partidos!$K$4:$K$107,MATCH($A39,Partidos!$A$4:$A$107,0))),1,0)
A40: 13 | B40: =IFERROR(INDEX(Partidos!$D$4:$D$107,MATCH($A40,Partidos!$A$4:$A$107,0)),"") | C40: =IFERROR(INDEX(Partidos!$E$4:$E$107,MATCH($A40,Partidos!$A$4:$A$107,0)),"") | D40: Álvaro | E40: =IFERROR(INDEX(Álvaro!F$4:F$107,MATCH($A40,Álvaro!$A$4:$A$107,0)),"") | F40: =IFERROR(INDEX(Álvaro!G$4:G$107,MATCH($A40,Álvaro!$A$4:$A$107,0)),"") | G40: =IFERROR(IF(INDEX(Partidos!$H$4:$H$107,MATCH($A40,Partidos!$A$4:$A$107,0))<>"Finalizado","",IF(OR(NOT(ISNUMBER($E40)),NOT(ISNUMBER($F40))),"",IF(INDEX(Partidos!$J$4:$J$107,MATCH($A40,Partidos!$A$4:$A$107,0))="Grupos",IF(AND($E40=INDEX(Partidos!$F$4:$F$107,MATCH($A40,Partidos!$A$4:$A$107,0)),$F40=INDEX(Partidos!$G$4:$G$107,MATCH($A40,Partidos!$A$4:$A$107,0))),Puntuacion!$B$4,IF(($E40-$F40)=(INDEX(Partidos!$F$4:$F$107,MATCH($A40,Partidos!$A$4:$A$107,0))-INDEX(Partidos!$G$4:$G$107,MATCH($A40,Partidos!$A$4:$A$107,0))),Puntuacion!$B$5,IF(OR(AND($E40>$F40,INDEX(Partidos!$F$4:$F$107,MATCH($A40,Partidos!$A$4:$A$107,0))>INDEX(Partidos!$G$4:$G$107,MATCH($A40,Partidos!$A$4:$A$107,0))),AND($E40=$F40,INDEX(Partidos!$F$4:$F$107,MATCH($A40,Partidos!$A$4:$A$107,0))=INDEX(Partidos!$G$4:$G$107,MATCH($A40,Partidos!$A$4:$A$107,0))),AND($E40<$F40,INDEX(Partidos!$F$4:$F$107,MATCH($A40,Partidos!$A$4:$A$107,0))<INDEX(Partidos!$G$4:$G$107,MATCH($A40,Partidos!$A$4:$A$107,0)))),Puntuacion!$B$6,0))),IF(AND($E40=INDEX(Partidos!$F$4:$F$107,MATCH($A40,Partidos!$A$4:$A$107,0)),$F40=INDEX(Partidos!$G$4:$G$107,MATCH($A40,Partidos!$A$4:$A$107,0))),Puntuacion!$B$9,IF(($E40-$F40)=(INDEX(Partidos!$F$4:$F$107,MATCH($A40,Partidos!$A$4:$A$107,0))-INDEX(Partidos!$G$4:$G$107,MATCH($A40,Partidos!$A$4:$A$107,0))),Puntuacion!$B$10,IF(AND($H40<>"",$H40=INDEX(Partidos!$K$4:$K$107,MATCH($A40,Partidos!$A$4:$A$107,0))),Puntuacion!$B$11,0)))))),"") | H40: =IFERROR(INDEX(Álvaro!H$4:H$107,MATCH($A40,Álvaro!$A$4:$A$107,0)),"") | I40: =IFERROR(INDEX(Partidos!$J$4:$J$107,MATCH($A40,Partidos!$A$4:$A$107,0)),"") | J40: =IF(AND(INDEX(Partidos!$J$4:$J$107,MATCH($A40,Partidos!$A$4:$A$107,0))<>"Grupos",INDEX(Partidos!$H$4:$H$107,MATCH($A40,Partidos!$A$4:$A$107,0))="Finalizado",$H40<>"",$H40=INDEX(Partidos!$K$4:$K$107,MATCH($A40,Partidos!$A$4:$A$107,0))),1,0)
A41: 13 | B41: =IFERROR(INDEX(Partidos!$D$4:$D$107,MATCH($A41,Partidos!$A$4:$A$107,0)),"") | C41: =IFERROR(INDEX(Partidos!$E$4:$E$107,MATCH($A41,Partidos!$A$4:$A$107,0)),"") | D41: Papá | E41: =IFERROR(INDEX(Papá!F$4:F$107,MATCH($A41,Papá!$A$4:$A$107,0)),"") | F41: =IFERROR(INDEX(Papá!G$4:G$107,MATCH($A41,Papá!$A$4:$A$107,0)),"") | G41: =IFERROR(IF(INDEX(Partidos!$H$4:$H$107,MATCH($A41,Partidos!$A$4:$A$107,0))<>"Finalizado","",IF(OR(NOT(ISNUMBER($E41)),NOT(ISNUMBER($F41))),"",IF(INDEX(Partidos!$J$4:$J$107,MATCH($A41,Partidos!$A$4:$A$107,0))="Grupos",IF(AND($E41=INDEX(Partidos!$F$4:$F$107,MATCH($A41,Partidos!$A$4:$A$107,0)),$F41=INDEX(Partidos!$G$4:$G$107,MATCH($A41,Partidos!$A$4:$A$107,0))),Puntuacion!$B$4,IF(($E41-$F41)=(INDEX(Partidos!$F$4:$F$107,MATCH($A41,Partidos!$A$4:$A$107,0))-INDEX(Partidos!$G$4:$G$107,MATCH($A41,Partidos!$A$4:$A$107,0))),Puntuacion!$B$5,IF(OR(AND($E41>$F41,INDEX(Partidos!$F$4:$F$107,MATCH($A41,Partidos!$A$4:$A$107,0))>INDEX(Partidos!$G$4:$G$107,MATCH($A41,Partidos!$A$4:$A$107,0))),AND($E41=$F41,INDEX(Partidos!$F$4:$F$107,MATCH($A41,Partidos!$A$4:$A$107,0))=INDEX(Partidos!$G$4:$G$107,MATCH($A41,Partidos!$A$4:$A$107,0))),AND($E41<$F41,INDEX(Partidos!$F$4:$F$107,MATCH($A41,Partidos!$A$4:$A$107,0))<INDEX(Partidos!$G$4:$G$107,MATCH($A41,Partidos!$A$4:$A$107,0)))),Puntuacion!$B$6,0))),IF(AND($E41=INDEX(Partidos!$F$4:$F$107,MATCH($A41,Partidos!$A$4:$A$107,0)),$F41=INDEX(Partidos!$G$4:$G$107,MATCH($A41,Partidos!$A$4:$A$107,0))),Puntuacion!$B$9,IF(($E41-$F41)=(INDEX(Partidos!$F$4:$F$107,MATCH($A41,Partidos!$A$4:$A$107,0))-INDEX(Partidos!$G$4:$G$107,MATCH($A41,Partidos!$A$4:$A$107,0))),Puntuacion!$B$10,IF(AND($H41<>"",$H41=INDEX(Partidos!$K$4:$K$107,MATCH($A41,Partidos!$A$4:$A$107,0))),Puntuacion!$B$11,0)))))),"") | H41: =IFERROR(INDEX(Papá!H$4:H$107,MATCH($A41,Papá!$A$4:$A$107,0)),"") | I41: =IFERROR(INDEX(Partidos!$J$4:$J$107,MATCH($A41,Partidos!$A$4:$A$107,0)),"") | J41: =IF(AND(INDEX(Partidos!$J$4:$J$107,MATCH($A41,Partidos!$A$4:$A$107,0))<>"Grupos",INDEX(Partidos!$H$4:$H$107,MATCH($A41,Partidos!$A$4:$A$107,0))="Finalizado",$H41<>"",$H41=INDEX(Partidos!$K$4:$K$107,MATCH($A41,Partidos!$A$4:$A$107,0))),1,0)
A42: 13 | B42: =IFERROR(INDEX(Partidos!$D$4:$D$107,MATCH($A42,Partidos!$A$4:$A$107,0)),"") | C42: =IFERROR(INDEX(Partidos!$E$4:$E$107,MATCH($A42,Partidos!$A$4:$A$107,0)),"") | D42: Diego | E42: =IFERROR(INDEX(Diego!F$4:F$107,MATCH($A42,Diego!$A$4:$A$107,0)),"") | F42: =IFERROR(INDEX(Diego!G$4:G$107,MATCH($A42,Diego!$A$4:$A$107,0)),"") | G42: =IFERROR(IF(INDEX(Partidos!$H$4:$H$107,MATCH($A42,Partidos!$A$4:$A$107,0))<>"Finalizado","",IF(OR(NOT(ISNUMBER($E42)),NOT(ISNUMBER($F42))),"",IF(INDEX(Partidos!$J$4:$J$107,MATCH($A42,Partidos!$A$4:$A$107,0))="Grupos",IF(AND($E42=INDEX(Partidos!$F$4:$F$107,MATCH($A42,Partidos!$A$4:$A$107,0)),$F42=INDEX(Partidos!$G$4:$G$107,MATCH($A42,Partidos!$A$4:$A$107,0))),Puntuacion!$B$4,IF(($E42-$F42)=(INDEX(Partidos!$F$4:$F$107,MATCH($A42,Partidos!$A$4:$A$107,0))-INDEX(Partidos!$G$4:$G$107,MATCH($A42,Partidos!$A$4:$A$107,0))),Puntuacion!$B$5,IF(OR(AND($E42>$F42,INDEX(Partidos!$F$4:$F$107,MATCH($A42,Partidos!$A$4:$A$107,0))>INDEX(Partidos!$G$4:$G$107,MATCH($A42,Partidos!$A$4:$A$107,0))),AND($E42=$F42,INDEX(Partidos!$F$4:$F$107,MATCH($A42,Partidos!$A$4:$A$107,0))=INDEX(Partidos!$G$4:$G$107,MATCH($A42,Partidos!$A$4:$A$107,0))),AND($E42<$F42,INDEX(Partidos!$F$4:$F$107,MATCH($A42,Partidos!$A$4:$A$107,0))<INDEX(Partidos!$G$4:$G$107,MATCH($A42,Partidos!$A$4:$A$107,0)))),Puntuacion!$B$6,0))),IF(AND($E42=INDEX(Partidos!$F$4:$F$107,MATCH($A42,Partidos!$A$4:$A$107,0)),$F42=INDEX(Partidos!$G$4:$G$107,MATCH($A42,Partidos!$A$4:$A$107,0))),Puntuacion!$B$9,IF(($E42-$F42)=(INDEX(Partidos!$F$4:$F$107,MATCH($A42,Partidos!$A$4:$A$107,0))-INDEX(Partidos!$G$4:$G$107,MATCH($A42,Partidos!$A$4:$A$107,0))),Puntuacion!$B$10,IF(AND($H42<>"",$H42=INDEX(Partidos!$K$4:$K$107,MATCH($A42,Partidos!$A$4:$A$107,0))),Puntuacion!$B$11,0)))))),"") | H42: =IFERROR(INDEX(Diego!H$4:H$107,MATCH($A42,Diego!$A$4:$A$107,0)),"") | I42: =IFERROR(INDEX(Partidos!$J$4:$J$107,MATCH($A42,Partidos!$A$4:$A$107,0)),"") | J42: =IF(AND(INDEX(Partidos!$J$4:$J$107,MATCH($A42,Partidos!$A$4:$A$107,0))<>"Grupos",INDEX(Partidos!$H$4:$H$107,MATCH($A42,Partidos!$A$4:$A$107,0))="Finalizado",$H42<>"",$H42=INDEX(Partidos!$K$4:$K$107,MATCH($A42,Partidos!$A$4:$A$107,0))),1,0)
A43: 14 | B43: =IFERROR(INDEX(Partidos!$D$4:$D$107,MATCH($A43,Partidos!$A$4:$A$107,0)),"") | C43: =IFERROR(INDEX(Partidos!$E$4:$E$107,MATCH($A43,Partidos!$A$4:$A$107,0)),"") | D43: Álvaro | E43: =IFERROR(INDEX(Álvaro!F$4:F$107,MATCH($A43,Álvaro!$A$4:$A$107,0)),"") | F43: =IFERROR(INDEX(Álvaro!G$4:G$107,MATCH($A43,Álvaro!$A$4:$A$107,0)),"") | G43: =IFERROR(IF(INDEX(Partidos!$H$4:$H$107,MATCH($A43,Partidos!$A$4:$A$107,0))<>"Finalizado","",IF(OR(NOT(ISNUMBER($E43)),NOT(ISNUMBER($F43))),"",IF(INDEX(Partidos!$J$4:$J$107,MATCH($A43,Partidos!$A$4:$A$107,0))="Grupos",IF(AND($E43=INDEX(Partidos!$F$4:$F$107,MATCH($A43,Partidos!$A$4:$A$107,0)),$F43=INDEX(Partidos!$G$4:$G$107,MATCH($A43,Partidos!$A$4:$A$107,0))),Puntuacion!$B$4,IF(($E43-$F43)=(INDEX(Partidos!$F$4:$F$107,MATCH($A43,Partidos!$A$4:$A$107,0))-INDEX(Partidos!$G$4:$G$107,MATCH($A43,Partidos!$A$4:$A$107,0))),Puntuacion!$B$5,IF(OR(AND($E43>$F43,INDEX(Partidos!$F$4:$F$107,MATCH($A43,Partidos!$A$4:$A$107,0))>INDEX(Partidos!$G$4:$G$107,MATCH($A43,Partidos!$A$4:$A$107,0))),AND($E43=$F43,INDEX(Partidos!$F$4:$F$107,MATCH($A43,Partidos!$A$4:$A$107,0))=INDEX(Partidos!$G$4:$G$107,MATCH($A43,Partidos!$A$4:$A$107,0))),AND($E43<$F43,INDEX(Partidos!$F$4:$F$107,MATCH($A43,Partidos!$A$4:$A$107,0))<INDEX(Partidos!$G$4:$G$107,MATCH($A43,Partidos!$A$4:$A$107,0)))),Puntuacion!$B$6,0))),IF(AND($E43=INDEX(Partidos!$F$4:$F$107,MATCH($A43,Partidos!$A$4:$A$107,0)),$F43=INDEX(Partidos!$G$4:$G$107,MATCH($A43,Partidos!$A$4:$A$107,0))),Puntuacion!$B$9,IF(($E43-$F43)=(INDEX(Partidos!$F$4:$F$107,MATCH($A43,Partidos!$A$4:$A$107,0))-INDEX(Partidos!$G$4:$G$107,MATCH($A43,Partidos!$A$4:$A$107,0))),Puntuacion!$B$10,IF(AND($H43<>"",$H43=INDEX(Partidos!$K$4:$K$107,MATCH($A43,Partidos!$A$4:$A$107,0))),Puntuacion!$B$11,0)))))),"") | H43: =IFERROR(INDEX(Álvaro!H$4:H$107,MATCH($A43,Álvaro!$A$4:$A$107,0)),"") | I43: =IFERROR(INDEX(Partidos!$J$4:$J$107,MATCH($A43,Partidos!$A$4:$A$107,0)),"") | J43: =IF(AND(INDEX(Partidos!$J$4:$J$107,MATCH($A43,Partidos!$A$4:$A$107,0))<>"Grupos",INDEX(Partidos!$H$4:$H$107,MATCH($A43,Partidos!$A$4:$A$107,0))="Finalizado",$H43<>"",$H43=INDEX(Partidos!$K$4:$K$107,MATCH($A43,Partidos!$A$4:$A$107,0))),1,0)
A44: 14 | B44: =IFERROR(INDEX(Partidos!$D$4:$D$107,MATCH($A44,Partidos!$A$4:$A$107,0)),"") | C44: =IFERROR(INDEX(Partidos!$E$4:$E$107,MATCH($A44,Partidos!$A$4:$A$107,0)),"") | D44: Papá | E44: =IFERROR(INDEX(Papá!F$4:F$107,MATCH($A44,Papá!$A$4:$A$107,0)),"") | F44: =IFERROR(INDEX(Papá!G$4:G$107,MATCH($A44,Papá!$A$4:$A$107,0)),"") | G44: =IFERROR(IF(INDEX(Partidos!$H$4:$H$107,MATCH($A44,Partidos!$A$4:$A$107,0))<>"Finalizado","",IF(OR(NOT(ISNUMBER($E44)),NOT(ISNUMBER($F44))),"",IF(INDEX(Partidos!$J$4:$J$107,MATCH($A44,Partidos!$A$4:$A$107,0))="Grupos",IF(AND($E44=INDEX(Partidos!$F$4:$F$107,MATCH($A44,Partidos!$A$4:$A$107,0)),$F44=INDEX(Partidos!$G$4:$G$107,MATCH($A44,Partidos!$A$4:$A$107,0))),Puntuacion!$B$4,IF(($E44-$F44)=(INDEX(Partidos!$F$4:$F$107,MATCH($A44,Partidos!$A$4:$A$107,0))-INDEX(Partidos!$G$4:$G$107,MATCH($A44,Partidos!$A$4:$A$107,0))),Puntuacion!$B$5,IF(OR(AND($E44>$F44,INDEX(Partidos!$F$4:$F$107,MATCH($A44,Partidos!$A$4:$A$107,0))>INDEX(Partidos!$G$4:$G$107,MATCH($A44,Partidos!$A$4:$A$107,0))),AND($E44=$F44,INDEX(Partidos!$F$4:$F$107,MATCH($A44,Partidos!$A$4:$A$107,0))=INDEX(Partidos!$G$4:$G$107,MATCH($A44,Partidos!$A$4:$A$107,0))),AND($E44<$F44,INDEX(Partidos!$F$4:$F$107,MATCH($A44,Partidos!$A$4:$A$107,0))<INDEX(Partidos!$G$4:$G$107,MATCH($A44,Partidos!$A$4:$A$107,0)))),Puntuacion!$B$6,0))),IF(AND($E44=INDEX(Partidos!$F$4:$F$107,MATCH($A44,Partidos!$A$4:$A$107,0)),$F44=INDEX(Partidos!$G$4:$G$107,MATCH($A44,Partidos!$A$4:$A$107,0))),Puntuacion!$B$9,IF(($E44-$F44)=(INDEX(Partidos!$F$4:$F$107,MATCH($A44,Partidos!$A$4:$A$107,0))-INDEX(Partidos!$G$4:$G$107,MATCH($A44,Partidos!$A$4:$A$107,0))),Puntuacion!$B$10,IF(AND($H44<>"",$H44=INDEX(Partidos!$K$4:$K$107,MATCH($A44,Partidos!$A$4:$A$107,0))),Puntuacion!$B$11,0)))))),"") | H44: =IFERROR(INDEX(Papá!H$4:H$107,MATCH($A44,Papá!$A$4:$A$107,0)),"") | I44: =IFERROR(INDEX(Partidos!$J$4:$J$107,MATCH($A44,Partidos!$A$4:$A$107,0)),"") | J44: =IF(AND(INDEX(Partidos!$J$4:$J$107,MATCH($A44,Partidos!$A$4:$A$107,0))<>"Grupos",INDEX(Partidos!$H$4:$H$107,MATCH($A44,Partidos!$A$4:$A$107,0))="Finalizado",$H44<>"",$H44=INDEX(Partidos!$K$4:$K$107,MATCH($A44,Partidos!$A$4:$A$107,0))),1,0)
A45: 14 | B45: =IFERROR(INDEX(Partidos!$D$4:$D$107,MATCH($A45,Partidos!$A$4:$A$107,0)),"") | C45: =IFERROR(INDEX(Partidos!$E$4:$E$107,MATCH($A45,Partidos!$A$4:$A$107,0)),"") | D45: Diego | E45: =IFERROR(INDEX(Diego!F$4:F$107,MATCH($A45,Diego!$A$4:$A$107,0)),"") | F45: =IFERROR(INDEX(Diego!G$4:G$107,MATCH($A45,Diego!$A$4:$A$107,0)),"") | G45: =IFERROR(IF(INDEX(Partidos!$H$4:$H$107,MATCH($A45,Partidos!$A$4:$A$107,0))<>"Finalizado","",IF(OR(NOT(ISNUMBER($E45)),NOT(ISNUMBER($F45))),"",IF(INDEX(Partidos!$J$4:$J$107,MATCH($A45,Partidos!$A$4:$A$107,0))="Grupos",IF(AND($E45=INDEX(Partidos!$F$4:$F$107,MATCH($A45,Partidos!$A$4:$A$107,0)),$F45=INDEX(Partidos!$G$4:$G$107,MATCH($A45,Partidos!$A$4:$A$107,0))),Puntuacion!$B$4,IF(($E45-$F45)=(INDEX(Partidos!$F$4:$F$107,MATCH($A45,Partidos!$A$4:$A$107,0))-INDEX(Partidos!$G$4:$G$107,MATCH($A45,Partidos!$A$4:$A$107,0))),Puntuacion!$B$5,IF(OR(AND($E45>$F45,INDEX(Partidos!$F$4:$F$107,MATCH($A45,Partidos!$A$4:$A$107,0))>INDEX(Partidos!$G$4:$G$107,MATCH($A45,Partidos!$A$4:$A$107,0))),AND($E45=$F45,INDEX(Partidos!$F$4:$F$107,MATCH($A45,Partidos!$A$4:$A$107,0))=INDEX(Partidos!$G$4:$G$107,MATCH($A45,Partidos!$A$4:$A$107,0))),AND($E45<$F45,INDEX(Partidos!$F$4:$F$107,MATCH($A45,Partidos!$A$4:$A$107,0))<INDEX(Partidos!$G$4:$G$107,MATCH($A45,Partidos!$A$4:$A$107,0)))),Puntuacion!$B$6,0))),IF(AND($E45=INDEX(Partidos!$F$4:$F$107,MATCH($A45,Partidos!$A$4:$A$107,0)),$F45=INDEX(Partidos!$G$4:$G$107,MATCH($A45,Partidos!$A$4:$A$107,0))),Puntuacion!$B$9,IF(($E45-$F45)=(INDEX(Partidos!$F$4:$F$107,MATCH($A45,Partidos!$A$4:$A$107,0))-INDEX(Partidos!$G$4:$G$107,MATCH($A45,Partidos!$A$4:$A$107,0))),Puntuacion!$B$10,IF(AND($H45<>"",$H45=INDEX(Partidos!$K$4:$K$107,MATCH($A45,Partidos!$A$4:$A$107,0))),Puntuacion!$B$11,0)))))),"") | H45: =IFERROR(INDEX(Diego!H$4:H$107,MATCH($A45,Diego!$A$4:$A$107,0)),"") | I45: =IFERROR(INDEX(Partidos!$J$4:$J$107,MATCH($A45,Partidos!$A$4:$A$107,0)),"") | J45: =IF(AND(INDEX(Partidos!$J$4:$J$107,MATCH($A45,Partidos!$A$4:$A$107,0))<>"Grupos",INDEX(Partidos!$H$4:$H$107,MATCH($A45,Partidos!$A$4:$A$107,0))="Finalizado",$H45<>"",$H45=INDEX(Partidos!$K$4:$K$107,MATCH($A45,Partidos!$A$4:$A$107,0))),1,0)
A46: 15 | B46: =IFERROR(INDEX(Partidos!$D$4:$D$107,MATCH($A46,Partidos!$A$4:$A$107,0)),"") | C46: =IFERROR(INDEX(Partidos!$E$4:$E$107,MATCH($A46,Partidos!$A$4:$A$107,0)),"") | D46: Álvaro | E46: =IFERROR(INDEX(Álvaro!F$4:F$107,MATCH($A46,Álvaro!$A$4:$A$107,0)),"") | F46: =IFERROR(INDEX(Álvaro!G$4:G$107,MATCH($A46,Álvaro!$A$4:$A$107,0)),"") | G46: =IFERROR(IF(INDEX(Partidos!$H$4:$H$107,MATCH($A46,Partidos!$A$4:$A$107,0))<>"Finalizado","",IF(OR(NOT(ISNUMBER($E46)),NOT(ISNUMBER($F46))),"",IF(INDEX(Partidos!$J$4:$J$107,MATCH($A46,Partidos!$A$4:$A$107,0))="Grupos",IF(AND($E46=INDEX(Partidos!$F$4:$F$107,MATCH($A46,Partidos!$A$4:$A$107,0)),$F46=INDEX(Partidos!$G$4:$G$107,MATCH($A46,Partidos!$A$4:$A$107,0))),Puntuacion!$B$4,IF(($E46-$F46)=(INDEX(Partidos!$F$4:$F$107,MATCH($A46,Partidos!$A$4:$A$107,0))-INDEX(Partidos!$G$4:$G$107,MATCH($A46,Partidos!$A$4:$A$107,0))),Puntuacion!$B$5,IF(OR(AND($E46>$F46,INDEX(Partidos!$F$4:$F$107,MATCH($A46,Partidos!$A$4:$A$107,0))>INDEX(Partidos!$G$4:$G$107,MATCH($A46,Partidos!$A$4:$A$107,0))),AND($E46=$F46,INDEX(Partidos!$F$4:$F$107,MATCH($A46,Partidos!$A$4:$A$107,0))=INDEX(Partidos!$G$4:$G$107,MATCH($A46,Partidos!$A$4:$A$107,0))),AND($E46<$F46,INDEX(Partidos!$F$4:$F$107,MATCH($A46,Partidos!$A$4:$A$107,0))<INDEX(Partidos!$G$4:$G$107,MATCH($A46,Partidos!$A$4:$A$107,0)))),Puntuacion!$B$6,0))),IF(AND($E46=INDEX(Partidos!$F$4:$F$107,MATCH($A46,Partidos!$A$4:$A$107,0)),$F46=INDEX(Partidos!$G$4:$G$107,MATCH($A46,Partidos!$A$4:$A$107,0))),Puntuacion!$B$9,IF(($E46-$F46)=(INDEX(Partidos!$F$4:$F$107,MATCH($A46,Partidos!$A$4:$A$107,0))-INDEX(Partidos!$G$4:$G$107,MATCH($A46,Partidos!$A$4:$A$107,0))),Puntuacion!$B$10,IF(AND($H46<>"",$H46=INDEX(Partidos!$K$4:$K$107,MATCH($A46,Partidos!$A$4:$A$107,0))),Puntuacion!$B$11,0)))))),"") | H46: =IFERROR(INDEX(Álvaro!H$4:H$107,MATCH($A46,Álvaro!$A$4:$A$107,0)),"") | I46: =IFERROR(INDEX(Partidos!$J$4:$J$107,MATCH($A46,Partidos!$A$4:$A$107,0)),"") | J46: =IF(AND(INDEX(Partidos!$J$4:$J$107,MATCH($A46,Partidos!$A$4:$A$107,0))<>"Grupos",INDEX(Partidos!$H$4:$H$107,MATCH($A46,Partidos!$A$4:$A$107,0))="Finalizado",$H46<>"",$H46=INDEX(Partidos!$K$4:$K$107,MATCH($A46,Partidos!$A$4:$A$107,0))),1,0)
A47: 15 | B47: =IFERROR(INDEX(Partidos!$D$4:$D$107,MATCH($A47,Partidos!$A$4:$A$107,0)),"") | C47: =IFERROR(INDEX(Partidos!$E$4:$E$107,MATCH($A47,Partidos!$A$4:$A$107,0)),"") | D47: Papá | E47: =IFERROR(INDEX(Papá!F$4:F$107,MATCH($A47,Papá!$A$4:$A$107,0)),"") | F47: =IFERROR(INDEX(Papá!G$4:G$107,MATCH($A47,Papá!$A$4:$A$107,0)),"") | G47: =IFERROR(IF(INDEX(Partidos!$H$4:$H$107,MATCH($A47,Partidos!$A$4:$A$107,0))<>"Finalizado","",IF(OR(NOT(ISNUMBER($E47)),NOT(ISNUMBER($F47))),"",IF(INDEX(Partidos!$J$4:$J$107,MATCH($A47,Partidos!$A$4:$A$107,0))="Grupos",IF(AND($E47=INDEX(Partidos!$F$4:$F$107,MATCH($A47,Partidos!$A$4:$A$107,0)),$F47=INDEX(Partidos!$G$4:$G$107,MATCH($A47,Partidos!$A$4:$A$107,0))),Puntuacion!$B$4,IF(($E47-$F47)=(INDEX(Partidos!$F$4:$F$107,MATCH($A47,Partidos!$A$4:$A$107,0))-INDEX(Partidos!$G$4:$G$107,MATCH($A47,Partidos!$A$4:$A$107,0))),Puntuacion!$B$5,IF(OR(AND($E47>$F47,INDEX(Partidos!$F$4:$F$107,MATCH($A47,Partidos!$A$4:$A$107,0))>INDEX(Partidos!$G$4:$G$107,MATCH($A47,Partidos!$A$4:$A$107,0))),AND($E47=$F47,INDEX(Partidos!$F$4:$F$107,MATCH($A47,Partidos!$A$4:$A$107,0))=INDEX(Partidos!$G$4:$G$107,MATCH($A47,Partidos!$A$4:$A$107,0))),AND($E47<$F47,INDEX(Partidos!$F$4:$F$107,MATCH($A47,Partidos!$A$4:$A$107,0))<INDEX(Partidos!$G$4:$G$107,MATCH($A47,Partidos!$A$4:$A$107,0)))),Puntuacion!$B$6,0))),IF(AND($E47=INDEX(Partidos!$F$4:$F$107,MATCH($A47,Partidos!$A$4:$A$107,0)),$F47=INDEX(Partidos!$G$4:$G$107,MATCH($A47,Partidos!$A$4:$A$107,0))),Puntuacion!$B$9,IF(($E47-$F47)=(INDEX(Partidos!$F$4:$F$107,MATCH($A47,Partidos!$A$4:$A$107,0))-INDEX(Partidos!$G$4:$G$107,MATCH($A47,Partidos!$A$4:$A$107,0))),Puntuacion!$B$10,IF(AND($H47<>"",$H47=INDEX(Partidos!$K$4:$K$107,MATCH($A47,Partidos!$A$4:$A$107,0))),Puntuacion!$B$11,0)))))),"") | H47: =IFERROR(INDEX(Papá!H$4:H$107,MATCH($A47,Papá!$A$4:$A$107,0)),"") | I47: =IFERROR(INDEX(Partidos!$J$4:$J$107,MATCH($A47,Partidos!$A$4:$A$107,0)),"") | J47: =IF(AND(INDEX(Partidos!$J$4:$J$107,MATCH($A47,Partidos!$A$4:$A$107,0))<>"Grupos",INDEX(Partidos!$H$4:$H$107,MATCH($A47,Partidos!$A$4:$A$107,0))="Finalizado",$H47<>"",$H47=INDEX(Partidos!$K$4:$K$107,MATCH($A47,Partidos!$A$4:$A$107,0))),1,0)
A48: 15 | B48: =IFERROR(INDEX(Partidos!$D$4:$D$107,MATCH($A48,Partidos!$A$4:$A$107,0)),"") | C48: =IFERROR(INDEX(Partidos!$E$4:$E$107,MATCH($A48,Partidos!$A$4:$A$107,0)),"") | D48: Diego | E48: =IFERROR(INDEX(Diego!F$4:F$107,MATCH($A48,Diego!$A$4:$A$107,0)),"") | F48: =IFERROR(INDEX(Diego!G$4:G$107,MATCH($A48,Diego!$A$4:$A$107,0)),"") | G48: =IFERROR(IF(INDEX(Partidos!$H$4:$H$107,MATCH($A48,Partidos!$A$4:$A$107,0))<>"Finalizado","",IF(OR(NOT(ISNUMBER($E48)),NOT(ISNUMBER($F48))),"",IF(INDEX(Partidos!$J$4:$J$107,MATCH($A48,Partidos!$A$4:$A$107,0))="Grupos",IF(AND($E48=INDEX(Partidos!$F$4:$F$107,MATCH($A48,Partidos!$A$4:$A$107,0)),$F48=INDEX(Partidos!$G$4:$G$107,MATCH($A48,Partidos!$A$4:$A$107,0))),Puntuacion!$B$4,IF(($E48-$F48)=(INDEX(Partidos!$F$4:$F$107,MATCH($A48,Partidos!$A$4:$A$107,0))-INDEX(Partidos!$G$4:$G$107,MATCH($A48,Partidos!$A$4:$A$107,0))),Puntuacion!$B$5,IF(OR(AND($E48>$F48,INDEX(Partidos!$F$4:$F$107,MATCH($A48,Partidos!$A$4:$A$107,0))>INDEX(Partidos!$G$4:$G$107,MATCH($A48,Partidos!$A$4:$A$107,0))),AND($E48=$F48,INDEX(Partidos!$F$4:$F$107,MATCH($A48,Partidos!$A$4:$A$107,0))=INDEX(Partidos!$G$4:$G$107,MATCH($A48,Partidos!$A$4:$A$107,0))),AND($E48<$F48,INDEX(Partidos!$F$4:$F$107,MATCH($A48,Partidos!$A$4:$A$107,0))<INDEX(Partidos!$G$4:$G$107,MATCH($A48,Partidos!$A$4:$A$107,0)))),Puntuacion!$B$6,0))),IF(AND($E48=INDEX(Partidos!$F$4:$F$107,MATCH($A48,Partidos!$A$4:$A$107,0)),$F48=INDEX(Partidos!$G$4:$G$107,MATCH($A48,Partidos!$A$4:$A$107,0))),Puntuacion!$B$9,IF(($E48-$F48)=(INDEX(Partidos!$F$4:$F$107,MATCH($A48,Partidos!$A$4:$A$107,0))-INDEX(Partidos!$G$4:$G$107,MATCH($A48,Partidos!$A$4:$A$107,0))),Puntuacion!$B$10,IF(AND($H48<>"",$H48=INDEX(Partidos!$K$4:$K$107,MATCH($A48,Partidos!$A$4:$A$107,0))),Puntuacion!$B$11,0)))))),"") | H48: =IFERROR(INDEX(Diego!H$4:H$107,MATCH($A48,Diego!$A$4:$A$107,0)),"") | I48: =IFERROR(INDEX(Partidos!$J$4:$J$107,MATCH($A48,Partidos!$A$4:$A$107,0)),"") | J48: =IF(AND(INDEX(Partidos!$J$4:$J$107,MATCH($A48,Partidos!$A$4:$A$107,0))<>"Grupos",INDEX(Partidos!$H$4:$H$107,MATCH($A48,Partidos!$A$4:$A$107,0))="Finalizado",$H48<>"",$H48=INDEX(Partidos!$K$4:$K$107,MATCH($A48,Partidos!$A$4:$A$107,0))),1,0)
A49: 16 | B49: =IFERROR(INDEX(Partidos!$D$4:$D$107,MATCH($A49,Partidos!$A$4:$A$107,0)),"") | C49: =IFERROR(INDEX(Partidos!$E$4:$E$107,MATCH($A49,Partidos!$A$4:$A$107,0)),"") | D49: Álvaro | E49: =IFERROR(INDEX(Álvaro!F$4:F$107,MATCH($A49,Álvaro!$A$4:$A$107,0)),"") | F49: =IFERROR(INDEX(Álvaro!G$4:G$107,MATCH($A49,Álvaro!$A$4:$A$107,0)),"") | G49: =IFERROR(IF(INDEX(Partidos!$H$4:$H$107,MATCH($A49,Partidos!$A$4:$A$107,0))<>"Finalizado","",IF(OR(NOT(ISNUMBER($E49)),NOT(ISNUMBER($F49))),"",IF(INDEX(Partidos!$J$4:$J$107,MATCH($A49,Partidos!$A$4:$A$107,0))="Grupos",IF(AND($E49=INDEX(Partidos!$F$4:$F$107,MATCH($A49,Partidos!$A$4:$A$107,0)),$F49=INDEX(Partidos!$G$4:$G$107,MATCH($A49,Partidos!$A$4:$A$107,0))),Puntuacion!$B$4,IF(($E49-$F49)=(INDEX(Partidos!$F$4:$F$107,MATCH($A49,Partidos!$A$4:$A$107,0))-INDEX(Partidos!$G$4:$G$107,MATCH($A49,Partidos!$A$4:$A$107,0))),Puntuacion!$B$5,IF(OR(AND($E49>$F49,INDEX(Partidos!$F$4:$F$107,MATCH($A49,Partidos!$A$4:$A$107,0))>INDEX(Partidos!$G$4:$G$107,MATCH($A49,Partidos!$A$4:$A$107,0))),AND($E49=$F49,INDEX(Partidos!$F$4:$F$107,MATCH($A49,Partidos!$A$4:$A$107,0))=INDEX(Partidos!$G$4:$G$107,MATCH($A49,Partidos!$A$4:$A$107,0))),AND($E49<$F49,INDEX(Partidos!$F$4:$F$107,MATCH($A49,Partidos!$A$4:$A$107,0))<INDEX(Partidos!$G$4:$G$107,MATCH($A49,Partidos!$A$4:$A$107,0)))),Puntuacion!$B$6,0))),IF(AND($E49=INDEX(Partidos!$F$4:$F$107,MATCH($A49,Partidos!$A$4:$A$107,0)),$F49=INDEX(Partidos!$G$4:$G$107,MATCH($A49,Partidos!$A$4:$A$107,0))),Puntuacion!$B$9,IF(($E49-$F49)=(INDEX(Partidos!$F$4:$F$107,MATCH($A49,Partidos!$A$4:$A$107,0))-INDEX(Partidos!$G$4:$G$107,MATCH($A49,Partidos!$A$4:$A$107,0))),Puntuacion!$B$10,IF(AND($H49<>"",$H49=INDEX(Partidos!$K$4:$K$107,MATCH($A49,Partidos!$A$4:$A$107,0))),Puntuacion!$B$11,0)))))),"") | H49: =IFERROR(INDEX(Álvaro!H$4:H$107,MATCH($A49,Álvaro!$A$4:$A$107,0)),"") | I49: =IFERROR(INDEX(Partidos!$J$4:$J$107,MATCH($A49,Partidos!$A$4:$A$107,0)),"") | J49: =IF(AND(INDEX(Partidos!$J$4:$J$107,MATCH($A49,Partidos!$A$4:$A$107,0))<>"Grupos",INDEX(Partidos!$H$4:$H$107,MATCH($A49,Partidos!$A$4:$A$107,0))="Finalizado",$H49<>"",$H49=INDEX(Partidos!$K$4:$K$107,MATCH($A49,Partidos!$A$4:$A$107,0))),1,0)
A50: 16 | B50: =IFERROR(INDEX(Partidos!$D$4:$D$107,MATCH($A50,Partidos!$A$4:$A$107,0)),"") | C50: =IFERROR(INDEX(Partidos!$E$4:$E$107,MATCH($A50,Partidos!$A$4:$A$107,0)),"") | D50: Papá | E50: =IFERROR(INDEX(Papá!F$4:F$107,MATCH($A50,Papá!$A$4:$A$107,0)),"") | F50: =IFERROR(INDEX(Papá!G$4:G$107,MATCH($A50,Papá!$A$4:$A$107,0)),"") | G50: =IFERROR(IF(INDEX(Partidos!$H$4:$H$107,MATCH($A50,Partidos!$A$4:$A$107,0))<>"Finalizado","",IF(OR(NOT(ISNUMBER($E50)),NOT(ISNUMBER($F50))),"",IF(INDEX(Partidos!$J$4:$J$107,MATCH($A50,Partidos!$A$4:$A$107,0))="Grupos",IF(AND($E50=INDEX(Partidos!$F$4:$F$107,MATCH($A50,Partidos!$A$4:$A$107,0)),$F50=INDEX(Partidos!$G$4:$G$107,MATCH($A50,Partidos!$A$4:$A$107,0))),Puntuacion!$B$4,IF(($E50-$F50)=(INDEX(Partidos!$F$4:$F$107,MATCH($A50,Partidos!$A$4:$A$107,0))-INDEX(Partidos!$G$4:$G$107,MATCH($A50,Partidos!$A$4:$A$107,0))),Puntuacion!$B$5,IF(OR(AND($E50>$F50,INDEX(Partidos!$F$4:$F$107,MATCH($A50,Partidos!$A$4:$A$107,0))>INDEX(Partidos!$G$4:$G$107,MATCH($A50,Partidos!$A$4:$A$107,0))),AND($E50=$F50,INDEX(Partidos!$F$4:$F$107,MATCH($A50,Partidos!$A$4:$A$107,0))=INDEX(Partidos!$G$4:$G$107,MATCH($A50,Partidos!$A$4:$A$107,0))),AND($E50<$F50,INDEX(Partidos!$F$4:$F$107,MATCH($A50,Partidos!$A$4:$A$107,0))<INDEX(Partidos!$G$4:$G$107,MATCH($A50,Partidos!$A$4:$A$107,0)))),Puntuacion!$B$6,0))),IF(AND($E50=INDEX(Partidos!$F$4:$F$107,MATCH($A50,Partidos!$A$4:$A$107,0)),$F50=INDEX(Partidos!$G$4:$G$107,MATCH($A50,Partidos!$A$4:$A$107,0))),Puntuacion!$B$9,IF(($E50-$F50)=(INDEX(Partidos!$F$4:$F$107,MATCH($A50,Partidos!$A$4:$A$107,0))-INDEX(Partidos!$G$4:$G$107,MATCH($A50,Partidos!$A$4:$A$107,0))),Puntuacion!$B$10,IF(AND($H50<>"",$H50=INDEX(Partidos!$K$4:$K$107,MATCH($A50,Partidos!$A$4:$A$107,0))),Puntuacion!$B$11,0)))))),"") | H50: =IFERROR(INDEX(Papá!H$4:H$107,MATCH($A50,Papá!$A$4:$A$107,0)),"") | I50: =IFERROR(INDEX(Partidos!$J$4:$J$107,MATCH($A50,Partidos!$A$4:$A$107,0)),"") | J50: =IF(AND(INDEX(Partidos!$J$4:$J$107,MATCH($A50,Partidos!$A$4:$A$107,0))<>"Grupos",INDEX(Partidos!$H$4:$H$107,MATCH($A50,Partidos!$A$4:$A$107,0))="Finalizado",$H50<>"",$H50=INDEX(Partidos!$K$4:$K$107,MATCH($A50,Partidos!$A$4:$A$107,0))),1,0)
A51: 16 | B51: =IFERROR(INDEX(Partidos!$D$4:$D$107,MATCH($A51,Partidos!$A$4:$A$107,0)),"") | C51: =IFERROR(INDEX(Partidos!$E$4:$E$107,MATCH($A51,Partidos!$A$4:$A$107,0)),"") | D51: Diego | E51: =IFERROR(INDEX(Diego!F$4:F$107,MATCH($A51,Diego!$A$4:$A$107,0)),"") | F51: =IFERROR(INDEX(Diego!G$4:G$107,MATCH($A51,Diego!$A$4:$A$107,0)),"") | G51: =IFERROR(IF(INDEX(Partidos!$H$4:$H$107,MATCH($A51,Partidos!$A$4:$A$107,0))<>"Finalizado","",IF(OR(NOT(ISNUMBER($E51)),NOT(ISNUMBER($F51))),"",IF(INDEX(Partidos!$J$4:$J$107,MATCH($A51,Partidos!$A$4:$A$107,0))="Grupos",IF(AND($E51=INDEX(Partidos!$F$4:$F$107,MATCH($A51,Partidos!$A$4:$A$107,0)),$F51=INDEX(Partidos!$G$4:$G$107,MATCH($A51,Partidos!$A$4:$A$107,0))),Puntuacion!$B$4,IF(($E51-$F51)=(INDEX(Partidos!$F$4:$F$107,MATCH($A51,Partidos!$A$4:$A$107,0))-INDEX(Partidos!$G$4:$G$107,MATCH($A51,Partidos!$A$4:$A$107,0))),Puntuacion!$B$5,IF(OR(AND($E51>$F51,INDEX(Partidos!$F$4:$F$107,MATCH($A51,Partidos!$A$4:$A$107,0))>INDEX(Partidos!$G$4:$G$107,MATCH($A51,Partidos!$A$4:$A$107,0))),AND($E51=$F51,INDEX(Partidos!$F$4:$F$107,MATCH($A51,Partidos!$A$4:$A$107,0))=INDEX(Partidos!$G$4:$G$107,MATCH($A51,Partidos!$A$4:$A$107,0))),AND($E51<$F51,INDEX(Partidos!$F$4:$F$107,MATCH($A51,Partidos!$A$4:$A$107,0))<INDEX(Partidos!$G$4:$G$107,MATCH($A51,Partidos!$A$4:$A$107,0)))),Puntuacion!$B$6,0))),IF(AND($E51=INDEX(Partidos!$F$4:$F$107,MATCH($A51,Partidos!$A$4:$A$107,0)),$F51=INDEX(Partidos!$G$4:$G$107,MATCH($A51,Partidos!$A$4:$A$107,0))),Puntuacion!$B$9,IF(($E51-$F51)=(INDEX(Partidos!$F$4:$F$107,MATCH($A51,Partidos!$A$4:$A$107,0))-INDEX(Partidos!$G$4:$G$107,MATCH($A51,Partidos!$A$4:$A$107,0))),Puntuacion!$B$10,IF(AND($H51<>"",$H51=INDEX(Partidos!$K$4:$K$107,MATCH($A51,Partidos!$A$4:$A$107,0))),Puntuacion!$B$11,0)))))),"") | H51: =IFERROR(INDEX(Diego!H$4:H$107,MATCH($A51,Diego!$A$4:$A$107,0)),"") | I51: =IFERROR(INDEX(Partidos!$J$4:$J$107,MATCH($A51,Partidos!$A$4:$A$107,0)),"") | J51: =IF(AND(INDEX(Partidos!$J$4:$J$107,MATCH($A51,Partidos!$A$4:$A$107,0))<>"Grupos",INDEX(Partidos!$H$4:$H$107,MATCH($A51,Partidos!$A$4:$A$107,0))="Finalizado",$H51<>"",$H51=INDEX(Partidos!$K$4:$K$107,MATCH($A51,Partidos!$A$4:$A$107,0))),1,0)
A52: 17 | B52: =IFERROR(INDEX(Partidos!$D$4:$D$107,MATCH($A52,Partidos!$A$4:$A$107,0)),"") | C52: =IFERROR(INDEX(Partidos!$E$4:$E$107,MATCH($A52,Partidos!$A$4:$A$107,0)),"") | D52: Álvaro | E52: =IFERROR(INDEX(Álvaro!F$4:F$107,MATCH($A52,Álvaro!$A$4:$A$107,0)),"") | F52: =IFERROR(INDEX(Álvaro!G$4:G$107,MATCH($A52,Álvaro!$A$4:$A$107,0)),"") | G52: =IFERROR(IF(INDEX(Partidos!$H$4:$H$107,MATCH($A52,Partidos!$A$4:$A$107,0))<>"Finalizado","",IF(OR(NOT(ISNUMBER($E52)),NOT(ISNUMBER($F52))),"",IF(INDEX(Partidos!$J$4:$J$107,MATCH($A52,Partidos!$A$4:$A$107,0))="Grupos",IF(AND($E52=INDEX(Partidos!$F$4:$F$107,MATCH($A52,Partidos!$A$4:$A$107,0)),$F52=INDEX(Partidos!$G$4:$G$107,MATCH($A52,Partidos!$A$4:$A$107,0))),Puntuacion!$B$4,IF(($E52-$F52)=(INDEX(Partidos!$F$4:$F$107,MATCH($A52,Partidos!$A$4:$A$107,0))-INDEX(Partidos!$G$4:$G$107,MATCH($A52,Partidos!$A$4:$A$107,0))),Puntuacion!$B$5,IF(OR(AND($E52>$F52,INDEX(Partidos!$F$4:$F$107,MATCH($A52,Partidos!$A$4:$A$107,0))>INDEX(Partidos!$G$4:$G$107,MATCH($A52,Partidos!$A$4:$A$107,0))),AND($E52=$F52,INDEX(Partidos!$F$4:$F$107,MATCH($A52,Partidos!$A$4:$A$107,0))=INDEX(Partidos!$G$4:$G$107,MATCH($A52,Partidos!$A$4:$A$107,0))),AND($E52<$F52,INDEX(Partidos!$F$4:$F$107,MATCH($A52,Partidos!$A$4:$A$107,0))<INDEX(Partidos!$G$4:$G$107,MATCH($A52,Partidos!$A$4:$A$107,0)))),Puntuacion!$B$6,0))),IF(AND($E52=INDEX(Partidos!$F$4:$F$107,MATCH($A52,Partidos!$A$4:$A$107,0)),$F52=INDEX(Partidos!$G$4:$G$107,MATCH($A52,Partidos!$A$4:$A$107,0))),Puntuacion!$B$9,IF(($E52-$F52)=(INDEX(Partidos!$F$4:$F$107,MATCH($A52,Partidos!$A$4:$A$107,0))-INDEX(Partidos!$G$4:$G$107,MATCH($A52,Partidos!$A$4:$A$107,0))),Puntuacion!$B$10,IF(AND($H52<>"",$H52=INDEX(Partidos!$K$4:$K$107,MATCH($A52,Partidos!$A$4:$A$107,0))),Puntuacion!$B$11,0)))))),"") | H52: =IFERROR(INDEX(Álvaro!H$4:H$107,MATCH($A52,Álvaro!$A$4:$A$107,0)),"") | I52: =IFERROR(INDEX(Partidos!$J$4:$J$107,MATCH($A52,Partidos!$A$4:$A$107,0)),"") | J52: =IF(AND(INDEX(Partidos!$J$4:$J$107,MATCH($A52,Partidos!$A$4:$A$107,0))<>"Grupos",INDEX(Partidos!$H$4:$H$107,MATCH($A52,Partidos!$A$4:$A$107,0))="Finalizado",$H52<>"",$H52=INDEX(Partidos!$K$4:$K$107,MATCH($A52,Partidos!$A$4:$A$107,0))),1,0)
A53: 17 | B53: =IFERROR(INDEX(Partidos!$D$4:$D$107,MATCH($A53,Partidos!$A$4:$A$107,0)),"") | C53: =IFERROR(INDEX(Partidos!$E$4:$E$107,MATCH($A53,Partidos!$A$4:$A$107,0)),"") | D53: Papá | E53: =IFERROR(INDEX(Papá!F$4:F$107,MATCH($A53,Papá!$A$4:$A$107,0)),"") | F53: =IFERROR(INDEX(Papá!G$4:G$107,MATCH($A53,Papá!$A$4:$A$107,0)),"") | G53: =IFERROR(IF(INDEX(Partidos!$H$4:$H$107,MATCH($A53,Partidos!$A$4:$A$107,0))<>"Finalizado","",IF(OR(NOT(ISNUMBER($E53)),NOT(ISNUMBER($F53))),"",IF(INDEX(Partidos!$J$4:$J$107,MATCH($A53,Partidos!$A$4:$A$107,0))="Grupos",IF(AND($E53=INDEX(Partidos!$F$4:$F$107,MATCH($A53,Partidos!$A$4:$A$107,0)),$F53=INDEX(Partidos!$G$4:$G$107,MATCH($A53,Partidos!$A$4:$A$107,0))),Puntuacion!$B$4,IF(($E53-$F53)=(INDEX(Partidos!$F$4:$F$107,MATCH($A53,Partidos!$A$4:$A$107,0))-INDEX(Partidos!$G$4:$G$107,MATCH($A53,Partidos!$A$4:$A$107,0))),Puntuacion!$B$5,IF(OR(AND($E53>$F53,INDEX(Partidos!$F$4:$F$107,MATCH($A53,Partidos!$A$4:$A$107,0))>INDEX(Partidos!$G$4:$G$107,MATCH($A53,Partidos!$A$4:$A$107,0))),AND($E53=$F53,INDEX(Partidos!$F$4:$F$107,MATCH($A53,Partidos!$A$4:$A$107,0))=INDEX(Partidos!$G$4:$G$107,MATCH($A53,Partidos!$A$4:$A$107,0))),AND($E53<$F53,INDEX(Partidos!$F$4:$F$107,MATCH($A53,Partidos!$A$4:$A$107,0))<INDEX(Partidos!$G$4:$G$107,MATCH($A53,Partidos!$A$4:$A$107,0)))),Puntuacion!$B$6,0))),IF(AND($E53=INDEX(Partidos!$F$4:$F$107,MATCH($A53,Partidos!$A$4:$A$107,0)),$F53=INDEX(Partidos!$G$4:$G$107,MATCH($A53,Partidos!$A$4:$A$107,0))),Puntuacion!$B$9,IF(($E53-$F53)=(INDEX(Partidos!$F$4:$F$107,MATCH($A53,Partidos!$A$4:$A$107,0))-INDEX(Partidos!$G$4:$G$107,MATCH($A53,Partidos!$A$4:$A$107,0))),Puntuacion!$B$10,IF(AND($H53<>"",$H53=INDEX(Partidos!$K$4:$K$107,MATCH($A53,Partidos!$A$4:$A$107,0))),Puntuacion!$B$11,0)))))),"") | H53: =IFERROR(INDEX(Papá!H$4:H$107,MATCH($A53,Papá!$A$4:$A$107,0)),"") | I53: =IFERROR(INDEX(Partidos!$J$4:$J$107,MATCH($A53,Partidos!$A$4:$A$107,0)),"") | J53: =IF(AND(INDEX(Partidos!$J$4:$J$107,MATCH($A53,Partidos!$A$4:$A$107,0))<>"Grupos",INDEX(Partidos!$H$4:$H$107,MATCH($A53,Partidos!$A$4:$A$107,0))="Finalizado",$H53<>"",$H53=INDEX(Partidos!$K$4:$K$107,MATCH($A53,Partidos!$A$4:$A$107,0))),1,0)
A54: 17 | B54: =IFERROR(INDEX(Partidos!$D$4:$D$107,MATCH($A54,Partidos!$A$4:$A$107,0)),"") | C54: =IFERROR(INDEX(Partidos!$E$4:$E$107,MATCH($A54,Partidos!$A$4:$A$107,0)),"") | D54: Diego | E54: =IFERROR(INDEX(Diego!F$4:F$107,MATCH($A54,Diego!$A$4:$A$107,0)),"") | F54: =IFERROR(INDEX(Diego!G$4:G$107,MATCH($A54,Diego!$A$4:$A$107,0)),"") | G54: =IFERROR(IF(INDEX(Partidos!$H$4:$H$107,MATCH($A54,Partidos!$A$4:$A$107,0))<>"Finalizado","",IF(OR(NOT(ISNUMBER($E54)),NOT(ISNUMBER($F54))),"",IF(INDEX(Partidos!$J$4:$J$107,MATCH($A54,Partidos!$A$4:$A$107,0))="Grupos",IF(AND($E54=INDEX(Partidos!$F$4:$F$107,MATCH($A54,Partidos!$A$4:$A$107,0)),$F54=INDEX(Partidos!$G$4:$G$107,MATCH($A54,Partidos!$A$4:$A$107,0))),Puntuacion!$B$4,IF(($E54-$F54)=(INDEX(Partidos!$F$4:$F$107,MATCH($A54,Partidos!$A$4:$A$107,0))-INDEX(Partidos!$G$4:$G$107,MATCH($A54,Partidos!$A$4:$A$107,0))),Puntuacion!$B$5,IF(OR(AND($E54>$F54,INDEX(Partidos!$F$4:$F$107,MATCH($A54,Partidos!$A$4:$A$107,0))>INDEX(Partidos!$G$4:$G$107,MATCH($A54,Partidos!$A$4:$A$107,0))),AND($E54=$F54,INDEX(Partidos!$F$4:$F$107,MATCH($A54,Partidos!$A$4:$A$107,0))=INDEX(Partidos!$G$4:$G$107,MATCH($A54,Partidos!$A$4:$A$107,0))),AND($E54<$F54,INDEX(Partidos!$F$4:$F$107,MATCH($A54,Partidos!$A$4:$A$107,0))<INDEX(Partidos!$G$4:$G$107,MATCH($A54,Partidos!$A$4:$A$107,0)))),Puntuacion!$B$6,0))),IF(AND($E54=INDEX(Partidos!$F$4:$F$107,MATCH($A54,Partidos!$A$4:$A$107,0)),$F54=INDEX(Partidos!$G$4:$G$107,MATCH($A54,Partidos!$A$4:$A$107,0))),Puntuacion!$B$9,IF(($E54-$F54)=(INDEX(Partidos!$F$4:$F$107,MATCH($A54,Partidos!$A$4:$A$107,0))-INDEX(Partidos!$G$4:$G$107,MATCH($A54,Partidos!$A$4:$A$107,0))),Puntuacion!$B$10,IF(AND($H54<>"",$H54=INDEX(Partidos!$K$4:$K$107,MATCH($A54,Partidos!$A$4:$A$107,0))),Puntuacion!$B$11,0)))))),"") | H54: =IFERROR(INDEX(Diego!H$4:H$107,MATCH($A54,Diego!$A$4:$A$107,0)),"") | I54: =IFERROR(INDEX(Partidos!$J$4:$J$107,MATCH($A54,Partidos!$A$4:$A$107,0)),"") | J54: =IF(AND(INDEX(Partidos!$J$4:$J$107,MATCH($A54,Partidos!$A$4:$A$107,0))<>"Grupos",INDEX(Partidos!$H$4:$H$107,MATCH($A54,Partidos!$A$4:$A$107,0))="Finalizado",$H54<>"",$H54=INDEX(Partidos!$K$4:$K$107,MATCH($A54,Partidos!$A$4:$A$107,0))),1,0)
A55: 18 | B55: =IFERROR(INDEX(Partidos!$D$4:$D$107,MATCH($A55,Partidos!$A$4:$A$107,0)),"") | C55: =IFERROR(INDEX(Partidos!$E$4:$E$107,MATCH($A55,Partidos!$A$4:$A$107,0)),"") | D55: Álvaro | E55: =IFERROR(INDEX(Álvaro!F$4:F$107,MATCH($A55,Álvaro!$A$4:$A$107,0)),"") | F55: =IFERROR(INDEX(Álvaro!G$4:G$107,MATCH($A55,Álvaro!$A$4:$A$107,0)),"") | G55: =IFERROR(IF(INDEX(Partidos!$H$4:$H$107,MATCH($A55,Partidos!$A$4:$A$107,0))<>"Finalizado","",IF(OR(NOT(ISNUMBER($E55)),NOT(ISNUMBER($F55))),"",IF(INDEX(Partidos!$J$4:$J$107,MATCH($A55,Partidos!$A$4:$A$107,0))="Grupos",IF(AND($E55=INDEX(Partidos!$F$4:$F$107,MATCH($A55,Partidos!$A$4:$A$107,0)),$F55=INDEX(Partidos!$G$4:$G$107,MATCH($A55,Partidos!$A$4:$A$107,0))),Puntuacion!$B$4,IF(($E55-$F55)=(INDEX(Partidos!$F$4:$F$107,MATCH($A55,Partidos!$A$4:$A$107,0))-INDEX(Partidos!$G$4:$G$107,MATCH($A55,Partidos!$A$4:$A$107,0))),Puntuacion!$B$5,IF(OR(AND($E55>$F55,INDEX(Partidos!$F$4:$F$107,MATCH($A55,Partidos!$A$4:$A$107,0))>INDEX(Partidos!$G$4:$G$107,MATCH($A55,Partidos!$A$4:$A$107,0))),AND($E55=$F55,INDEX(Partidos!$F$4:$F$107,MATCH($A55,Partidos!$A$4:$A$107,0))=INDEX(Partidos!$G$4:$G$107,MATCH($A55,Partidos!$A$4:$A$107,0))),AND($E55<$F55,INDEX(Partidos!$F$4:$F$107,MATCH($A55,Partidos!$A$4:$A$107,0))<INDEX(Partidos!$G$4:$G$107,MATCH($A55,Partidos!$A$4:$A$107,0)))),Puntuacion!$B$6,0))),IF(AND($E55=INDEX(Partidos!$F$4:$F$107,MATCH($A55,Partidos!$A$4:$A$107,0)),$F55=INDEX(Partidos!$G$4:$G$107,MATCH($A55,Partidos!$A$4:$A$107,0))),Puntuacion!$B$9,IF(($E55-$F55)=(INDEX(Partidos!$F$4:$F$107,MATCH($A55,Partidos!$A$4:$A$107,0))-INDEX(Partidos!$G$4:$G$107,MATCH($A55,Partidos!$A$4:$A$107,0))),Puntuacion!$B$10,IF(AND($H55<>"",$H55=INDEX(Partidos!$K$4:$K$107,MATCH($A55,Partidos!$A$4:$A$107,0))),Puntuacion!$B$11,0)))))),"") | H55: =IFERROR(INDEX(Álvaro!H$4:H$107,MATCH($A55,Álvaro!$A$4:$A$107,0)),"") | I55: =IFERROR(INDEX(Partidos!$J$4:$J$107,MATCH($A55,Partidos!$A$4:$A$107,0)),"") | J55: =IF(AND(INDEX(Partidos!$J$4:$J$107,MATCH($A55,Partidos!$A$4:$A$107,0))<>"Grupos",INDEX(Partidos!$H$4:$H$107,MATCH($A55,Partidos!$A$4:$A$107,0))="Finalizado",$H55<>"",$H55=INDEX(Partidos!$K$4:$K$107,MATCH($A55,Partidos!$A$4:$A$107,0))),1,0)
A56: 18 | B56: =IFERROR(INDEX(Partidos!$D$4:$D$107,MATCH($A56,Partidos!$A$4:$A$107,0)),"") | C56: =IFERROR(INDEX(Partidos!$E$4:$E$107,MATCH($A56,Partidos!$A$4:$A$107,0)),"") | D56: Papá | E56: =IFERROR(INDEX(Papá!F$4:F$107,MATCH($A56,Papá!$A$4:$A$107,0)),"") | F56: =IFERROR(INDEX(Papá!G$4:G$107,MATCH($A56,Papá!$A$4:$A$107,0)),"") | G56: =IFERROR(IF(INDEX(Partidos!$H$4:$H$107,MATCH($A56,Partidos!$A$4:$A$107,0))<>"Finalizado","",IF(OR(NOT(ISNUMBER($E56)),NOT(ISNUMBER($F56))),"",IF(INDEX(Partidos!$J$4:$J$107,MATCH($A56,Partidos!$A$4:$A$107,0))="Grupos",IF(AND($E56=INDEX(Partidos!$F$4:$F$107,MATCH($A56,Partidos!$A$4:$A$107,0)),$F56=INDEX(Partidos!$G$4:$G$107,MATCH($A56,Partidos!$A$4:$A$107,0))),Puntuacion!$B$4,IF(($E56-$F56)=(INDEX(Partidos!$F$4:$F$107,MATCH($A56,Partidos!$A$4:$A$107,0))-INDEX(Partidos!$G$4:$G$107,MATCH($A56,Partidos!$A$4:$A$107,0))),Puntuacion!$B$5,IF(OR(AND($E56>$F56,INDEX(Partidos!$F$4:$F$107,MATCH($A56,Partidos!$A$4:$A$107,0))>INDEX(Partidos!$G$4:$G$107,MATCH($A56,Partidos!$A$4:$A$107,0))),AND($E56=$F56,INDEX(Partidos!$F$4:$F$107,MATCH($A56,Partidos!$A$4:$A$107,0))=INDEX(Partidos!$G$4:$G$107,MATCH($A56,Partidos!$A$4:$A$107,0))),AND($E56<$F56,INDEX(Partidos!$F$4:$F$107,MATCH($A56,Partidos!$A$4:$A$107,0))<INDEX(Partidos!$G$4:$G$107,MATCH($A56,Partidos!$A$4:$A$107,0)))),Puntuacion!$B$6,0))),IF(AND($E56=INDEX(Partidos!$F$4:$F$107,MATCH($A56,Partidos!$A$4:$A$107,0)),$F56=INDEX(Partidos!$G$4:$G$107,MATCH($A56,Partidos!$A$4:$A$107,0))),Puntuacion!$B$9,IF(($E56-$F56)=(INDEX(Partidos!$F$4:$F$107,MATCH($A56,Partidos!$A$4:$A$107,0))-INDEX(Partidos!$G$4:$G$107,MATCH($A56,Partidos!$A$4:$A$107,0))),Puntuacion!$B$10,IF(AND($H56<>"",$H56=INDEX(Partidos!$K$4:$K$107,MATCH($A56,Partidos!$A$4:$A$107,0))),Puntuacion!$B$11,0)))))),"") | H56: =IFERROR(INDEX(Papá!H$4:H$107,MATCH($A56,Papá!$A$4:$A$107,0)),"") | I56: =IFERROR(INDEX(Partidos!$J$4:$J$107,MATCH($A56,Partidos!$A$4:$A$107,0)),"") | J56: =IF(AND(INDEX(Partidos!$J$4:$J$107,MATCH($A56,Partidos!$A$4:$A$107,0))<>"Grupos",INDEX(Partidos!$H$4:$H$107,MATCH($A56,Partidos!$A$4:$A$107,0))="Finalizado",$H56<>"",$H56=INDEX(Partidos!$K$4:$K$107,MATCH($A56,Partidos!$A$4:$A$107,0))),1,0)
A57: 18 | B57: =IFERROR(INDEX(Partidos!$D$4:$D$107,MATCH($A57,Partidos!$A$4:$A$107,0)),"") | C57: =IFERROR(INDEX(Partidos!$E$4:$E$107,MATCH($A57,Partidos!$A$4:$A$107,0)),"") | D57: Diego | E57: =IFERROR(INDEX(Diego!F$4:F$107,MATCH($A57,Diego!$A$4:$A$107,0)),"") | F57: =IFERROR(INDEX(Diego!G$4:G$107,MATCH($A57,Diego!$A$4:$A$107,0)),"") | G57: =IFERROR(IF(INDEX(Partidos!$H$4:$H$107,MATCH($A57,Partidos!$A$4:$A$107,0))<>"Finalizado","",IF(OR(NOT(ISNUMBER($E57)),NOT(ISNUMBER($F57))),"",IF(INDEX(Partidos!$J$4:$J$107,MATCH($A57,Partidos!$A$4:$A$107,0))="Grupos",IF(AND($E57=INDEX(Partidos!$F$4:$F$107,MATCH($A57,Partidos!$A$4:$A$107,0)),$F57=INDEX(Partidos!$G$4:$G$107,MATCH($A57,Partidos!$A$4:$A$107,0))),Puntuacion!$B$4,IF(($E57-$F57)=(INDEX(Partidos!$F$4:$F$107,MATCH($A57,Partidos!$A$4:$A$107,0))-INDEX(Partidos!$G$4:$G$107,MATCH($A57,Partidos!$A$4:$A$107,0))),Puntuacion!$B$5,IF(OR(AND($E57>$F57,INDEX(Partidos!$F$4:$F$107,MATCH($A57,Partidos!$A$4:$A$107,0))>INDEX(Partidos!$G$4:$G$107,MATCH($A57,Partidos!$A$4:$A$107,0))),AND($E57=$F57,INDEX(Partidos!$F$4:$F$107,MATCH($A57,Partidos!$A$4:$A$107,0))=INDEX(Partidos!$G$4:$G$107,MATCH($A57,Partidos!$A$4:$A$107,0))),AND($E57<$F57,INDEX(Partidos!$F$4:$F$107,MATCH($A57,Partidos!$A$4:$A$107,0))<INDEX(Partidos!$G$4:$G$107,MATCH($A57,Partidos!$A$4:$A$107,0)))),Puntuacion!$B$6,0))),IF(AND($E57=INDEX(Partidos!$F$4:$F$107,MATCH($A57,Partidos!$A$4:$A$107,0)),$F57=INDEX(Partidos!$G$4:$G$107,MATCH($A57,Partidos!$A$4:$A$107,0))),Puntuacion!$B$9,IF(($E57-$F57)=(INDEX(Partidos!$F$4:$F$107,MATCH($A57,Partidos!$A$4:$A$107,0))-INDEX(Partidos!$G$4:$G$107,MATCH($A57,Partidos!$A$4:$A$107,0))),Puntuacion!$B$10,IF(AND($H57<>"",$H57=INDEX(Partidos!$K$4:$K$107,MATCH($A57,Partidos!$A$4:$A$107,0))),Puntuacion!$B$11,0)))))),"") | H57: =IFERROR(INDEX(Diego!H$4:H$107,MATCH($A57,Diego!$A$4:$A$107,0)),"") | I57: =IFERROR(INDEX(Partidos!$J$4:$J$107,MATCH($A57,Partidos!$A$4:$A$107,0)),"") | J57: =IF(AND(INDEX(Partidos!$J$4:$J$107,MATCH($A57,Partidos!$A$4:$A$107,0))<>"Grupos",INDEX(Partidos!$H$4:$H$107,MATCH($A57,Partidos!$A$4:$A$107,0))="Finalizado",$H57<>"",$H57=INDEX(Partidos!$K$4:$K$107,MATCH($A57,Partidos!$A$4:$A$107,0))),1,0)
A58: 19 | B58: =IFERROR(INDEX(Partidos!$D$4:$D$107,MATCH($A58,Partidos!$A$4:$A$107,0)),"") | C58: =IFERROR(INDEX(Partidos!$E$4:$E$107,MATCH($A58,Partidos!$A$4:$A$107,0)),"") | D58: Álvaro | E58: =IFERROR(INDEX(Álvaro!F$4:F$107,MATCH($A58,Álvaro!$A$4:$A$107,0)),"") | F58: =IFERROR(INDEX(Álvaro!G$4:G$107,MATCH($A58,Álvaro!$A$4:$A$107,0)),"") | G58: =IFERROR(IF(INDEX(Partidos!$H$4:$H$107,MATCH($A58,Partidos!$A$4:$A$107,0))<>"Finalizado","",IF(OR(NOT(ISNUMBER($E58)),NOT(ISNUMBER($F58))),"",IF(INDEX(Partidos!$J$4:$J$107,MATCH($A58,Partidos!$A$4:$A$107,0))="Grupos",IF(AND($E58=INDEX(Partidos!$F$4:$F$107,MATCH($A58,Partidos!$A$4:$A$107,0)),$F58=INDEX(Partidos!$G$4:$G$107,MATCH($A58,Partidos!$A$4:$A$107,0))),Puntuacion!$B$4,IF(($E58-$F58)=(INDEX(Partidos!$F$4:$F$107,MATCH($A58,Partidos!$A$4:$A$107,0))-INDEX(Partidos!$G$4:$G$107,MATCH($A58,Partidos!$A$4:$A$107,0))),Puntuacion!$B$5,IF(OR(AND($E58>$F58,INDEX(Partidos!$F$4:$F$107,MATCH($A58,Partidos!$A$4:$A$107,0))>INDEX(Partidos!$G$4:$G$107,MATCH($A58,Partidos!$A$4:$A$107,0))),AND($E58=$F58,INDEX(Partidos!$F$4:$F$107,MATCH($A58,Partidos!$A$4:$A$107,0))=INDEX(Partidos!$G$4:$G$107,MATCH($A58,Partidos!$A$4:$A$107,0))),AND($E58<$F58,INDEX(Partidos!$F$4:$F$107,MATCH($A58,Partidos!$A$4:$A$107,0))<INDEX(Partidos!$G$4:$G$107,MATCH($A58,Partidos!$A$4:$A$107,0)))),Puntuacion!$B$6,0))),IF(AND($E58=INDEX(Partidos!$F$4:$F$107,MATCH($A58,Partidos!$A$4:$A$107,0)),$F58=INDEX(Partidos!$G$4:$G$107,MATCH($A58,Partidos!$A$4:$A$107,0))),Puntuacion!$B$9,IF(($E58-$F58)=(INDEX(Partidos!$F$4:$F$107,MATCH($A58,Partidos!$A$4:$A$107,0))-INDEX(Partidos!$G$4:$G$107,MATCH($A58,Partidos!$A$4:$A$107,0))),Puntuacion!$B$10,IF(AND($H58<>"",$H58=INDEX(Partidos!$K$4:$K$107,MATCH($A58,Partidos!$A$4:$A$107,0))),Puntuacion!$B$11,0)))))),"") | H58: =IFERROR(INDEX(Álvaro!H$4:H$107,MATCH($A58,Álvaro!$A$4:$A$107,0)),"") | I58: =IFERROR(INDEX(Partidos!$J$4:$J$107,MATCH($A58,Partidos!$A$4:$A$107,0)),"") | J58: =IF(AND(INDEX(Partidos!$J$4:$J$107,MATCH($A58,Partidos!$A$4:$A$107,0))<>"Grupos",INDEX(Partidos!$H$4:$H$107,MATCH($A58,Partidos!$A$4:$A$107,0))="Finalizado",$H58<>"",$H58=INDEX(Partidos!$K$4:$K$107,MATCH($A58,Partidos!$A$4:$A$107,0))),1,0)
A59: 19 | B59: =IFERROR(INDEX(Partidos!$D$4:$D$107,MATCH($A59,Partidos!$A$4:$A$107,0)),"") | C59: =IFERROR(INDEX(Partidos!$E$4:$E$107,MATCH($A59,Partidos!$A$4:$A$107,0)),"") | D59: Papá | E59: =IFERROR(INDEX(Papá!F$4:F$107,MATCH($A59,Papá!$A$4:$A$107,0)),"") | F59: =IFERROR(INDEX(Papá!G$4:G$107,MATCH($A59,Papá!$A$4:$A$107,0)),"") | G59: =IFERROR(IF(INDEX(Partidos!$H$4:$H$107,MATCH($A59,Partidos!$A$4:$A$107,0))<>"Finalizado","",IF(OR(NOT(ISNUMBER($E59)),NOT(ISNUMBER($F59))),"",IF(INDEX(Partidos!$J$4:$J$107,MATCH($A59,Partidos!$A$4:$A$107,0))="Grupos",IF(AND($E59=INDEX(Partidos!$F$4:$F$107,MATCH($A59,Partidos!$A$4:$A$107,0)),$F59=INDEX(Partidos!$G$4:$G$107,MATCH($A59,Partidos!$A$4:$A$107,0))),Puntuacion!$B$4,IF(($E59-$F59)=(INDEX(Partidos!$F$4:$F$107,MATCH($A59,Partidos!$A$4:$A$107,0))-INDEX(Partidos!$G$4:$G$107,MATCH($A59,Partidos!$A$4:$A$107,0))),Puntuacion!$B$5,IF(OR(AND($E59>$F59,INDEX(Partidos!$F$4:$F$107,MATCH($A59,Partidos!$A$4:$A$107,0))>INDEX(Partidos!$G$4:$G$107,MATCH($A59,Partidos!$A$4:$A$107,0))),AND($E59=$F59,INDEX(Partidos!$F$4:$F$107,MATCH($A59,Partidos!$A$4:$A$107,0))=INDEX(Partidos!$G$4:$G$107,MATCH($A59,Partidos!$A$4:$A$107,0))),AND($E59<$F59,INDEX(Partidos!$F$4:$F$107,MATCH($A59,Partidos!$A$4:$A$107,0))<INDEX(Partidos!$G$4:$G$107,MATCH($A59,Partidos!$A$4:$A$107,0)))),Puntuacion!$B$6,0))),IF(AND($E59=INDEX(Partidos!$F$4:$F$107,MATCH($A59,Partidos!$A$4:$A$107,0)),$F59=INDEX(Partidos!$G$4:$G$107,MATCH($A59,Partidos!$A$4:$A$107,0))),Puntuacion!$B$9,IF(($E59-$F59)=(INDEX(Partidos!$F$4:$F$107,MATCH($A59,Partidos!$A$4:$A$107,0))-INDEX(Partidos!$G$4:$G$107,MATCH($A59,Partidos!$A$4:$A$107,0))),Puntuacion!$B$10,IF(AND($H59<>"",$H59=INDEX(Partidos!$K$4:$K$107,MATCH($A59,Partidos!$A$4:$A$107,0))),Puntuacion!$B$11,0)))))),"") | H59: =IFERROR(INDEX(Papá!H$4:H$107,MATCH($A59,Papá!$A$4:$A$107,0)),"") | I59: =IFERROR(INDEX(Partidos!$J$4:$J$107,MATCH($A59,Partidos!$A$4:$A$107,0)),"") | J59: =IF(AND(INDEX(Partidos!$J$4:$J$107,MATCH($A59,Partidos!$A$4:$A$107,0))<>"Grupos",INDEX(Partidos!$H$4:$H$107,MATCH($A59,Partidos!$A$4:$A$107,0))="Finalizado",$H59<>"",$H59=INDEX(Partidos!$K$4:$K$107,MATCH($A59,Partidos!$A$4:$A$107,0))),1,0)
A60: 19 | B60: =IFERROR(INDEX(Partidos!$D$4:$D$107,MATCH($A60,Partidos!$A$4:$A$107,0)),"") | C60: =IFERROR(INDEX(Partidos!$E$4:$E$107,MATCH($A60,Partidos!$A$4:$A$107,0)),"") | D60: Diego | E60: =IFERROR(INDEX(Diego!F$4:F$107,MATCH($A60,Diego!$A$4:$A$107,0)),"") | F60: =IFERROR(INDEX(Diego!G$4:G$107,MATCH($A60,Diego!$A$4:$A$107,0)),"") | G60: =IFERROR(IF(INDEX(Partidos!$H$4:$H$107,MATCH($A60,Partidos!$A$4:$A$107,0))<>"Finalizado","",IF(OR(NOT(ISNUMBER($E60)),NOT(ISNUMBER($F60))),"",IF(INDEX(Partidos!$J$4:$J$107,MATCH($A60,Partidos!$A$4:$A$107,0))="Grupos",IF(AND($E60=INDEX(Partidos!$F$4:$F$107,MATCH($A60,Partidos!$A$4:$A$107,0)),$F60=INDEX(Partidos!$G$4:$G$107,MATCH($A60,Partidos!$A$4:$A$107,0))),Puntuacion!$B$4,IF(($E60-$F60)=(INDEX(Partidos!$F$4:$F$107,MATCH($A60,Partidos!$A$4:$A$107,0))-INDEX(Partidos!$G$4:$G$107,MATCH($A60,Partidos!$A$4:$A$107,0))),Puntuacion!$B$5,IF(OR(AND($E60>$F60,INDEX(Partidos!$F$4:$F$107,MATCH($A60,Partidos!$A$4:$A$107,0))>INDEX(Partidos!$G$4:$G$107,MATCH($A60,Partidos!$A$4:$A$107,0))),AND($E60=$F60,INDEX(Partidos!$F$4:$F$107,MATCH($A60,Partidos!$A$4:$A$107,0))=INDEX(Partidos!$G$4:$G$107,MATCH($A60,Partidos!$A$4:$A$107,0))),AND($E60<$F60,INDEX(Partidos!$F$4:$F$107,MATCH($A60,Partidos!$A$4:$A$107,0))<INDEX(Partidos!$G$4:$G$107,MATCH($A60,Partidos!$A$4:$A$107,0)))),Puntuacion!$B$6,0))),IF(AND($E60=INDEX(Partidos!$F$4:$F$107,MATCH($A60,Partidos!$A$4:$A$107,0)),$F60=INDEX(Partidos!$G$4:$G$107,MATCH($A60,Partidos!$A$4:$A$107,0))),Puntuacion!$B$9,IF(($E60-$F60)=(INDEX(Partidos!$F$4:$F$107,MATCH($A60,Partidos!$A$4:$A$107,0))-INDEX(Partidos!$G$4:$G$107,MATCH($A60,Partidos!$A$4:$A$107,0))),Puntuacion!$B$10,IF(AND($H60<>"",$H60=INDEX(Partidos!$K$4:$K$107,MATCH($A60,Partidos!$A$4:$A$107,0))),Puntuacion!$B$11,0)))))),"") | H60: =IFERROR(INDEX(Diego!H$4:H$107,MATCH($A60,Diego!$A$4:$A$107,0)),"") | I60: =IFERROR(INDEX(Partidos!$J$4:$J$107,MATCH($A60,Partidos!$A$4:$A$107,0)),"") | J60: =IF(AND(INDEX(Partidos!$J$4:$J$107,MATCH($A60,Partidos!$A$4:$A$107,0))<>"Grupos",INDEX(Partidos!$H$4:$H$107,MATCH($A60,Partidos!$A$4:$A$107,0))="Finalizado",$H60<>"",$H60=INDEX(Partidos!$K$4:$K$107,MATCH($A60,Partidos!$A$4:$A$107,0))),1,0)
A61: 20 | B61: =IFERROR(INDEX(Partidos!$D$4:$D$107,MATCH($A61,Partidos!$A$4:$A$107,0)),"") | C61: =IFERROR(INDEX(Partidos!$E$4:$E$107,MATCH($A61,Partidos!$A$4:$A$107,0)),"") | D61: Álvaro | E61: =IFERROR(INDEX(Álvaro!F$4:F$107,MATCH($A61,Álvaro!$A$4:$A$107,0)),"") | F61: =IFERROR(INDEX(Álvaro!G$4:G$107,MATCH($A61,Álvaro!$A$4:$A$107,0)),"") | G61: =IFERROR(IF(INDEX(Partidos!$H$4:$H$107,MATCH($A61,Partidos!$A$4:$A$107,0))<>"Finalizado","",IF(OR(NOT(ISNUMBER($E61)),NOT(ISNUMBER($F61))),"",IF(INDEX(Partidos!$J$4:$J$107,MATCH($A61,Partidos!$A$4:$A$107,0))="Grupos",IF(AND($E61=INDEX(Partidos!$F$4:$F$107,MATCH($A61,Partidos!$A$4:$A$107,0)),$F61=INDEX(Partidos!$G$4:$G$107,MATCH($A61,Partidos!$A$4:$A$107,0))),Puntuacion!$B$4,IF(($E61-$F61)=(INDEX(Partidos!$F$4:$F$107,MATCH($A61,Partidos!$A$4:$A$107,0))-INDEX(Partidos!$G$4:$G$107,MATCH($A61,Partidos!$A$4:$A$107,0))),Puntuacion!$B$5,IF(OR(AND($E61>$F61,INDEX(Partidos!$F$4:$F$107,MATCH($A61,Partidos!$A$4:$A$107,0))>INDEX(Partidos!$G$4:$G$107,MATCH($A61,Partidos!$A$4:$A$107,0))),AND($E61=$F61,INDEX(Partidos!$F$4:$F$107,MATCH($A61,Partidos!$A$4:$A$107,0))=INDEX(Partidos!$G$4:$G$107,MATCH($A61,Partidos!$A$4:$A$107,0))),AND($E61<$F61,INDEX(Partidos!$F$4:$F$107,MATCH($A61,Partidos!$A$4:$A$107,0))<INDEX(Partidos!$G$4:$G$107,MATCH($A61,Partidos!$A$4:$A$107,0)))),Puntuacion!$B$6,0))),IF(AND($E61=INDEX(Partidos!$F$4:$F$107,MATCH($A61,Partidos!$A$4:$A$107,0)),$F61=INDEX(Partidos!$G$4:$G$107,MATCH($A61,Partidos!$A$4:$A$107,0))),Puntuacion!$B$9,IF(($E61-$F61)=(INDEX(Partidos!$F$4:$F$107,MATCH($A61,Partidos!$A$4:$A$107,0))-INDEX(Partidos!$G$4:$G$107,MATCH($A61,Partidos!$A$4:$A$107,0))),Puntuacion!$B$10,IF(AND($H61<>"",$H61=INDEX(Partidos!$K$4:$K$107,MATCH($A61,Partidos!$A$4:$A$107,0))),Puntuacion!$B$11,0)))))),"") | H61: =IFERROR(INDEX(Álvaro!H$4:H$107,MATCH($A61,Álvaro!$A$4:$A$107,0)),"") | I61: =IFERROR(INDEX(Partidos!$J$4:$J$107,MATCH($A61,Partidos!$A$4:$A$107,0)),"") | J61: =IF(AND(INDEX(Partidos!$J$4:$J$107,MATCH($A61,Partidos!$A$4:$A$107,0))<>"Grupos",INDEX(Partidos!$H$4:$H$107,MATCH($A61,Partidos!$A$4:$A$107,0))="Finalizado",$H61<>"",$H61=INDEX(Partidos!$K$4:$K$107,MATCH($A61,Partidos!$A$4:$A$107,0))),1,0)
A62: 20 | B62: =IFERROR(INDEX(Partidos!$D$4:$D$107,MATCH($A62,Partidos!$A$4:$A$107,0)),"") | C62: =IFERROR(INDEX(Partidos!$E$4:$E$107,MATCH($A62,Partidos!$A$4:$A$107,0)),"") | D62: Papá | E62: =IFERROR(INDEX(Papá!F$4:F$107,MATCH($A62,Papá!$A$4:$A$107,0)),"") | F62: =IFERROR(INDEX(Papá!G$4:G$107,MATCH($A62,Papá!$A$4:$A$107,0)),"") | G62: =IFERROR(IF(INDEX(Partidos!$H$4:$H$107,MATCH($A62,Partidos!$A$4:$A$107,0))<>"Finalizado","",IF(OR(NOT(ISNUMBER($E62)),NOT(ISNUMBER($F62))),"",IF(INDEX(Partidos!$J$4:$J$107,MATCH($A62,Partidos!$A$4:$A$107,0))="Grupos",IF(AND($E62=INDEX(Partidos!$F$4:$F$107,MATCH($A62,Partidos!$A$4:$A$107,0)),$F62=INDEX(Partidos!$G$4:$G$107,MATCH($A62,Partidos!$A$4:$A$107,0))),Puntuacion!$B$4,IF(($E62-$F62)=(INDEX(Partidos!$F$4:$F$107,MATCH($A62,Partidos!$A$4:$A$107,0))-INDEX(Partidos!$G$4:$G$107,MATCH($A62,Partidos!$A$4:$A$107,0))),Puntuacion!$B$5,IF(OR(AND($E62>$F62,INDEX(Partidos!$F$4:$F$107,MATCH($A62,Partidos!$A$4:$A$107,0))>INDEX(Partidos!$G$4:$G$107,MATCH($A62,Partidos!$A$4:$A$107,0))),AND($E62=$F62,INDEX(Partidos!$F$4:$F$107,MATCH($A62,Partidos!$A$4:$A$107,0))=INDEX(Partidos!$G$4:$G$107,MATCH($A62,Partidos!$A$4:$A$107,0))),AND($E62<$F62,INDEX(Partidos!$F$4:$F$107,MATCH($A62,Partidos!$A$4:$A$107,0))<INDEX(Partidos!$G$4:$G$107,MATCH($A62,Partidos!$A$4:$A$107,0)))),Puntuacion!$B$6,0))),IF(AND($E62=INDEX(Partidos!$F$4:$F$107,MATCH($A62,Partidos!$A$4:$A$107,0)),$F62=INDEX(Partidos!$G$4:$G$107,MATCH($A62,Partidos!$A$4:$A$107,0))),Puntuacion!$B$9,IF(($E62-$F62)=(INDEX(Partidos!$F$4:$F$107,MATCH($A62,Partidos!$A$4:$A$107,0))-INDEX(Partidos!$G$4:$G$107,MATCH($A62,Partidos!$A$4:$A$107,0))),Puntuacion!$B$10,IF(AND($H62<>"",$H62=INDEX(Partidos!$K$4:$K$107,MATCH($A62,Partidos!$A$4:$A$107,0))),Puntuacion!$B$11,0)))))),"") | H62: =IFERROR(INDEX(Papá!H$4:H$107,MATCH($A62,Papá!$A$4:$A$107,0)),"") | I62: =IFERROR(INDEX(Partidos!$J$4:$J$107,MATCH($A62,Partidos!$A$4:$A$107,0)),"") | J62: =IF(AND(INDEX(Partidos!$J$4:$J$107,MATCH($A62,Partidos!$A$4:$A$107,0))<>"Grupos",INDEX(Partidos!$H$4:$H$107,MATCH($A62,Partidos!$A$4:$A$107,0))="Finalizado",$H62<>"",$H62=INDEX(Partidos!$K$4:$K$107,MATCH($A62,Partidos!$A$4:$A$107,0))),1,0)
A63: 20 | B63: =IFERROR(INDEX(Partidos!$D$4:$D$107,MATCH($A63,Partidos!$A$4:$A$107,0)),"") | C63: =IFERROR(INDEX(Partidos!$E$4:$E$107,MATCH($A63,Partidos!$A$4:$A$107,0)),"") | D63: Diego | E63: =IFERROR(INDEX(Diego!F$4:F$107,MATCH($A63,Diego!$A$4:$A$107,0)),"") | F63: =IFERROR(INDEX(Diego!G$4:G$107,MATCH($A63,Diego!$A$4:$A$107,0)),"") | G63: =IFERROR(IF(INDEX(Partidos!$H$4:$H$107,MATCH($A63,Partidos!$A$4:$A$107,0))<>"Finalizado","",IF(OR(NOT(ISNUMBER($E63)),NOT(ISNUMBER($F63))),"",IF(INDEX(Partidos!$J$4:$J$107,MATCH($A63,Partidos!$A$4:$A$107,0))="Grupos",IF(AND($E63=INDEX(Partidos!$F$4:$F$107,MATCH($A63,Partidos!$A$4:$A$107,0)),$F63=INDEX(Partidos!$G$4:$G$107,MATCH($A63,Partidos!$A$4:$A$107,0))),Puntuacion!$B$4,IF(($E63-$F63)=(INDEX(Partidos!$F$4:$F$107,MATCH($A63,Partidos!$A$4:$A$107,0))-INDEX(Partidos!$G$4:$G$107,MATCH($A63,Partidos!$A$4:$A$107,0))),Puntuacion!$B$5,IF(OR(AND($E63>$F63,INDEX(Partidos!$F$4:$F$107,MATCH($A63,Partidos!$A$4:$A$107,0))>INDEX(Partidos!$G$4:$G$107,MATCH($A63,Partidos!$A$4:$A$107,0))),AND($E63=$F63,INDEX(Partidos!$F$4:$F$107,MATCH($A63,Partidos!$A$4:$A$107,0))=INDEX(Partidos!$G$4:$G$107,MATCH($A63,Partidos!$A$4:$A$107,0))),AND($E63<$F63,INDEX(Partidos!$F$4:$F$107,MATCH($A63,Partidos!$A$4:$A$107,0))<INDEX(Partidos!$G$4:$G$107,MATCH($A63,Partidos!$A$4:$A$107,0)))),Puntuacion!$B$6,0))),IF(AND($E63=INDEX(Partidos!$F$4:$F$107,MATCH($A63,Partidos!$A$4:$A$107,0)),$F63=INDEX(Partidos!$G$4:$G$107,MATCH($A63,Partidos!$A$4:$A$107,0))),Puntuacion!$B$9,IF(($E63-$F63)=(INDEX(Partidos!$F$4:$F$107,MATCH($A63,Partidos!$A$4:$A$107,0))-INDEX(Partidos!$G$4:$G$107,MATCH($A63,Partidos!$A$4:$A$107,0))),Puntuacion!$B$10,IF(AND($H63<>"",$H63=INDEX(Partidos!$K$4:$K$107,MATCH($A63,Partidos!$A$4:$A$107,0))),Puntuacion!$B$11,0)))))),"") | H63: =IFERROR(INDEX(Diego!H$4:H$107,MATCH($A63,Diego!$A$4:$A$107,0)),"") | I63: =IFERROR(INDEX(Partidos!$J$4:$J$107,MATCH($A63,Partidos!$A$4:$A$107,0)),"") | J63: =IF(AND(INDEX(Partidos!$J$4:$J$107,MATCH($A63,Partidos!$A$4:$A$107,0))<>"Grupos",INDEX(Partidos!$H$4:$H$107,MATCH($A63,Partidos!$A$4:$A$107,0))="Finalizado",$H63<>"",$H63=INDEX(Partidos!$K$4:$K$107,MATCH($A63,Partidos!$A$4:$A$107,0))),1,0)
A64: 21 | B64: =IFERROR(INDEX(Partidos!$D$4:$D$107,MATCH($A64,Partidos!$A$4:$A$107,0)),"") | C64: =IFERROR(INDEX(Partidos!$E$4:$E$107,MATCH($A64,Partidos!$A$4:$A$107,0)),"") | D64: Álvaro | E64: =IFERROR(INDEX(Álvaro!F$4:F$107,MATCH($A64,Álvaro!$A$4:$A$107,0)),"") | F64: =IFERROR(INDEX(Álvaro!G$4:G$107,MATCH($A64,Álvaro!$A$4:$A$107,0)),"") | G64: =IFERROR(IF(INDEX(Partidos!$H$4:$H$107,MATCH($A64,Partidos!$A$4:$A$107,0))<>"Finalizado","",IF(OR(NOT(ISNUMBER($E64)),NOT(ISNUMBER($F64))),"",IF(INDEX(Partidos!$J$4:$J$107,MATCH($A64,Partidos!$A$4:$A$107,0))="Grupos",IF(AND($E64=INDEX(Partidos!$F$4:$F$107,MATCH($A64,Partidos!$A$4:$A$107,0)),$F64=INDEX(Partidos!$G$4:$G$107,MATCH($A64,Partidos!$A$4:$A$107,0))),Puntuacion!$B$4,IF(($E64-$F64)=(INDEX(Partidos!$F$4:$F$107,MATCH($A64,Partidos!$A$4:$A$107,0))-INDEX(Partidos!$G$4:$G$107,MATCH($A64,Partidos!$A$4:$A$107,0))),Puntuacion!$B$5,IF(OR(AND($E64>$F64,INDEX(Partidos!$F$4:$F$107,MATCH($A64,Partidos!$A$4:$A$107,0))>INDEX(Partidos!$G$4:$G$107,MATCH($A64,Partidos!$A$4:$A$107,0))),AND($E64=$F64,INDEX(Partidos!$F$4:$F$107,MATCH($A64,Partidos!$A$4:$A$107,0))=INDEX(Partidos!$G$4:$G$107,MATCH($A64,Partidos!$A$4:$A$107,0))),AND($E64<$F64,INDEX(Partidos!$F$4:$F$107,MATCH($A64,Partidos!$A$4:$A$107,0))<INDEX(Partidos!$G$4:$G$107,MATCH($A64,Partidos!$A$4:$A$107,0)))),Puntuacion!$B$6,0))),IF(AND($E64=INDEX(Partidos!$F$4:$F$107,MATCH($A64,Partidos!$A$4:$A$107,0)),$F64=INDEX(Partidos!$G$4:$G$107,MATCH($A64,Partidos!$A$4:$A$107,0))),Puntuacion!$B$9,IF(($E64-$F64)=(INDEX(Partidos!$F$4:$F$107,MATCH($A64,Partidos!$A$4:$A$107,0))-INDEX(Partidos!$G$4:$G$107,MATCH($A64,Partidos!$A$4:$A$107,0))),Puntuacion!$B$10,IF(AND($H64<>"",$H64=INDEX(Partidos!$K$4:$K$107,MATCH($A64,Partidos!$A$4:$A$107,0))),Puntuacion!$B$11,0)))))),"") | H64: =IFERROR(INDEX(Álvaro!H$4:H$107,MATCH($A64,Álvaro!$A$4:$A$107,0)),"") | I64: =IFERROR(INDEX(Partidos!$J$4:$J$107,MATCH($A64,Partidos!$A$4:$A$107,0)),"") | J64: =IF(AND(INDEX(Partidos!$J$4:$J$107,MATCH($A64,Partidos!$A$4:$A$107,0))<>"Grupos",INDEX(Partidos!$H$4:$H$107,MATCH($A64,Partidos!$A$4:$A$107,0))="Finalizado",$H64<>"",$H64=INDEX(Partidos!$K$4:$K$107,MATCH($A64,Partidos!$A$4:$A$107,0))),1,0)
A65: 21 | B65: =IFERROR(INDEX(Partidos!$D$4:$D$107,MATCH($A65,Partidos!$A$4:$A$107,0)),"") | C65: =IFERROR(INDEX(Partidos!$E$4:$E$107,MATCH($A65,Partidos!$A$4:$A$107,0)),"") | D65: Papá | E65: =IFERROR(INDEX(Papá!F$4:F$107,MATCH($A65,Papá!$A$4:$A$107,0)),"") | F65: =IFERROR(INDEX(Papá!G$4:G$107,MATCH($A65,Papá!$A$4:$A$107,0)),"") | G65: =IFERROR(IF(INDEX(Partidos!$H$4:$H$107,MATCH($A65,Partidos!$A$4:$A$107,0))<>"Finalizado","",IF(OR(NOT(ISNUMBER($E65)),NOT(ISNUMBER($F65))),"",IF(INDEX(Partidos!$J$4:$J$107,MATCH($A65,Partidos!$A$4:$A$107,0))="Grupos",IF(AND($E65=INDEX(Partidos!$F$4:$F$107,MATCH($A65,Partidos!$A$4:$A$107,0)),$F65=INDEX(Partidos!$G$4:$G$107,MATCH($A65,Partidos!$A$4:$A$107,0))),Puntuacion!$B$4,IF(($E65-$F65)=(INDEX(Partidos!$F$4:$F$107,MATCH($A65,Partidos!$A$4:$A$107,0))-INDEX(Partidos!$G$4:$G$107,MATCH($A65,Partidos!$A$4:$A$107,0))),Puntuacion!$B$5,IF(OR(AND($E65>$F65,INDEX(Partidos!$F$4:$F$107,MATCH($A65,Partidos!$A$4:$A$107,0))>INDEX(Partidos!$G$4:$G$107,MATCH($A65,Partidos!$A$4:$A$107,0))),AND($E65=$F65,INDEX(Partidos!$F$4:$F$107,MATCH($A65,Partidos!$A$4:$A$107,0))=INDEX(Partidos!$G$4:$G$107,MATCH($A65,Partidos!$A$4:$A$107,0))),AND($E65<$F65,INDEX(Partidos!$F$4:$F$107,MATCH($A65,Partidos!$A$4:$A$107,0))<INDEX(Partidos!$G$4:$G$107,MATCH($A65,Partidos!$A$4:$A$107,0)))),Puntuacion!$B$6,0))),IF(AND($E65=INDEX(Partidos!$F$4:$F$107,MATCH($A65,Partidos!$A$4:$A$107,0)),$F65=INDEX(Partidos!$G$4:$G$107,MATCH($A65,Partidos!$A$4:$A$107,0))),Puntuacion!$B$9,IF(($E65-$F65)=(INDEX(Partidos!$F$4:$F$107,MATCH($A65,Partidos!$A$4:$A$107,0))-INDEX(Partidos!$G$4:$G$107,MATCH($A65,Partidos!$A$4:$A$107,0))),Puntuacion!$B$10,IF(AND($H65<>"",$H65=INDEX(Partidos!$K$4:$K$107,MATCH($A65,Partidos!$A$4:$A$107,0))),Puntuacion!$B$11,0)))))),"") | H65: =IFERROR(INDEX(Papá!H$4:H$107,MATCH($A65,Papá!$A$4:$A$107,0)),"") | I65: =IFERROR(INDEX(Partidos!$J$4:$J$107,MATCH($A65,Partidos!$A$4:$A$107,0)),"") | J65: =IF(AND(INDEX(Partidos!$J$4:$J$107,MATCH($A65,Partidos!$A$4:$A$107,0))<>"Grupos",INDEX(Partidos!$H$4:$H$107,MATCH($A65,Partidos!$A$4:$A$107,0))="Finalizado",$H65<>"",$H65=INDEX(Partidos!$K$4:$K$107,MATCH($A65,Partidos!$A$4:$A$107,0))),1,0)
A66: 21 | B66: =IFERROR(INDEX(Partidos!$D$4:$D$107,MATCH($A66,Partidos!$A$4:$A$107,0)),"") | C66: =IFERROR(INDEX(Partidos!$E$4:$E$107,MATCH($A66,Partidos!$A$4:$A$107,0)),"") | D66: Diego | E66: =IFERROR(INDEX(Diego!F$4:F$107,MATCH($A66,Diego!$A$4:$A$107,0)),"") | F66: =IFERROR(INDEX(Diego!G$4:G$107,MATCH($A66,Diego!$A$4:$A$107,0)),"") | G66: =IFERROR(IF(INDEX(Partidos!$H$4:$H$107,MATCH($A66,Partidos!$A$4:$A$107,0))<>"Finalizado","",IF(OR(NOT(ISNUMBER($E66)),NOT(ISNUMBER($F66))),"",IF(INDEX(Partidos!$J$4:$J$107,MATCH($A66,Partidos!$A$4:$A$107,0))="Grupos",IF(AND($E66=INDEX(Partidos!$F$4:$F$107,MATCH($A66,Partidos!$A$4:$A$107,0)),$F66=INDEX(Partidos!$G$4:$G$107,MATCH($A66,Partidos!$A$4:$A$107,0))),Puntuacion!$B$4,IF(($E66-$F66)=(INDEX(Partidos!$F$4:$F$107,MATCH($A66,Partidos!$A$4:$A$107,0))-INDEX(Partidos!$G$4:$G$107,MATCH($A66,Partidos!$A$4:$A$107,0))),Puntuacion!$B$5,IF(OR(AND($E66>$F66,INDEX(Partidos!$F$4:$F$107,MATCH($A66,Partidos!$A$4:$A$107,0))>INDEX(Partidos!$G$4:$G$107,MATCH($A66,Partidos!$A$4:$A$107,0))),AND($E66=$F66,INDEX(Partidos!$F$4:$F$107,MATCH($A66,Partidos!$A$4:$A$107,0))=INDEX(Partidos!$G$4:$G$107,MATCH($A66,Partidos!$A$4:$A$107,0))),AND($E66<$F66,INDEX(Partidos!$F$4:$F$107,MATCH($A66,Partidos!$A$4:$A$107,0))<INDEX(Partidos!$G$4:$G$107,MATCH($A66,Partidos!$A$4:$A$107,0)))),Puntuacion!$B$6,0))),IF(AND($E66=INDEX(Partidos!$F$4:$F$107,MATCH($A66,Partidos!$A$4:$A$107,0)),$F66=INDEX(Partidos!$G$4:$G$107,MATCH($A66,Partidos!$A$4:$A$107,0))),Puntuacion!$B$9,IF(($E66-$F66)=(INDEX(Partidos!$F$4:$F$107,MATCH($A66,Partidos!$A$4:$A$107,0))-INDEX(Partidos!$G$4:$G$107,MATCH($A66,Partidos!$A$4:$A$107,0))),Puntuacion!$B$10,IF(AND($H66<>"",$H66=INDEX(Partidos!$K$4:$K$107,MATCH($A66,Partidos!$A$4:$A$107,0))),Puntuacion!$B$11,0)))))),"") | H66: =IFERROR(INDEX(Diego!H$4:H$107,MATCH($A66,Diego!$A$4:$A$107,0)),"") | I66: =IFERROR(INDEX(Partidos!$J$4:$J$107,MATCH($A66,Partidos!$A$4:$A$107,0)),"") | J66: =IF(AND(INDEX(Partidos!$J$4:$J$107,MATCH($A66,Partidos!$A$4:$A$107,0))<>"Grupos",INDEX(Partidos!$H$4:$H$107,MATCH($A66,Partidos!$A$4:$A$107,0))="Finalizado",$H66<>"",$H66=INDEX(Partidos!$K$4:$K$107,MATCH($A66,Partidos!$A$4:$A$107,0))),1,0)
A67: 22 | B67: =IFERROR(INDEX(Partidos!$D$4:$D$107,MATCH($A67,Partidos!$A$4:$A$107,0)),"") | C67: =IFERROR(INDEX(Partidos!$E$4:$E$107,MATCH($A67,Partidos!$A$4:$A$107,0)),"") | D67: Álvaro | E67: =IFERROR(INDEX(Álvaro!F$4:F$107,MATCH($A67,Álvaro!$A$4:$A$107,0)),"") | F67: =IFERROR(INDEX(Álvaro!G$4:G$107,MATCH($A67,Álvaro!$A$4:$A$107,0)),"") | G67: =IFERROR(IF(INDEX(Partidos!$H$4:$H$107,MATCH($A67,Partidos!$A$4:$A$107,0))<>"Finalizado","",IF(OR(NOT(ISNUMBER($E67)),NOT(ISNUMBER($F67))),"",IF(INDEX(Partidos!$J$4:$J$107,MATCH($A67,Partidos!$A$4:$A$107,0))="Grupos",IF(AND($E67=INDEX(Partidos!$F$4:$F$107,MATCH($A67,Partidos!$A$4:$A$107,0)),$F67=INDEX(Partidos!$G$4:$G$107,MATCH($A67,Partidos!$A$4:$A$107,0))),Puntuacion!$B$4,IF(($E67-$F67)=(INDEX(Partidos!$F$4:$F$107,MATCH($A67,Partidos!$A$4:$A$107,0))-INDEX(Partidos!$G$4:$G$107,MATCH($A67,Partidos!$A$4:$A$107,0))),Puntuacion!$B$5,IF(OR(AND($E67>$F67,INDEX(Partidos!$F$4:$F$107,MATCH($A67,Partidos!$A$4:$A$107,0))>INDEX(Partidos!$G$4:$G$107,MATCH($A67,Partidos!$A$4:$A$107,0))),AND($E67=$F67,INDEX(Partidos!$F$4:$F$107,MATCH($A67,Partidos!$A$4:$A$107,0))=INDEX(Partidos!$G$4:$G$107,MATCH($A67,Partidos!$A$4:$A$107,0))),AND($E67<$F67,INDEX(Partidos!$F$4:$F$107,MATCH($A67,Partidos!$A$4:$A$107,0))<INDEX(Partidos!$G$4:$G$107,MATCH($A67,Partidos!$A$4:$A$107,0)))),Puntuacion!$B$6,0))),IF(AND($E67=INDEX(Partidos!$F$4:$F$107,MATCH($A67,Partidos!$A$4:$A$107,0)),$F67=INDEX(Partidos!$G$4:$G$107,MATCH($A67,Partidos!$A$4:$A$107,0))),Puntuacion!$B$9,IF(($E67-$F67)=(INDEX(Partidos!$F$4:$F$107,MATCH($A67,Partidos!$A$4:$A$107,0))-INDEX(Partidos!$G$4:$G$107,MATCH($A67,Partidos!$A$4:$A$107,0))),Puntuacion!$B$10,IF(AND($H67<>"",$H67=INDEX(Partidos!$K$4:$K$107,MATCH($A67,Partidos!$A$4:$A$107,0))),Puntuacion!$B$11,0)))))),"") | H67: =IFERROR(INDEX(Álvaro!H$4:H$107,MATCH($A67,Álvaro!$A$4:$A$107,0)),"") | I67: =IFERROR(INDEX(Partidos!$J$4:$J$107,MATCH($A67,Partidos!$A$4:$A$107,0)),"") | J67: =IF(AND(INDEX(Partidos!$J$4:$J$107,MATCH($A67,Partidos!$A$4:$A$107,0))<>"Grupos",INDEX(Partidos!$H$4:$H$107,MATCH($A67,Partidos!$A$4:$A$107,0))="Finalizado",$H67<>"",$H67=INDEX(Partidos!$K$4:$K$107,MATCH($A67,Partidos!$A$4:$A$107,0))),1,0)
A68: 22 | B68: =IFERROR(INDEX(Partidos!$D$4:$D$107,MATCH($A68,Partidos!$A$4:$A$107,0)),"") | C68: =IFERROR(INDEX(Partidos!$E$4:$E$107,MATCH($A68,Partidos!$A$4:$A$107,0)),"") | D68: Papá | E68: =IFERROR(INDEX(Papá!F$4:F$107,MATCH($A68,Papá!$A$4:$A$107,0)),"") | F68: =IFERROR(INDEX(Papá!G$4:G$107,MATCH($A68,Papá!$A$4:$A$107,0)),"") | G68: =IFERROR(IF(INDEX(Partidos!$H$4:$H$107,MATCH($A68,Partidos!$A$4:$A$107,0))<>"Finalizado","",IF(OR(NOT(ISNUMBER($E68)),NOT(ISNUMBER($F68))),"",IF(INDEX(Partidos!$J$4:$J$107,MATCH($A68,Partidos!$A$4:$A$107,0))="Grupos",IF(AND($E68=INDEX(Partidos!$F$4:$F$107,MATCH($A68,Partidos!$A$4:$A$107,0)),$F68=INDEX(Partidos!$G$4:$G$107,MATCH($A68,Partidos!$A$4:$A$107,0))),Puntuacion!$B$4,IF(($E68-$F68)=(INDEX(Partidos!$F$4:$F$107,MATCH($A68,Partidos!$A$4:$A$107,0))-INDEX(Partidos!$G$4:$G$107,MATCH($A68,Partidos!$A$4:$A$107,0))),Puntuacion!$B$5,IF(OR(AND($E68>$F68,INDEX(Partidos!$F$4:$F$107,MATCH($A68,Partidos!$A$4:$A$107,0))>INDEX(Partidos!$G$4:$G$107,MATCH($A68,Partidos!$A$4:$A$107,0))),AND($E68=$F68,INDEX(Partidos!$F$4:$F$107,MATCH($A68,Partidos!$A$4:$A$107,0))=INDEX(Partidos!$G$4:$G$107,MATCH($A68,Partidos!$A$4:$A$107,0))),AND($E68<$F68,INDEX(Partidos!$F$4:$F$107,MATCH($A68,Partidos!$A$4:$A$107,0))<INDEX(Partidos!$G$4:$G$107,MATCH($A68,Partidos!$A$4:$A$107,0)))),Puntuacion!$B$6,0))),IF(AND($E68=INDEX(Partidos!$F$4:$F$107,MATCH($A68,Partidos!$A$4:$A$107,0)),$F68=INDEX(Partidos!$G$4:$G$107,MATCH($A68,Partidos!$A$4:$A$107,0))),Puntuacion!$B$9,IF(($E68-$F68)=(INDEX(Partidos!$F$4:$F$107,MATCH($A68,Partidos!$A$4:$A$107,0))-INDEX(Partidos!$G$4:$G$107,MATCH($A68,Partidos!$A$4:$A$107,0))),Puntuacion!$B$10,IF(AND($H68<>"",$H68=INDEX(Partidos!$K$4:$K$107,MATCH($A68,Partidos!$A$4:$A$107,0))),Puntuacion!$B$11,0)))))),"") | H68: =IFERROR(INDEX(Papá!H$4:H$107,MATCH($A68,Papá!$A$4:$A$107,0)),"") | I68: =IFERROR(INDEX(Partidos!$J$4:$J$107,MATCH($A68,Partidos!$A$4:$A$107,0)),"") | J68: =IF(AND(INDEX(Partidos!$J$4:$J$107,MATCH($A68,Partidos!$A$4:$A$107,0))<>"Grupos",INDEX(Partidos!$H$4:$H$107,MATCH($A68,Partidos!$A$4:$A$107,0))="Finalizado",$H68<>"",$H68=INDEX(Partidos!$K$4:$K$107,MATCH($A68,Partidos!$A$4:$A$107,0))),1,0)
A69: 22 | B69: =IFERROR(INDEX(Partidos!$D$4:$D$107,MATCH($A69,Partidos!$A$4:$A$107,0)),"") | C69: =IFERROR(INDEX(Partidos!$E$4:$E$107,MATCH($A69,Partidos!$A$4:$A$107,0)),"") | D69: Diego | E69: =IFERROR(INDEX(Diego!F$4:F$107,MATCH($A69,Diego!$A$4:$A$107,0)),"") | F69: =IFERROR(INDEX(Diego!G$4:G$107,MATCH($A69,Diego!$A$4:$A$107,0)),"") | G69: =IFERROR(IF(INDEX(Partidos!$H$4:$H$107,MATCH($A69,Partidos!$A$4:$A$107,0))<>"Finalizado","",IF(OR(NOT(ISNUMBER($E69)),NOT(ISNUMBER($F69))),"",IF(INDEX(Partidos!$J$4:$J$107,MATCH($A69,Partidos!$A$4:$A$107,0))="Grupos",IF(AND($E69=INDEX(Partidos!$F$4:$F$107,MATCH($A69,Partidos!$A$4:$A$107,0)),$F69=INDEX(Partidos!$G$4:$G$107,MATCH($A69,Partidos!$A$4:$A$107,0))),Puntuacion!$B$4,IF(($E69-$F69)=(INDEX(Partidos!$F$4:$F$107,MATCH($A69,Partidos!$A$4:$A$107,0))-INDEX(Partidos!$G$4:$G$107,MATCH($A69,Partidos!$A$4:$A$107,0))),Puntuacion!$B$5,IF(OR(AND($E69>$F69,INDEX(Partidos!$F$4:$F$107,MATCH($A69,Partidos!$A$4:$A$107,0))>INDEX(Partidos!$G$4:$G$107,MATCH($A69,Partidos!$A$4:$A$107,0))),AND($E69=$F69,INDEX(Partidos!$F$4:$F$107,MATCH($A69,Partidos!$A$4:$A$107,0))=INDEX(Partidos!$G$4:$G$107,MATCH($A69,Partidos!$A$4:$A$107,0))),AND($E69<$F69,INDEX(Partidos!$F$4:$F$107,MATCH($A69,Partidos!$A$4:$A$107,0))<INDEX(Partidos!$G$4:$G$107,MATCH($A69,Partidos!$A$4:$A$107,0)))),Puntuacion!$B$6,0))),IF(AND($E69=INDEX(Partidos!$F$4:$F$107,MATCH($A69,Partidos!$A$4:$A$107,0)),$F69=INDEX(Partidos!$G$4:$G$107,MATCH($A69,Partidos!$A$4:$A$107,0))),Puntuacion!$B$9,IF(($E69-$F69)=(INDEX(Partidos!$F$4:$F$107,MATCH($A69,Partidos!$A$4:$A$107,0))-INDEX(Partidos!$G$4:$G$107,MATCH($A69,Partidos!$A$4:$A$107,0))),Puntuacion!$B$10,IF(AND($H69<>"",$H69=INDEX(Partidos!$K$4:$K$107,MATCH($A69,Partidos!$A$4:$A$107,0))),Puntuacion!$B$11,0)))))),"") | H69: =IFERROR(INDEX(Diego!H$4:H$107,MATCH($A69,Diego!$A$4:$A$107,0)),"") | I69: =IFERROR(INDEX(Partidos!$J$4:$J$107,MATCH($A69,Partidos!$A$4:$A$107,0)),"") | J69: =IF(AND(INDEX(Partidos!$J$4:$J$107,MATCH($A69,Partidos!$A$4:$A$107,0))<>"Grupos",INDEX(Partidos!$H$4:$H$107,MATCH($A69,Partidos!$A$4:$A$107,0))="Finalizado",$H69<>"",$H69=INDEX(Partidos!$K$4:$K$107,MATCH($A69,Partidos!$A$4:$A$107,0))),1,0)
A70: 23 | B70: =IFERROR(INDEX(Partidos!$D$4:$D$107,MATCH($A70,Partidos!$A$4:$A$107,0)),"") | C70: =IFERROR(INDEX(Partidos!$E$4:$E$107,MATCH($A70,Partidos!$A$4:$A$107,0)),"") | D70: Álvaro | E70: =IFERROR(INDEX(Álvaro!F$4:F$107,MATCH($A70,Álvaro!$A$4:$A$107,0)),"") | F70: =IFERROR(INDEX(Álvaro!G$4:G$107,MATCH($A70,Álvaro!$A$4:$A$107,0)),"") | G70: =IFERROR(IF(INDEX(Partidos!$H$4:$H$107,MATCH($A70,Partidos!$A$4:$A$107,0))<>"Finalizado","",IF(OR(NOT(ISNUMBER($E70)),NOT(ISNUMBER($F70))),"",IF(INDEX(Partidos!$J$4:$J$107,MATCH($A70,Partidos!$A$4:$A$107,0))="Grupos",IF(AND($E70=INDEX(Partidos!$F$4:$F$107,MATCH($A70,Partidos!$A$4:$A$107,0)),$F70=INDEX(Partidos!$G$4:$G$107,MATCH($A70,Partidos!$A$4:$A$107,0))),Puntuacion!$B$4,IF(($E70-$F70)=(INDEX(Partidos!$F$4:$F$107,MATCH($A70,Partidos!$A$4:$A$107,0))-INDEX(Partidos!$G$4:$G$107,MATCH($A70,Partidos!$A$4:$A$107,0))),Puntuacion!$B$5,IF(OR(AND($E70>$F70,INDEX(Partidos!$F$4:$F$107,MATCH($A70,Partidos!$A$4:$A$107,0))>INDEX(Partidos!$G$4:$G$107,MATCH($A70,Partidos!$A$4:$A$107,0))),AND($E70=$F70,INDEX(Partidos!$F$4:$F$107,MATCH($A70,Partidos!$A$4:$A$107,0))=INDEX(Partidos!$G$4:$G$107,MATCH($A70,Partidos!$A$4:$A$107,0))),AND($E70<$F70,INDEX(Partidos!$F$4:$F$107,MATCH($A70,Partidos!$A$4:$A$107,0))<INDEX(Partidos!$G$4:$G$107,MATCH($A70,Partidos!$A$4:$A$107,0)))),Puntuacion!$B$6,0))),IF(AND($E70=INDEX(Partidos!$F$4:$F$107,MATCH($A70,Partidos!$A$4:$A$107,0)),$F70=INDEX(Partidos!$G$4:$G$107,MATCH($A70,Partidos!$A$4:$A$107,0))),Puntuacion!$B$9,IF(($E70-$F70)=(INDEX(Partidos!$F$4:$F$107,MATCH($A70,Partidos!$A$4:$A$107,0))-INDEX(Partidos!$G$4:$G$107,MATCH($A70,Partidos!$A$4:$A$107,0))),Puntuacion!$B$10,IF(AND($H70<>"",$H70=INDEX(Partidos!$K$4:$K$107,MATCH($A70,Partidos!$A$4:$A$107,0))),Puntuacion!$B$11,0)))))),"") | H70: =IFERROR(INDEX(Álvaro!H$4:H$107,MATCH($A70,Álvaro!$A$4:$A$107,0)),"") | I70: =IFERROR(INDEX(Partidos!$J$4:$J$107,MATCH($A70,Partidos!$A$4:$A$107,0)),"") | J70: =IF(AND(INDEX(Partidos!$J$4:$J$107,MATCH($A70,Partidos!$A$4:$A$107,0))<>"Grupos",INDEX(Partidos!$H$4:$H$107,MATCH($A70,Partidos!$A$4:$A$107,0))="Finalizado",$H70<>"",$H70=INDEX(Partidos!$K$4:$K$107,MATCH($A70,Partidos!$A$4:$A$107,0))),1,0)
A71: 23 | B71: =IFERROR(INDEX(Partidos!$D$4:$D$107,MATCH($A71,Partidos!$A$4:$A$107,0)),"") | C71: =IFERROR(INDEX(Partidos!$E$4:$E$107,MATCH($A71,Partidos!$A$4:$A$107,0)),"") | D71: Papá | E71: =IFERROR(INDEX(Papá!F$4:F$107,MATCH($A71,Papá!$A$4:$A$107,0)),"") | F71: =IFERROR(INDEX(Papá!G$4:G$107,MATCH($A71,Papá!$A$4:$A$107,0)),"") | G71: =IFERROR(IF(INDEX(Partidos!$H$4:$H$107,MATCH($A71,Partidos!$A$4:$A$107,0))<>"Finalizado","",IF(OR(NOT(ISNUMBER($E71)),NOT(ISNUMBER($F71))),"",IF(INDEX(Partidos!$J$4:$J$107,MATCH($A71,Partidos!$A$4:$A$107,0))="Grupos",IF(AND($E71=INDEX(Partidos!$F$4:$F$107,MATCH($A71,Partidos!$A$4:$A$107,0)),$F71=INDEX(Partidos!$G$4:$G$107,MATCH($A71,Partidos!$A$4:$A$107,0))),Puntuacion!$B$4,IF(($E71-$F71)=(INDEX(Partidos!$F$4:$F$107,MATCH($A71,Partidos!$A$4:$A$107,0))-INDEX(Partidos!$G$4:$G$107,MATCH($A71,Partidos!$A$4:$A$107,0))),Puntuacion!$B$5,IF(OR(AND($E71>$F71,INDEX(Partidos!$F$4:$F$107,MATCH($A71,Partidos!$A$4:$A$107,0))>INDEX(Partidos!$G$4:$G$107,MATCH($A71,Partidos!$A$4:$A$107,0))),AND($E71=$F71,INDEX(Partidos!$F$4:$F$107,MATCH($A71,Partidos!$A$4:$A$107,0))=INDEX(Partidos!$G$4:$G$107,MATCH($A71,Partidos!$A$4:$A$107,0))),AND($E71<$F71,INDEX(Partidos!$F$4:$F$107,MATCH($A71,Partidos!$A$4:$A$107,0))<INDEX(Partidos!$G$4:$G$107,MATCH($A71,Partidos!$A$4:$A$107,0)))),Puntuacion!$B$6,0))),IF(AND($E71=INDEX(Partidos!$F$4:$F$107,MATCH($A71,Partidos!$A$4:$A$107,0)),$F71=INDEX(Partidos!$G$4:$G$107,MATCH($A71,Partidos!$A$4:$A$107,0))),Puntuacion!$B$9,IF(($E71-$F71)=(INDEX(Partidos!$F$4:$F$107,MATCH($A71,Partidos!$A$4:$A$107,0))-INDEX(Partidos!$G$4:$G$107,MATCH($A71,Partidos!$A$4:$A$107,0))),Puntuacion!$B$10,IF(AND($H71<>"",$H71=INDEX(Partidos!$K$4:$K$107,MATCH($A71,Partidos!$A$4:$A$107,0))),Puntuacion!$B$11,0)))))),"") | H71: =IFERROR(INDEX(Papá!H$4:H$107,MATCH($A71,Papá!$A$4:$A$107,0)),"") | I71: =IFERROR(INDEX(Partidos!$J$4:$J$107,MATCH($A71,Partidos!$A$4:$A$107,0)),"") | J71: =IF(AND(INDEX(Partidos!$J$4:$J$107,MATCH($A71,Partidos!$A$4:$A$107,0))<>"Grupos",INDEX(Partidos!$H$4:$H$107,MATCH($A71,Partidos!$A$4:$A$107,0))="Finalizado",$H71<>"",$H71=INDEX(Partidos!$K$4:$K$107,MATCH($A71,Partidos!$A$4:$A$107,0))),1,0)
A72: 23 | B72: =IFERROR(INDEX(Partidos!$D$4:$D$107,MATCH($A72,Partidos!$A$4:$A$107,0)),"") | C72: =IFERROR(INDEX(Partidos!$E$4:$E$107,MATCH($A72,Partidos!$A$4:$A$107,0)),"") | D72: Diego | E72: =IFERROR(INDEX(Diego!F$4:F$107,MATCH($A72,Diego!$A$4:$A$107,0)),"") | F72: =IFERROR(INDEX(Diego!G$4:G$107,MATCH($A72,Diego!$A$4:$A$107,0)),"") | G72: =IFERROR(IF(INDEX(Partidos!$H$4:$H$107,MATCH($A72,Partidos!$A$4:$A$107,0))<>"Finalizado","",IF(OR(NOT(ISNUMBER($E72)),NOT(ISNUMBER($F72))),"",IF(INDEX(Partidos!$J$4:$J$107,MATCH($A72,Partidos!$A$4:$A$107,0))="Grupos",IF(AND($E72=INDEX(Partidos!$F$4:$F$107,MATCH($A72,Partidos!$A$4:$A$107,0)),$F72=INDEX(Partidos!$G$4:$G$107,MATCH($A72,Partidos!$A$4:$A$107,0))),Puntuacion!$B$4,IF(($E72-$F72)=(INDEX(Partidos!$F$4:$F$107,MATCH($A72,Partidos!$A$4:$A$107,0))-INDEX(Partidos!$G$4:$G$107,MATCH($A72,Partidos!$A$4:$A$107,0))),Puntuacion!$B$5,IF(OR(AND($E72>$F72,INDEX(Partidos!$F$4:$F$107,MATCH($A72,Partidos!$A$4:$A$107,0))>INDEX(Partidos!$G$4:$G$107,MATCH($A72,Partidos!$A$4:$A$107,0))),AND($E72=$F72,INDEX(Partidos!$F$4:$F$107,MATCH($A72,Partidos!$A$4:$A$107,0))=INDEX(Partidos!$G$4:$G$107,MATCH($A72,Partidos!$A$4:$A$107,0))),AND($E72<$F72,INDEX(Partidos!$F$4:$F$107,MATCH($A72,Partidos!$A$4:$A$107,0))<INDEX(Partidos!$G$4:$G$107,MATCH($A72,Partidos!$A$4:$A$107,0)))),Puntuacion!$B$6,0))),IF(AND($E72=INDEX(Partidos!$F$4:$F$107,MATCH($A72,Partidos!$A$4:$A$107,0)),$F72=INDEX(Partidos!$G$4:$G$107,MATCH($A72,Partidos!$A$4:$A$107,0))),Puntuacion!$B$9,IF(($E72-$F72)=(INDEX(Partidos!$F$4:$F$107,MATCH($A72,Partidos!$A$4:$A$107,0))-INDEX(Partidos!$G$4:$G$107,MATCH($A72,Partidos!$A$4:$A$107,0))),Puntuacion!$B$10,IF(AND($H72<>"",$H72=INDEX(Partidos!$K$4:$K$107,MATCH($A72,Partidos!$A$4:$A$107,0))),Puntuacion!$B$11,0)))))),"") | H72: =IFERROR(INDEX(Diego!H$4:H$107,MATCH($A72,Diego!$A$4:$A$107,0)),"") | I72: =IFERROR(INDEX(Partidos!$J$4:$J$107,MATCH($A72,Partidos!$A$4:$A$107,0)),"") | J72: =IF(AND(INDEX(Partidos!$J$4:$J$107,MATCH($A72,Partidos!$A$4:$A$107,0))<>"Grupos",INDEX(Partidos!$H$4:$H$107,MATCH($A72,Partidos!$A$4:$A$107,0))="Finalizado",$H72<>"",$H72=INDEX(Partidos!$K$4:$K$107,MATCH($A72,Partidos!$A$4:$A$107,0))),1,0)
A73: 24 | B73: =IFERROR(INDEX(Partidos!$D$4:$D$107,MATCH($A73,Partidos!$A$4:$A$107,0)),"") | C73: =IFERROR(INDEX(Partidos!$E$4:$E$107,MATCH($A73,Partidos!$A$4:$A$107,0)),"") | D73: Álvaro | E73: =IFERROR(INDEX(Álvaro!F$4:F$107,MATCH($A73,Álvaro!$A$4:$A$107,0)),"") | F73: =IFERROR(INDEX(Álvaro!G$4:G$107,MATCH($A73,Álvaro!$A$4:$A$107,0)),"") | G73: =IFERROR(IF(INDEX(Partidos!$H$4:$H$107,MATCH($A73,Partidos!$A$4:$A$107,0))<>"Finalizado","",IF(OR(NOT(ISNUMBER($E73)),NOT(ISNUMBER($F73))),"",IF(INDEX(Partidos!$J$4:$J$107,MATCH($A73,Partidos!$A$4:$A$107,0))="Grupos",IF(AND($E73=INDEX(Partidos!$F$4:$F$107,MATCH($A73,Partidos!$A$4:$A$107,0)),$F73=INDEX(Partidos!$G$4:$G$107,MATCH($A73,Partidos!$A$4:$A$107,0))),Puntuacion!$B$4,IF(($E73-$F73)=(INDEX(Partidos!$F$4:$F$107,MATCH($A73,Partidos!$A$4:$A$107,0))-INDEX(Partidos!$G$4:$G$107,MATCH($A73,Partidos!$A$4:$A$107,0))),Puntuacion!$B$5,IF(OR(AND($E73>$F73,INDEX(Partidos!$F$4:$F$107,MATCH($A73,Partidos!$A$4:$A$107,0))>INDEX(Partidos!$G$4:$G$107,MATCH($A73,Partidos!$A$4:$A$107,0))),AND($E73=$F73,INDEX(Partidos!$F$4:$F$107,MATCH($A73,Partidos!$A$4:$A$107,0))=INDEX(Partidos!$G$4:$G$107,MATCH($A73,Partidos!$A$4:$A$107,0))),AND($E73<$F73,INDEX(Partidos!$F$4:$F$107,MATCH($A73,Partidos!$A$4:$A$107,0))<INDEX(Partidos!$G$4:$G$107,MATCH($A73,Partidos!$A$4:$A$107,0)))),Puntuacion!$B$6,0))),IF(AND($E73=INDEX(Partidos!$F$4:$F$107,MATCH($A73,Partidos!$A$4:$A$107,0)),$F73=INDEX(Partidos!$G$4:$G$107,MATCH($A73,Partidos!$A$4:$A$107,0))),Puntuacion!$B$9,IF(($E73-$F73)=(INDEX(Partidos!$F$4:$F$107,MATCH($A73,Partidos!$A$4:$A$107,0))-INDEX(Partidos!$G$4:$G$107,MATCH($A73,Partidos!$A$4:$A$107,0))),Puntuacion!$B$10,IF(AND($H73<>"",$H73=INDEX(Partidos!$K$4:$K$107,MATCH($A73,Partidos!$A$4:$A$107,0))),Puntuacion!$B$11,0)))))),"") | H73: =IFERROR(INDEX(Álvaro!H$4:H$107,MATCH($A73,Álvaro!$A$4:$A$107,0)),"") | I73: =IFERROR(INDEX(Partidos!$J$4:$J$107,MATCH($A73,Partidos!$A$4:$A$107,0)),"") | J73: =IF(AND(INDEX(Partidos!$J$4:$J$107,MATCH($A73,Partidos!$A$4:$A$107,0))<>"Grupos",INDEX(Partidos!$H$4:$H$107,MATCH($A73,Partidos!$A$4:$A$107,0))="Finalizado",$H73<>"",$H73=INDEX(Partidos!$K$4:$K$107,MATCH($A73,Partidos!$A$4:$A$107,0))),1,0)
A74: 24 | B74: =IFERROR(INDEX(Partidos!$D$4:$D$107,MATCH($A74,Partidos!$A$4:$A$107,0)),"") | C74: =IFERROR(INDEX(Partidos!$E$4:$E$107,MATCH($A74,Partidos!$A$4:$A$107,0)),"") | D74: Papá | E74: =IFERROR(INDEX(Papá!F$4:F$107,MATCH($A74,Papá!$A$4:$A$107,0)),"") | F74: =IFERROR(INDEX(Papá!G$4:G$107,MATCH($A74,Papá!$A$4:$A$107,0)),"") | G74: =IFERROR(IF(INDEX(Partidos!$H$4:$H$107,MATCH($A74,Partidos!$A$4:$A$107,0))<>"Finalizado","",IF(OR(NOT(ISNUMBER($E74)),NOT(ISNUMBER($F74))),"",IF(INDEX(Partidos!$J$4:$J$107,MATCH($A74,Partidos!$A$4:$A$107,0))="Grupos",IF(AND($E74=INDEX(Partidos!$F$4:$F$107,MATCH($A74,Partidos!$A$4:$A$107,0)),$F74=INDEX(Partidos!$G$4:$G$107,MATCH($A74,Partidos!$A$4:$A$107,0))),Puntuacion!$B$4,IF(($E74-$F74)=(INDEX(Partidos!$F$4:$F$107,MATCH($A74,Partidos!$A$4:$A$107,0))-INDEX(Partidos!$G$4:$G$107,MATCH($A74,Partidos!$A$4:$A$107,0))),Puntuacion!$B$5,IF(OR(AND($E74>$F74,INDEX(Partidos!$F$4:$F$107,MATCH($A74,Partidos!$A$4:$A$107,0))>INDEX(Partidos!$G$4:$G$107,MATCH($A74,Partidos!$A$4:$A$107,0))),AND($E74=$F74,INDEX(Partidos!$F$4:$F$107,MATCH($A74,Partidos!$A$4:$A$107,0))=INDEX(Partidos!$G$4:$G$107,MATCH($A74,Partidos!$A$4:$A$107,0))),AND($E74<$F74,INDEX(Partidos!$F$4:$F$107,MATCH($A74,Partidos!$A$4:$A$107,0))<INDEX(Partidos!$G$4:$G$107,MATCH($A74,Partidos!$A$4:$A$107,0)))),Puntuacion!$B$6,0))),IF(AND($E74=INDEX(Partidos!$F$4:$F$107,MATCH($A74,Partidos!$A$4:$A$107,0)),$F74=INDEX(Partidos!$G$4:$G$107,MATCH($A74,Partidos!$A$4:$A$107,0))),Puntuacion!$B$9,IF(($E74-$F74)=(INDEX(Partidos!$F$4:$F$107,MATCH($A74,Partidos!$A$4:$A$107,0))-INDEX(Partidos!$G$4:$G$107,MATCH($A74,Partidos!$A$4:$A$107,0))),Puntuacion!$B$10,IF(AND($H74<>"",$H74=INDEX(Partidos!$K$4:$K$107,MATCH($A74,Partidos!$A$4:$A$107,0))),Puntuacion!$B$11,0)))))),"") | H74: =IFERROR(INDEX(Papá!H$4:H$107,MATCH($A74,Papá!$A$4:$A$107,0)),"") | I74: =IFERROR(INDEX(Partidos!$J$4:$J$107,MATCH($A74,Partidos!$A$4:$A$107,0)),"") | J74: =IF(AND(INDEX(Partidos!$J$4:$J$107,MATCH($A74,Partidos!$A$4:$A$107,0))<>"Grupos",INDEX(Partidos!$H$4:$H$107,MATCH($A74,Partidos!$A$4:$A$107,0))="Finalizado",$H74<>"",$H74=INDEX(Partidos!$K$4:$K$107,MATCH($A74,Partidos!$A$4:$A$107,0))),1,0)
A75: 24 | B75: =IFERROR(INDEX(Partidos!$D$4:$D$107,MATCH($A75,Partidos!$A$4:$A$107,0)),"") | C75: =IFERROR(INDEX(Partidos!$E$4:$E$107,MATCH($A75,Partidos!$A$4:$A$107,0)),"") | D75: Diego | E75: =IFERROR(INDEX(Diego!F$4:F$107,MATCH($A75,Diego!$A$4:$A$107,0)),"") | F75: =IFERROR(INDEX(Diego!G$4:G$107,MATCH($A75,Diego!$A$4:$A$107,0)),"") | G75: =IFERROR(IF(INDEX(Partidos!$H$4:$H$107,MATCH($A75,Partidos!$A$4:$A$107,0))<>"Finalizado","",IF(OR(NOT(ISNUMBER($E75)),NOT(ISNUMBER($F75))),"",IF(INDEX(Partidos!$J$4:$J$107,MATCH($A75,Partidos!$A$4:$A$107,0))="Grupos",IF(AND($E75=INDEX(Partidos!$F$4:$F$107,MATCH($A75,Partidos!$A$4:$A$107,0)),$F75=INDEX(Partidos!$G$4:$G$107,MATCH($A75,Partidos!$A$4:$A$107,0))),Puntuacion!$B$4,IF(($E75-$F75)=(INDEX(Partidos!$F$4:$F$107,MATCH($A75,Partidos!$A$4:$A$107,0))-INDEX(Partidos!$G$4:$G$107,MATCH($A75,Partidos!$A$4:$A$107,0))),Puntuacion!$B$5,IF(OR(AND($E75>$F75,INDEX(Partidos!$F$4:$F$107,MATCH($A75,Partidos!$A$4:$A$107,0))>INDEX(Partidos!$G$4:$G$107,MATCH($A75,Partidos!$A$4:$A$107,0))),AND($E75=$F75,INDEX(Partidos!$F$4:$F$107,MATCH($A75,Partidos!$A$4:$A$107,0))=INDEX(Partidos!$G$4:$G$107,MATCH($A75,Partidos!$A$4:$A$107,0))),AND($E75<$F75,INDEX(Partidos!$F$4:$F$107,MATCH($A75,Partidos!$A$4:$A$107,0))<INDEX(Partidos!$G$4:$G$107,MATCH($A75,Partidos!$A$4:$A$107,0)))),Puntuacion!$B$6,0))),IF(AND($E75=INDEX(Partidos!$F$4:$F$107,MATCH($A75,Partidos!$A$4:$A$107,0)),$F75=INDEX(Partidos!$G$4:$G$107,MATCH($A75,Partidos!$A$4:$A$107,0))),Puntuacion!$B$9,IF(($E75-$F75)=(INDEX(Partidos!$F$4:$F$107,MATCH($A75,Partidos!$A$4:$A$107,0))-INDEX(Partidos!$G$4:$G$107,MATCH($A75,Partidos!$A$4:$A$107,0))),Puntuacion!$B$10,IF(AND($H75<>"",$H75=INDEX(Partidos!$K$4:$K$107,MATCH($A75,Partidos!$A$4:$A$107,0))),Puntuacion!$B$11,0)))))),"") | H75: =IFERROR(INDEX(Diego!H$4:H$107,MATCH($A75,Diego!$A$4:$A$107,0)),"") | I75: =IFERROR(INDEX(Partidos!$J$4:$J$107,MATCH($A75,Partidos!$A$4:$A$107,0)),"") | J75: =IF(AND(INDEX(Partidos!$J$4:$J$107,MATCH($A75,Partidos!$A$4:$A$107,0))<>"Grupos",INDEX(Partidos!$H$4:$H$107,MATCH($A75,Partidos!$A$4:$A$107,0))="Finalizado",$H75<>"",$H75=INDEX(Partidos!$K$4:$K$107,MATCH($A75,Partidos!$A$4:$A$107,0))),1,0)
A76: 25 | B76: =IFERROR(INDEX(Partidos!$D$4:$D$107,MATCH($A76,Partidos!$A$4:$A$107,0)),"") | C76: =IFERROR(INDEX(Partidos!$E$4:$E$107,MATCH($A76,Partidos!$A$4:$A$107,0)),"") | D76: Álvaro | E76: =IFERROR(INDEX(Álvaro!F$4:F$107,MATCH($A76,Álvaro!$A$4:$A$107,0)),"") | F76: =IFERROR(INDEX(Álvaro!G$4:G$107,MATCH($A76,Álvaro!$A$4:$A$107,0)),"") | G76: =IFERROR(IF(INDEX(Partidos!$H$4:$H$107,MATCH($A76,Partidos!$A$4:$A$107,0))<>"Finalizado","",IF(OR(NOT(ISNUMBER($E76)),NOT(ISNUMBER($F76))),"",IF(INDEX(Partidos!$J$4:$J$107,MATCH($A76,Partidos!$A$4:$A$107,0))="Grupos",IF(AND($E76=INDEX(Partidos!$F$4:$F$107,MATCH($A76,Partidos!$A$4:$A$107,0)),$F76=INDEX(Partidos!$G$4:$G$107,MATCH($A76,Partidos!$A$4:$A$107,0))),Puntuacion!$B$4,IF(($E76-$F76)=(INDEX(Partidos!$F$4:$F$107,MATCH($A76,Partidos!$A$4:$A$107,0))-INDEX(Partidos!$G$4:$G$107,MATCH($A76,Partidos!$A$4:$A$107,0))),Puntuacion!$B$5,IF(OR(AND($E76>$F76,INDEX(Partidos!$F$4:$F$107,MATCH($A76,Partidos!$A$4:$A$107,0))>INDEX(Partidos!$G$4:$G$107,MATCH($A76,Partidos!$A$4:$A$107,0))),AND($E76=$F76,INDEX(Partidos!$F$4:$F$107,MATCH($A76,Partidos!$A$4:$A$107,0))=INDEX(Partidos!$G$4:$G$107,MATCH($A76,Partidos!$A$4:$A$107,0))),AND($E76<$F76,INDEX(Partidos!$F$4:$F$107,MATCH($A76,Partidos!$A$4:$A$107,0))<INDEX(Partidos!$G$4:$G$107,MATCH($A76,Partidos!$A$4:$A$107,0)))),Puntuacion!$B$6,0))),IF(AND($E76=INDEX(Partidos!$F$4:$F$107,MATCH($A76,Partidos!$A$4:$A$107,0)),$F76=INDEX(Partidos!$G$4:$G$107,MATCH($A76,Partidos!$A$4:$A$107,0))),Puntuacion!$B$9,IF(($E76-$F76)=(INDEX(Partidos!$F$4:$F$107,MATCH($A76,Partidos!$A$4:$A$107,0))-INDEX(Partidos!$G$4:$G$107,MATCH($A76,Partidos!$A$4:$A$107,0))),Puntuacion!$B$10,IF(AND($H76<>"",$H76=INDEX(Partidos!$K$4:$K$107,MATCH($A76,Partidos!$A$4:$A$107,0))),Puntuacion!$B$11,0)))))),"") | H76: =IFERROR(INDEX(Álvaro!H$4:H$107,MATCH($A76,Álvaro!$A$4:$A$107,0)),"") | I76: =IFERROR(INDEX(Partidos!$J$4:$J$107,MATCH($A76,Partidos!$A$4:$A$107,0)),"") | J76: =IF(AND(INDEX(Partidos!$J$4:$J$107,MATCH($A76,Partidos!$A$4:$A$107,0))<>"Grupos",INDEX(Partidos!$H$4:$H$107,MATCH($A76,Partidos!$A$4:$A$107,0))="Finalizado",$H76<>"",$H76=INDEX(Partidos!$K$4:$K$107,MATCH($A76,Partidos!$A$4:$A$107,0))),1,0)
A77: 25 | B77: =IFERROR(INDEX(Partidos!$D$4:$D$107,MATCH($A77,Partidos!$A$4:$A$107,0)),"") | C77: =IFERROR(INDEX(Partidos!$E$4:$E$107,MATCH($A77,Partidos!$A$4:$A$107,0)),"") | D77: Papá | E77: =IFERROR(INDEX(Papá!F$4:F$107,MATCH($A77,Papá!$A$4:$A$107,0)),"") | F77: =IFERROR(INDEX(Papá!G$4:G$107,MATCH($A77,Papá!$A$4:$A$107,0)),"") | G77: =IFERROR(IF(INDEX(Partidos!$H$4:$H$107,MATCH($A77,Partidos!$A$4:$A$107,0))<>"Finalizado","",IF(OR(NOT(ISNUMBER($E77)),NOT(ISNUMBER($F77))),"",IF(INDEX(Partidos!$J$4:$J$107,MATCH($A77,Partidos!$A$4:$A$107,0))="Grupos",IF(AND($E77=INDEX(Partidos!$F$4:$F$107,MATCH($A77,Partidos!$A$4:$A$107,0)),$F77=INDEX(Partidos!$G$4:$G$107,MATCH($A77,Partidos!$A$4:$A$107,0))),Puntuacion!$B$4,IF(($E77-$F77)=(INDEX(Partidos!$F$4:$F$107,MATCH($A77,Partidos!$A$4:$A$107,0))-INDEX(Partidos!$G$4:$G$107,MATCH($A77,Partidos!$A$4:$A$107,0))),Puntuacion!$B$5,IF(OR(AND($E77>$F77,INDEX(Partidos!$F$4:$F$107,MATCH($A77,Partidos!$A$4:$A$107,0))>INDEX(Partidos!$G$4:$G$107,MATCH($A77,Partidos!$A$4:$A$107,0))),AND($E77=$F77,INDEX(Partidos!$F$4:$F$107,MATCH($A77,Partidos!$A$4:$A$107,0))=INDEX(Partidos!$G$4:$G$107,MATCH($A77,Partidos!$A$4:$A$107,0))),AND($E77<$F77,INDEX(Partidos!$F$4:$F$107,MATCH($A77,Partidos!$A$4:$A$107,0))<INDEX(Partidos!$G$4:$G$107,MATCH($A77,Partidos!$A$4:$A$107,0)))),Puntuacion!$B$6,0))),IF(AND($E77=INDEX(Partidos!$F$4:$F$107,MATCH($A77,Partidos!$A$4:$A$107,0)),$F77=INDEX(Partidos!$G$4:$G$107,MATCH($A77,Partidos!$A$4:$A$107,0))),Puntuacion!$B$9,IF(($E77-$F77)=(INDEX(Partidos!$F$4:$F$107,MATCH($A77,Partidos!$A$4:$A$107,0))-INDEX(Partidos!$G$4:$G$107,MATCH($A77,Partidos!$A$4:$A$107,0))),Puntuacion!$B$10,IF(AND($H77<>"",$H77=INDEX(Partidos!$K$4:$K$107,MATCH($A77,Partidos!$A$4:$A$107,0))),Puntuacion!$B$11,0)))))),"") | H77: =IFERROR(INDEX(Papá!H$4:H$107,MATCH($A77,Papá!$A$4:$A$107,0)),"") | I77: =IFERROR(INDEX(Partidos!$J$4:$J$107,MATCH($A77,Partidos!$A$4:$A$107,0)),"") | J77: =IF(AND(INDEX(Partidos!$J$4:$J$107,MATCH($A77,Partidos!$A$4:$A$107,0))<>"Grupos",INDEX(Partidos!$H$4:$H$107,MATCH($A77,Partidos!$A$4:$A$107,0))="Finalizado",$H77<>"",$H77=INDEX(Partidos!$K$4:$K$107,MATCH($A77,Partidos!$A$4:$A$107,0))),1,0)
A78: 25 | B78: =IFERROR(INDEX(Partidos!$D$4:$D$107,MATCH($A78,Partidos!$A$4:$A$107,0)),"") | C78: =IFERROR(INDEX(Partidos!$E$4:$E$107,MATCH($A78,Partidos!$A$4:$A$107,0)),"") | D78: Diego | E78: =IFERROR(INDEX(Diego!F$4:F$107,MATCH($A78,Diego!$A$4:$A$107,0)),"") | F78: =IFERROR(INDEX(Diego!G$4:G$107,MATCH($A78,Diego!$A$4:$A$107,0)),"") | G78: =IFERROR(IF(INDEX(Partidos!$H$4:$H$107,MATCH($A78,Partidos!$A$4:$A$107,0))<>"Finalizado","",IF(OR(NOT(ISNUMBER($E78)),NOT(ISNUMBER($F78))),"",IF(INDEX(Partidos!$J$4:$J$107,MATCH($A78,Partidos!$A$4:$A$107,0))="Grupos",IF(AND($E78=INDEX(Partidos!$F$4:$F$107,MATCH($A78,Partidos!$A$4:$A$107,0)),$F78=INDEX(Partidos!$G$4:$G$107,MATCH($A78,Partidos!$A$4:$A$107,0))),Puntuacion!$B$4,IF(($E78-$F78)=(INDEX(Partidos!$F$4:$F$107,MATCH($A78,Partidos!$A$4:$A$107,0))-INDEX(Partidos!$G$4:$G$107,MATCH($A78,Partidos!$A$4:$A$107,0))),Puntuacion!$B$5,IF(OR(AND($E78>$F78,INDEX(Partidos!$F$4:$F$107,MATCH($A78,Partidos!$A$4:$A$107,0))>INDEX(Partidos!$G$4:$G$107,MATCH($A78,Partidos!$A$4:$A$107,0))),AND($E78=$F78,INDEX(Partidos!$F$4:$F$107,MATCH($A78,Partidos!$A$4:$A$107,0))=INDEX(Partidos!$G$4:$G$107,MATCH($A78,Partidos!$A$4:$A$107,0))),AND($E78<$F78,INDEX(Partidos!$F$4:$F$107,MATCH($A78,Partidos!$A$4:$A$107,0))<INDEX(Partidos!$G$4:$G$107,MATCH($A78,Partidos!$A$4:$A$107,0)))),Puntuacion!$B$6,0))),IF(AND($E78=INDEX(Partidos!$F$4:$F$107,MATCH($A78,Partidos!$A$4:$A$107,0)),$F78=INDEX(Partidos!$G$4:$G$107,MATCH($A78,Partidos!$A$4:$A$107,0))),Puntuacion!$B$9,IF(($E78-$F78)=(INDEX(Partidos!$F$4:$F$107,MATCH($A78,Partidos!$A$4:$A$107,0))-INDEX(Partidos!$G$4:$G$107,MATCH($A78,Partidos!$A$4:$A$107,0))),Puntuacion!$B$10,IF(AND($H78<>"",$H78=INDEX(Partidos!$K$4:$K$107,MATCH($A78,Partidos!$A$4:$A$107,0))),Puntuacion!$B$11,0)))))),"") | H78: =IFERROR(INDEX(Diego!H$4:H$107,MATCH($A78,Diego!$A$4:$A$107,0)),"") | I78: =IFERROR(INDEX(Partidos!$J$4:$J$107,MATCH($A78,Partidos!$A$4:$A$107,0)),"") | J78: =IF(AND(INDEX(Partidos!$J$4:$J$107,MATCH($A78,Partidos!$A$4:$A$107,0))<>"Grupos",INDEX(Partidos!$H$4:$H$107,MATCH($A78,Partidos!$A$4:$A$107,0))="Finalizado",$H78<>"",$H78=INDEX(Partidos!$K$4:$K$107,MATCH($A78,Partidos!$A$4:$A$107,0))),1,0)
A79: 26 | B79: =IFERROR(INDEX(Partidos!$D$4:$D$107,MATCH($A79,Partidos!$A$4:$A$107,0)),"") | C79: =IFERROR(INDEX(Partidos!$E$4:$E$107,MATCH($A79,Partidos!$A$4:$A$107,0)),"") | D79: Álvaro | E79: =IFERROR(INDEX(Álvaro!F$4:F$107,MATCH($A79,Álvaro!$A$4:$A$107,0)),"") | F79: =IFERROR(INDEX(Álvaro!G$4:G$107,MATCH($A79,Álvaro!$A$4:$A$107,0)),"") | G79: =IFERROR(IF(INDEX(Partidos!$H$4:$H$107,MATCH($A79,Partidos!$A$4:$A$107,0))<>"Finalizado","",IF(OR(NOT(ISNUMBER($E79)),NOT(ISNUMBER($F79))),"",IF(INDEX(Partidos!$J$4:$J$107,MATCH($A79,Partidos!$A$4:$A$107,0))="Grupos",IF(AND($E79=INDEX(Partidos!$F$4:$F$107,MATCH($A79,Partidos!$A$4:$A$107,0)),$F79=INDEX(Partidos!$G$4:$G$107,MATCH($A79,Partidos!$A$4:$A$107,0))),Puntuacion!$B$4,IF(($E79-$F79)=(INDEX(Partidos!$F$4:$F$107,MATCH($A79,Partidos!$A$4:$A$107,0))-INDEX(Partidos!$G$4:$G$107,MATCH($A79,Partidos!$A$4:$A$107,0))),Puntuacion!$B$5,IF(OR(AND($E79>$F79,INDEX(Partidos!$F$4:$F$107,MATCH($A79,Partidos!$A$4:$A$107,0))>INDEX(Partidos!$G$4:$G$107,MATCH($A79,Partidos!$A$4:$A$107,0))),AND($E79=$F79,INDEX(Partidos!$F$4:$F$107,MATCH($A79,Partidos!$A$4:$A$107,0))=INDEX(Partidos!$G$4:$G$107,MATCH($A79,Partidos!$A$4:$A$107,0))),AND($E79<$F79,INDEX(Partidos!$F$4:$F$107,MATCH($A79,Partidos!$A$4:$A$107,0))<INDEX(Partidos!$G$4:$G$107,MATCH($A79,Partidos!$A$4:$A$107,0)))),Puntuacion!$B$6,0))),IF(AND($E79=INDEX(Partidos!$F$4:$F$107,MATCH($A79,Partidos!$A$4:$A$107,0)),$F79=INDEX(Partidos!$G$4:$G$107,MATCH($A79,Partidos!$A$4:$A$107,0))),Puntuacion!$B$9,IF(($E79-$F79)=(INDEX(Partidos!$F$4:$F$107,MATCH($A79,Partidos!$A$4:$A$107,0))-INDEX(Partidos!$G$4:$G$107,MATCH($A79,Partidos!$A$4:$A$107,0))),Puntuacion!$B$10,IF(AND($H79<>"",$H79=INDEX(Partidos!$K$4:$K$107,MATCH($A79,Partidos!$A$4:$A$107,0))),Puntuacion!$B$11,0)))))),"") | H79: =IFERROR(INDEX(Álvaro!H$4:H$107,MATCH($A79,Álvaro!$A$4:$A$107,0)),"") | I79: =IFERROR(INDEX(Partidos!$J$4:$J$107,MATCH($A79,Partidos!$A$4:$A$107,0)),"") | J79: =IF(AND(INDEX(Partidos!$J$4:$J$107,MATCH($A79,Partidos!$A$4:$A$107,0))<>"Grupos",INDEX(Partidos!$H$4:$H$107,MATCH($A79,Partidos!$A$4:$A$107,0))="Finalizado",$H79<>"",$H79=INDEX(Partidos!$K$4:$K$107,MATCH($A79,Partidos!$A$4:$A$107,0))),1,0)
A80: 26 | B80: =IFERROR(INDEX(Partidos!$D$4:$D$107,MATCH($A80,Partidos!$A$4:$A$107,0)),"") | C80: =IFERROR(INDEX(Partidos!$E$4:$E$107,MATCH($A80,Partidos!$A$4:$A$107,0)),"") | D80: Papá | E80: =IFERROR(INDEX(Papá!F$4:F$107,MATCH($A80,Papá!$A$4:$A$107,0)),"") | F80: =IFERROR(INDEX(Papá!G$4:G$107,MATCH($A80,Papá!$A$4:$A$107,0)),"") | G80: =IFERROR(IF(INDEX(Partidos!$H$4:$H$107,MATCH($A80,Partidos!$A$4:$A$107,0))<>"Finalizado","",IF(OR(NOT(ISNUMBER($E80)),NOT(ISNUMBER($F80))),"",IF(INDEX(Partidos!$J$4:$J$107,MATCH($A80,Partidos!$A$4:$A$107,0))="Grupos",IF(AND($E80=INDEX(Partidos!$F$4:$F$107,MATCH($A80,Partidos!$A$4:$A$107,0)),$F80=INDEX(Partidos!$G$4:$G$107,MATCH($A80,Partidos!$A$4:$A$107,0))),Puntuacion!$B$4,IF(($E80-$F80)=(INDEX(Partidos!$F$4:$F$107,MATCH($A80,Partidos!$A$4:$A$107,0))-INDEX(Partidos!$G$4:$G$107,MATCH($A80,Partidos!$A$4:$A$107,0))),Puntuacion!$B$5,IF(OR(AND($E80>$F80,INDEX(Partidos!$F$4:$F$107,MATCH($A80,Partidos!$A$4:$A$107,0))>INDEX(Partidos!$G$4:$G$107,MATCH($A80,Partidos!$A$4:$A$107,0))),AND($E80=$F80,INDEX(Partidos!$F$4:$F$107,MATCH($A80,Partidos!$A$4:$A$107,0))=INDEX(Partidos!$G$4:$G$107,MATCH($A80,Partidos!$A$4:$A$107,0))),AND($E80<$F80,INDEX(Partidos!$F$4:$F$107,MATCH($A80,Partidos!$A$4:$A$107,0))<INDEX(Partidos!$G$4:$G$107,MATCH($A80,Partidos!$A$4:$A$107,0)))),Puntuacion!$B$6,0))),IF(AND($E80=INDEX(Partidos!$F$4:$F$107,MATCH($A80,Partidos!$A$4:$A$107,0)),$F80=INDEX(Partidos!$G$4:$G$107,MATCH($A80,Partidos!$A$4:$A$107,0))),Puntuacion!$B$9,IF(($E80-$F80)=(INDEX(Partidos!$F$4:$F$107,MATCH($A80,Partidos!$A$4:$A$107,0))-INDEX(Partidos!$G$4:$G$107,MATCH($A80,Partidos!$A$4:$A$107,0))),Puntuacion!$B$10,IF(AND($H80<>"",$H80=INDEX(Partidos!$K$4:$K$107,MATCH($A80,Partidos!$A$4:$A$107,0))),Puntuacion!$B$11,0)))))),"") | H80: =IFERROR(INDEX(Papá!H$4:H$107,MATCH($A80,Papá!$A$4:$A$107,0)),"") | I80: =IFERROR(INDEX(Partidos!$J$4:$J$107,MATCH($A80,Partidos!$A$4:$A$107,0)),"") | J80: =IF(AND(INDEX(Partidos!$J$4:$J$107,MATCH($A80,Partidos!$A$4:$A$107,0))<>"Grupos",INDEX(Partidos!$H$4:$H$107,MATCH($A80,Partidos!$A$4:$A$107,0))="Finalizado",$H80<>"",$H80=INDEX(Partidos!$K$4:$K$107,MATCH($A80,Partidos!$A$4:$A$107,0))),1,0)
A81: 26 | B81: =IFERROR(INDEX(Partidos!$D$4:$D$107,MATCH($A81,Partidos!$A$4:$A$107,0)),"") | C81: =IFERROR(INDEX(Partidos!$E$4:$E$107,MATCH($A81,Partidos!$A$4:$A$107,0)),"") | D81: Diego | E81: =IFERROR(INDEX(Diego!F$4:F$107,MATCH($A81,Diego!$A$4:$A$107,0)),"") | F81: =IFERROR(INDEX(Diego!G$4:G$107,MATCH($A81,Diego!$A$4:$A$107,0)),"") | G81: =IFERROR(IF(INDEX(Partidos!$H$4:$H$107,MATCH($A81,Partidos!$A$4:$A$107,0))<>"Finalizado","",IF(OR(NOT(ISNUMBER($E81)),NOT(ISNUMBER($F81))),"",IF(INDEX(Partidos!$J$4:$J$107,MATCH($A81,Partidos!$A$4:$A$107,0))="Grupos",IF(AND($E81=INDEX(Partidos!$F$4:$F$107,MATCH($A81,Partidos!$A$4:$A$107,0)),$F81=INDEX(Partidos!$G$4:$G$107,MATCH($A81,Partidos!$A$4:$A$107,0))),Puntuacion!$B$4,IF(($E81-$F81)=(INDEX(Partidos!$F$4:$F$107,MATCH($A81,Partidos!$A$4:$A$107,0))-INDEX(Partidos!$G$4:$G$107,MATCH($A81,Partidos!$A$4:$A$107,0))),Puntuacion!$B$5,IF(OR(AND($E81>$F81,INDEX(Partidos!$F$4:$F$107,MATCH($A81,Partidos!$A$4:$A$107,0))>INDEX(Partidos!$G$4:$G$107,MATCH($A81,Partidos!$A$4:$A$107,0))),AND($E81=$F81,INDEX(Partidos!$F$4:$F$107,MATCH($A81,Partidos!$A$4:$A$107,0))=INDEX(Partidos!$G$4:$G$107,MATCH($A81,Partidos!$A$4:$A$107,0))),AND($E81<$F81,INDEX(Partidos!$F$4:$F$107,MATCH($A81,Partidos!$A$4:$A$107,0))<INDEX(Partidos!$G$4:$G$107,MATCH($A81,Partidos!$A$4:$A$107,0)))),Puntuacion!$B$6,0))),IF(AND($E81=INDEX(Partidos!$F$4:$F$107,MATCH($A81,Partidos!$A$4:$A$107,0)),$F81=INDEX(Partidos!$G$4:$G$107,MATCH($A81,Partidos!$A$4:$A$107,0))),Puntuacion!$B$9,IF(($E81-$F81)=(INDEX(Partidos!$F$4:$F$107,MATCH($A81,Partidos!$A$4:$A$107,0))-INDEX(Partidos!$G$4:$G$107,MATCH($A81,Partidos!$A$4:$A$107,0))),Puntuacion!$B$10,IF(AND($H81<>"",$H81=INDEX(Partidos!$K$4:$K$107,MATCH($A81,Partidos!$A$4:$A$107,0))),Puntuacion!$B$11,0)))))),"") | H81: =IFERROR(INDEX(Diego!H$4:H$107,MATCH($A81,Diego!$A$4:$A$107,0)),"") | I81: =IFERROR(INDEX(Partidos!$J$4:$J$107,MATCH($A81,Partidos!$A$4:$A$107,0)),"") | J81: =IF(AND(INDEX(Partidos!$J$4:$J$107,MATCH($A81,Partidos!$A$4:$A$107,0))<>"Grupos",INDEX(Partidos!$H$4:$H$107,MATCH($A81,Partidos!$A$4:$A$107,0))="Finalizado",$H81<>"",$H81=INDEX(Partidos!$K$4:$K$107,MATCH($A81,Partidos!$A$4:$A$107,0))),1,0)
A82: 27 | B82: =IFERROR(INDEX(Partidos!$D$4:$D$107,MATCH($A82,Partidos!$A$4:$A$107,0)),"") | C82: =IFERROR(INDEX(Partidos!$E$4:$E$107,MATCH($A82,Partidos!$A$4:$A$107,0)),"") | D82: Álvaro | E82: =IFERROR(INDEX(Álvaro!F$4:F$107,MATCH($A82,Álvaro!$A$4:$A$107,0)),"") | F82: =IFERROR(INDEX(Álvaro!G$4:G$107,MATCH($A82,Álvaro!$A$4:$A$107,0)),"") | G82: =IFERROR(IF(INDEX(Partidos!$H$4:$H$107,MATCH($A82,Partidos!$A$4:$A$107,0))<>"Finalizado","",IF(OR(NOT(ISNUMBER($E82)),NOT(ISNUMBER($F82))),"",IF(INDEX(Partidos!$J$4:$J$107,MATCH($A82,Partidos!$A$4:$A$107,0))="Grupos",IF(AND($E82=INDEX(Partidos!$F$4:$F$107,MATCH($A82,Partidos!$A$4:$A$107,0)),$F82=INDEX(Partidos!$G$4:$G$107,MATCH($A82,Partidos!$A$4:$A$107,0))),Puntuacion!$B$4,IF(($E82-$F82)=(INDEX(Partidos!$F$4:$F$107,MATCH($A82,Partidos!$A$4:$A$107,0))-INDEX(Partidos!$G$4:$G$107,MATCH($A82,Partidos!$A$4:$A$107,0))),Puntuacion!$B$5,IF(OR(AND($E82>$F82,INDEX(Partidos!$F$4:$F$107,MATCH($A82,Partidos!$A$4:$A$107,0))>INDEX(Partidos!$G$4:$G$107,MATCH($A82,Partidos!$A$4:$A$107,0))),AND($E82=$F82,INDEX(Partidos!$F$4:$F$107,MATCH($A82,Partidos!$A$4:$A$107,0))=INDEX(Partidos!$G$4:$G$107,MATCH($A82,Partidos!$A$4:$A$107,0))),AND($E82<$F82,INDEX(Partidos!$F$4:$F$107,MATCH($A82,Partidos!$A$4:$A$107,0))<INDEX(Partidos!$G$4:$G$107,MATCH($A82,Partidos!$A$4:$A$107,0)))),Puntuacion!$B$6,0))),IF(AND($E82=INDEX(Partidos!$F$4:$F$107,MATCH($A82,Partidos!$A$4:$A$107,0)),$F82=INDEX(Partidos!$G$4:$G$107,MATCH($A82,Partidos!$A$4:$A$107,0))),Puntuacion!$B$9,IF(($E82-$F82)=(INDEX(Partidos!$F$4:$F$107,MATCH($A82,Partidos!$A$4:$A$107,0))-INDEX(Partidos!$G$4:$G$107,MATCH($A82,Partidos!$A$4:$A$107,0))),Puntuacion!$B$10,IF(AND($H82<>"",$H82=INDEX(Partidos!$K$4:$K$107,MATCH($A82,Partidos!$A$4:$A$107,0))),Puntuacion!$B$11,0)))))),"") | H82: =IFERROR(INDEX(Álvaro!H$4:H$107,MATCH($A82,Álvaro!$A$4:$A$107,0)),"") | I82: =IFERROR(INDEX(Partidos!$J$4:$J$107,MATCH($A82,Partidos!$A$4:$A$107,0)),"") | J82: =IF(AND(INDEX(Partidos!$J$4:$J$107,MATCH($A82,Partidos!$A$4:$A$107,0))<>"Grupos",INDEX(Partidos!$H$4:$H$107,MATCH($A82,Partidos!$A$4:$A$107,0))="Finalizado",$H82<>"",$H82=INDEX(Partidos!$K$4:$K$107,MATCH($A82,Partidos!$A$4:$A$107,0))),1,0)
A83: 27 | B83: =IFERROR(INDEX(Partidos!$D$4:$D$107,MATCH($A83,Partidos!$A$4:$A$107,0)),"") | C83: =IFERROR(INDEX(Partidos!$E$4:$E$107,MATCH($A83,Partidos!$A$4:$A$107,0)),"") | D83: Papá | E83: =IFERROR(INDEX(Papá!F$4:F$107,MATCH($A83,Papá!$A$4:$A$107,0)),"") | F83: =IFERROR(INDEX(Papá!G$4:G$107,MATCH($A83,Papá!$A$4:$A$107,0)),"") | G83: =IFERROR(IF(INDEX(Partidos!$H$4:$H$107,MATCH($A83,Partidos!$A$4:$A$107,0))<>"Finalizado","",IF(OR(NOT(ISNUMBER($E83)),NOT(ISNUMBER($F83))),"",IF(INDEX(Partidos!$J$4:$J$107,MATCH($A83,Partidos!$A$4:$A$107,0))="Grupos",IF(AND($E83=INDEX(Partidos!$F$4:$F$107,MATCH($A83,Partidos!$A$4:$A$107,0)),$F83=INDEX(Partidos!$G$4:$G$107,MATCH($A83,Partidos!$A$4:$A$107,0))),Puntuacion!$B$4,IF(($E83-$F83)=(INDEX(Partidos!$F$4:$F$107,MATCH($A83,Partidos!$A$4:$A$107,0))-INDEX(Partidos!$G$4:$G$107,MATCH($A83,Partidos!$A$4:$A$107,0))),Puntuacion!$B$5,IF(OR(AND($E83>$F83,INDEX(Partidos!$F$4:$F$107,MATCH($A83,Partidos!$A$4:$A$107,0))>INDEX(Partidos!$G$4:$G$107,MATCH($A83,Partidos!$A$4:$A$107,0))),AND($E83=$F83,INDEX(Partidos!$F$4:$F$107,MATCH($A83,Partidos!$A$4:$A$107,0))=INDEX(Partidos!$G$4:$G$107,MATCH($A83,Partidos!$A$4:$A$107,0))),AND($E83<$F83,INDEX(Partidos!$F$4:$F$107,MATCH($A83,Partidos!$A$4:$A$107,0))<INDEX(Partidos!$G$4:$G$107,MATCH($A83,Partidos!$A$4:$A$107,0)))),Puntuacion!$B$6,0))),IF(AND($E83=INDEX(Partidos!$F$4:$F$107,MATCH($A83,Partidos!$A$4:$A$107,0)),$F83=INDEX(Partidos!$G$4:$G$107,MATCH($A83,Partidos!$A$4:$A$107,0))),Puntuacion!$B$9,IF(($E83-$F83)=(INDEX(Partidos!$F$4:$F$107,MATCH($A83,Partidos!$A$4:$A$107,0))-INDEX(Partidos!$G$4:$G$107,MATCH($A83,Partidos!$A$4:$A$107,0))),Puntuacion!$B$10,IF(AND($H83<>"",$H83=INDEX(Partidos!$K$4:$K$107,MATCH($A83,Partidos!$A$4:$A$107,0))),Puntuacion!$B$11,0)))))),"") | H83: =IFERROR(INDEX(Papá!H$4:H$107,MATCH($A83,Papá!$A$4:$A$107,0)),"") | I83: =IFERROR(INDEX(Partidos!$J$4:$J$107,MATCH($A83,Partidos!$A$4:$A$107,0)),"") | J83: =IF(AND(INDEX(Partidos!$J$4:$J$107,MATCH($A83,Partidos!$A$4:$A$107,0))<>"Grupos",INDEX(Partidos!$H$4:$H$107,MATCH($A83,Partidos!$A$4:$A$107,0))="Finalizado",$H83<>"",$H83=INDEX(Partidos!$K$4:$K$107,MATCH($A83,Partidos!$A$4:$A$107,0))),1,0)
A84: 27 | B84: =IFERROR(INDEX(Partidos!$D$4:$D$107,MATCH($A84,Partidos!$A$4:$A$107,0)),"") | C84: =IFERROR(INDEX(Partidos!$E$4:$E$107,MATCH($A84,Partidos!$A$4:$A$107,0)),"") | D84: Diego | E84: =IFERROR(INDEX(Diego!F$4:F$107,MATCH($A84,Diego!$A$4:$A$107,0)),"") | F84: =IFERROR(INDEX(Diego!G$4:G$107,MATCH($A84,Diego!$A$4:$A$107,0)),"") | G84: =IFERROR(IF(INDEX(Partidos!$H$4:$H$107,MATCH($A84,Partidos!$A$4:$A$107,0))<>"Finalizado","",IF(OR(NOT(ISNUMBER($E84)),NOT(ISNUMBER($F84))),"",IF(INDEX(Partidos!$J$4:$J$107,MATCH($A84,Partidos!$A$4:$A$107,0))="Grupos",IF(AND($E84=INDEX(Partidos!$F$4:$F$107,MATCH($A84,Partidos!$A$4:$A$107,0)),$F84=INDEX(Partidos!$G$4:$G$107,MATCH($A84,Partidos!$A$4:$A$107,0))),Puntuacion!$B$4,IF(($E84-$F84)=(INDEX(Partidos!$F$4:$F$107,MATCH($A84,Partidos!$A$4:$A$107,0))-INDEX(Partidos!$G$4:$G$107,MATCH($A84,Partidos!$A$4:$A$107,0))),Puntuacion!$B$5,IF(OR(AND($E84>$F84,INDEX(Partidos!$F$4:$F$107,MATCH($A84,Partidos!$A$4:$A$107,0))>INDEX(Partidos!$G$4:$G$107,MATCH($A84,Partidos!$A$4:$A$107,0))),AND($E84=$F84,INDEX(Partidos!$F$4:$F$107,MATCH($A84,Partidos!$A$4:$A$107,0))=INDEX(Partidos!$G$4:$G$107,MATCH($A84,Partidos!$A$4:$A$107,0))),AND($E84<$F84,INDEX(Partidos!$F$4:$F$107,MATCH($A84,Partidos!$A$4:$A$107,0))<INDEX(Partidos!$G$4:$G$107,MATCH($A84,Partidos!$A$4:$A$107,0)))),Puntuacion!$B$6,0))),IF(AND($E84=INDEX(Partidos!$F$4:$F$107,MATCH($A84,Partidos!$A$4:$A$107,0)),$F84=INDEX(Partidos!$G$4:$G$107,MATCH($A84,Partidos!$A$4:$A$107,0))),Puntuacion!$B$9,IF(($E84-$F84)=(INDEX(Partidos!$F$4:$F$107,MATCH($A84,Partidos!$A$4:$A$107,0))-INDEX(Partidos!$G$4:$G$107,MATCH($A84,Partidos!$A$4:$A$107,0))),Puntuacion!$B$10,IF(AND($H84<>"",$H84=INDEX(Partidos!$K$4:$K$107,MATCH($A84,Partidos!$A$4:$A$107,0))),Puntuacion!$B$11,0)))))),"") | H84: =IFERROR(INDEX(Diego!H$4:H$107,MATCH($A84,Diego!$A$4:$A$107,0)),"") | I84: =IFERROR(INDEX(Partidos!$J$4:$J$107,MATCH($A84,Partidos!$A$4:$A$107,0)),"") | J84: =IF(AND(INDEX(Partidos!$J$4:$J$107,MATCH($A84,Partidos!$A$4:$A$107,0))<>"Grupos",INDEX(Partidos!$H$4:$H$107,MATCH($A84,Partidos!$A$4:$A$107,0))="Finalizado",$H84<>"",$H84=INDEX(Partidos!$K$4:$K$107,MATCH($A84,Partidos!$A$4:$A$107,0))),1,0)
A85: 28 | B85: =IFERROR(INDEX(Partidos!$D$4:$D$107,MATCH($A85,Partidos!$A$4:$A$107,0)),"") | C85: =IFERROR(INDEX(Partidos!$E$4:$E$107,MATCH($A85,Partidos!$A$4:$A$107,0)),"") | D85: Álvaro | E85: =IFERROR(INDEX(Álvaro!F$4:F$107,MATCH($A85,Álvaro!$A$4:$A$107,0)),"") | F85: =IFERROR(INDEX(Álvaro!G$4:G$107,MATCH($A85,Álvaro!$A$4:$A$107,0)),"") | G85: =IFERROR(IF(INDEX(Partidos!$H$4:$H$107,MATCH($A85,Partidos!$A$4:$A$107,0))<>"Finalizado","",IF(OR(NOT(ISNUMBER($E85)),NOT(ISNUMBER($F85))),"",IF(INDEX(Partidos!$J$4:$J$107,MATCH($A85,Partidos!$A$4:$A$107,0))="Grupos",IF(AND($E85=INDEX(Partidos!$F$4:$F$107,MATCH($A85,Partidos!$A$4:$A$107,0)),$F85=INDEX(Partidos!$G$4:$G$107,MATCH($A85,Partidos!$A$4:$A$107,0))),Puntuacion!$B$4,IF(($E85-$F85)=(INDEX(Partidos!$F$4:$F$107,MATCH($A85,Partidos!$A$4:$A$107,0))-INDEX(Partidos!$G$4:$G$107,MATCH($A85,Partidos!$A$4:$A$107,0))),Puntuacion!$B$5,IF(OR(AND($E85>$F85,INDEX(Partidos!$F$4:$F$107,MATCH($A85,Partidos!$A$4:$A$107,0))>INDEX(Partidos!$G$4:$G$107,MATCH($A85,Partidos!$A$4:$A$107,0))),AND($E85=$F85,INDEX(Partidos!$F$4:$F$107,MATCH($A85,Partidos!$A$4:$A$107,0))=INDEX(Partidos!$G$4:$G$107,MATCH($A85,Partidos!$A$4:$A$107,0))),AND($E85<$F85,INDEX(Partidos!$F$4:$F$107,MATCH($A85,Partidos!$A$4:$A$107,0))<INDEX(Partidos!$G$4:$G$107,MATCH($A85,Partidos!$A$4:$A$107,0)))),Puntuacion!$B$6,0))),IF(AND($E85=INDEX(Partidos!$F$4:$F$107,MATCH($A85,Partidos!$A$4:$A$107,0)),$F85=INDEX(Partidos!$G$4:$G$107,MATCH($A85,Partidos!$A$4:$A$107,0))),Puntuacion!$B$9,IF(($E85-$F85)=(INDEX(Partidos!$F$4:$F$107,MATCH($A85,Partidos!$A$4:$A$107,0))-INDEX(Partidos!$G$4:$G$107,MATCH($A85,Partidos!$A$4:$A$107,0))),Puntuacion!$B$10,IF(AND($H85<>"",$H85=INDEX(Partidos!$K$4:$K$107,MATCH($A85,Partidos!$A$4:$A$107,0))),Puntuacion!$B$11,0)))))),"") | H85: =IFERROR(INDEX(Álvaro!H$4:H$107,MATCH($A85,Álvaro!$A$4:$A$107,0)),"") | I85: =IFERROR(INDEX(Partidos!$J$4:$J$107,MATCH($A85,Partidos!$A$4:$A$107,0)),"") | J85: =IF(AND(INDEX(Partidos!$J$4:$J$107,MATCH($A85,Partidos!$A$4:$A$107,0))<>"Grupos",INDEX(Partidos!$H$4:$H$107,MATCH($A85,Partidos!$A$4:$A$107,0))="Finalizado",$H85<>"",$H85=INDEX(Partidos!$K$4:$K$107,MATCH($A85,Partidos!$A$4:$A$107,0))),1,0)
A86: 28 | B86: =IFERROR(INDEX(Partidos!$D$4:$D$107,MATCH($A86,Partidos!$A$4:$A$107,0)),"") | C86: =IFERROR(INDEX(Partidos!$E$4:$E$107,MATCH($A86,Partidos!$A$4:$A$107,0)),"") | D86: Papá | E86: =IFERROR(INDEX(Papá!F$4:F$107,MATCH($A86,Papá!$A$4:$A$107,0)),"") | F86: =IFERROR(INDEX(Papá!G$4:G$107,MATCH($A86,Papá!$A$4:$A$107,0)),"") | G86: =IFERROR(IF(INDEX(Partidos!$H$4:$H$107,MATCH($A86,Partidos!$A$4:$A$107,0))<>"Finalizado","",IF(OR(NOT(ISNUMBER($E86)),NOT(ISNUMBER($F86))),"",IF(INDEX(Partidos!$J$4:$J$107,MATCH($A86,Partidos!$A$4:$A$107,0))="Grupos",IF(AND($E86=INDEX(Partidos!$F$4:$F$107,MATCH($A86,Partidos!$A$4:$A$107,0)),$F86=INDEX(Partidos!$G$4:$G$107,MATCH($A86,Partidos!$A$4:$A$107,0))),Puntuacion!$B$4,IF(($E86-$F86)=(INDEX(Partidos!$F$4:$F$107,MATCH($A86,Partidos!$A$4:$A$107,0))-INDEX(Partidos!$G$4:$G$107,MATCH($A86,Partidos!$A$4:$A$107,0))),Puntuacion!$B$5,IF(OR(AND($E86>$F86,INDEX(Partidos!$F$4:$F$107,MATCH($A86,Partidos!$A$4:$A$107,0))>INDEX(Partidos!$G$4:$G$107,MATCH($A86,Partidos!$A$4:$A$107,0))),AND($E86=$F86,INDEX(Partidos!$F$4:$F$107,MATCH($A86,Partidos!$A$4:$A$107,0))=INDEX(Partidos!$G$4:$G$107,MATCH($A86,Partidos!$A$4:$A$107,0))),AND($E86<$F86,INDEX(Partidos!$F$4:$F$107,MATCH($A86,Partidos!$A$4:$A$107,0))<INDEX(Partidos!$G$4:$G$107,MATCH($A86,Partidos!$A$4:$A$107,0)))),Puntuacion!$B$6,0))),IF(AND($E86=INDEX(Partidos!$F$4:$F$107,MATCH($A86,Partidos!$A$4:$A$107,0)),$F86=INDEX(Partidos!$G$4:$G$107,MATCH($A86,Partidos!$A$4:$A$107,0))),Puntuacion!$B$9,IF(($E86-$F86)=(INDEX(Partidos!$F$4:$F$107,MATCH($A86,Partidos!$A$4:$A$107,0))-INDEX(Partidos!$G$4:$G$107,MATCH($A86,Partidos!$A$4:$A$107,0))),Puntuacion!$B$10,IF(AND($H86<>"",$H86=INDEX(Partidos!$K$4:$K$107,MATCH($A86,Partidos!$A$4:$A$107,0))),Puntuacion!$B$11,0)))))),"") | H86: =IFERROR(INDEX(Papá!H$4:H$107,MATCH($A86,Papá!$A$4:$A$107,0)),"") | I86: =IFERROR(INDEX(Partidos!$J$4:$J$107,MATCH($A86,Partidos!$A$4:$A$107,0)),"") | J86: =IF(AND(INDEX(Partidos!$J$4:$J$107,MATCH($A86,Partidos!$A$4:$A$107,0))<>"Grupos",INDEX(Partidos!$H$4:$H$107,MATCH($A86,Partidos!$A$4:$A$107,0))="Finalizado",$H86<>"",$H86=INDEX(Partidos!$K$4:$K$107,MATCH($A86,Partidos!$A$4:$A$107,0))),1,0)
A87: 28 | B87: =IFERROR(INDEX(Partidos!$D$4:$D$107,MATCH($A87,Partidos!$A$4:$A$107,0)),"") | C87: =IFERROR(INDEX(Partidos!$E$4:$E$107,MATCH($A87,Partidos!$A$4:$A$107,0)),"") | D87: Diego | E87: =IFERROR(INDEX(Diego!F$4:F$107,MATCH($A87,Diego!$A$4:$A$107,0)),"") | F87: =IFERROR(INDEX(Diego!G$4:G$107,MATCH($A87,Diego!$A$4:$A$107,0)),"") | G87: =IFERROR(IF(INDEX(Partidos!$H$4:$H$107,MATCH($A87,Partidos!$A$4:$A$107,0))<>"Finalizado","",IF(OR(NOT(ISNUMBER($E87)),NOT(ISNUMBER($F87))),"",IF(INDEX(Partidos!$J$4:$J$107,MATCH($A87,Partidos!$A$4:$A$107,0))="Grupos",IF(AND($E87=INDEX(Partidos!$F$4:$F$107,MATCH($A87,Partidos!$A$4:$A$107,0)),$F87=INDEX(Partidos!$G$4:$G$107,MATCH($A87,Partidos!$A$4:$A$107,0))),Puntuacion!$B$4,IF(($E87-$F87)=(INDEX(Partidos!$F$4:$F$107,MATCH($A87,Partidos!$A$4:$A$107,0))-INDEX(Partidos!$G$4:$G$107,MATCH($A87,Partidos!$A$4:$A$107,0))),Puntuacion!$B$5,IF(OR(AND($E87>$F87,INDEX(Partidos!$F$4:$F$107,MATCH($A87,Partidos!$A$4:$A$107,0))>INDEX(Partidos!$G$4:$G$107,MATCH($A87,Partidos!$A$4:$A$107,0))),AND($E87=$F87,INDEX(Partidos!$F$4:$F$107,MATCH($A87,Partidos!$A$4:$A$107,0))=INDEX(Partidos!$G$4:$G$107,MATCH($A87,Partidos!$A$4:$A$107,0))),AND($E87<$F87,INDEX(Partidos!$F$4:$F$107,MATCH($A87,Partidos!$A$4:$A$107,0))<INDEX(Partidos!$G$4:$G$107,MATCH($A87,Partidos!$A$4:$A$107,0)))),Puntuacion!$B$6,0))),IF(AND($E87=INDEX(Partidos!$F$4:$F$107,MATCH($A87,Partidos!$A$4:$A$107,0)),$F87=INDEX(Partidos!$G$4:$G$107,MATCH($A87,Partidos!$A$4:$A$107,0))),Puntuacion!$B$9,IF(($E87-$F87)=(INDEX(Partidos!$F$4:$F$107,MATCH($A87,Partidos!$A$4:$A$107,0))-INDEX(Partidos!$G$4:$G$107,MATCH($A87,Partidos!$A$4:$A$107,0))),Puntuacion!$B$10,IF(AND($H87<>"",$H87=INDEX(Partidos!$K$4:$K$107,MATCH($A87,Partidos!$A$4:$A$107,0))),Puntuacion!$B$11,0)))))),"") | H87: =IFERROR(INDEX(Diego!H$4:H$107,MATCH($A87,Diego!$A$4:$A$107,0)),"") | I87: =IFERROR(INDEX(Partidos!$J$4:$J$107,MATCH($A87,Partidos!$A$4:$A$107,0)),"") | J87: =IF(AND(INDEX(Partidos!$J$4:$J$107,MATCH($A87,Partidos!$A$4:$A$107,0))<>"Grupos",INDEX(Partidos!$H$4:$H$107,MATCH($A87,Partidos!$A$4:$A$107,0))="Finalizado",$H87<>"",$H87=INDEX(Partidos!$K$4:$K$107,MATCH($A87,Partidos!$A$4:$A$107,0))),1,0)
A88: 29 | B88: =IFERROR(INDEX(Partidos!$D$4:$D$107,MATCH($A88,Partidos!$A$4:$A$107,0)),"") | C88: =IFERROR(INDEX(Partidos!$E$4:$E$107,MATCH($A88,Partidos!$A$4:$A$107,0)),"") | D88: Álvaro | E88: =IFERROR(INDEX(Álvaro!F$4:F$107,MATCH($A88,Álvaro!$A$4:$A$107,0)),"") | F88: =IFERROR(INDEX(Álvaro!G$4:G$107,MATCH($A88,Álvaro!$A$4:$A$107,0)),"") | G88: =IFERROR(IF(INDEX(Partidos!$H$4:$H$107,MATCH($A88,Partidos!$A$4:$A$107,0))<>"Finalizado","",IF(OR(NOT(ISNUMBER($E88)),NOT(ISNUMBER($F88))),"",IF(INDEX(Partidos!$J$4:$J$107,MATCH($A88,Partidos!$A$4:$A$107,0))="Grupos",IF(AND($E88=INDEX(Partidos!$F$4:$F$107,MATCH($A88,Partidos!$A$4:$A$107,0)),$F88=INDEX(Partidos!$G$4:$G$107,MATCH($A88,Partidos!$A$4:$A$107,0))),Puntuacion!$B$4,IF(($E88-$F88)=(INDEX(Partidos!$F$4:$F$107,MATCH($A88,Partidos!$A$4:$A$107,0))-INDEX(Partidos!$G$4:$G$107,MATCH($A88,Partidos!$A$4:$A$107,0))),Puntuacion!$B$5,IF(OR(AND($E88>$F88,INDEX(Partidos!$F$4:$F$107,MATCH($A88,Partidos!$A$4:$A$107,0))>INDEX(Partidos!$G$4:$G$107,MATCH($A88,Partidos!$A$4:$A$107,0))),AND($E88=$F88,INDEX(Partidos!$F$4:$F$107,MATCH($A88,Partidos!$A$4:$A$107,0))=INDEX(Partidos!$G$4:$G$107,MATCH($A88,Partidos!$A$4:$A$107,0))),AND($E88<$F88,INDEX(Partidos!$F$4:$F$107,MATCH($A88,Partidos!$A$4:$A$107,0))<INDEX(Partidos!$G$4:$G$107,MATCH($A88,Partidos!$A$4:$A$107,0)))),Puntuacion!$B$6,0))),IF(AND($E88=INDEX(Partidos!$F$4:$F$107,MATCH($A88,Partidos!$A$4:$A$107,0)),$F88=INDEX(Partidos!$G$4:$G$107,MATCH($A88,Partidos!$A$4:$A$107,0))),Puntuacion!$B$9,IF(($E88-$F88)=(INDEX(Partidos!$F$4:$F$107,MATCH($A88,Partidos!$A$4:$A$107,0))-INDEX(Partidos!$G$4:$G$107,MATCH($A88,Partidos!$A$4:$A$107,0))),Puntuacion!$B$10,IF(AND($H88<>"",$H88=INDEX(Partidos!$K$4:$K$107,MATCH($A88,Partidos!$A$4:$A$107,0))),Puntuacion!$B$11,0)))))),"") | H88: =IFERROR(INDEX(Álvaro!H$4:H$107,MATCH($A88,Álvaro!$A$4:$A$107,0)),"") | I88: =IFERROR(INDEX(Partidos!$J$4:$J$107,MATCH($A88,Partidos!$A$4:$A$107,0)),"") | J88: =IF(AND(INDEX(Partidos!$J$4:$J$107,MATCH($A88,Partidos!$A$4:$A$107,0))<>"Grupos",INDEX(Partidos!$H$4:$H$107,MATCH($A88,Partidos!$A$4:$A$107,0))="Finalizado",$H88<>"",$H88=INDEX(Partidos!$K$4:$K$107,MATCH($A88,Partidos!$A$4:$A$107,0))),1,0)
