Workbook

Sheet Portada
A29: PORRA MUNDIAL 2026
A32: FIFA WORLD CUP 26 · USA · CANADÁ · MÉXICO
A35: Porra privada entre amigos · Pronósticos, clasificación automática y apuestas especiales
A38: Jugadores: Álvaro · Pepe · Patri · Kike · Quintero · Nacho · Luis · Felipe · Simón · Muni · Fer

Sheet Instrucciones
A1: INSTRUCCIONES
A2: Guía paso a paso para usar la porra sin tocar fórmulas.
A3: 1 | B3: Empieza por tu pestaña
B4: Busca la pestaña con tu nombre. Ahí rellenas todo lo tuyo: goles de cada partido, clasificado en eliminatorias y apuestas especiales. Solo escribe en celdas amarillas. Las celdas azules son fórmulas y las grises son referencias de otras pestañas.
A6: 2 | B6: Pronósticos de partidos
B7: En fase de grupos rellena Mis goles local y Mis goles visit.; la columna Clasificado aparece con '-' y no se usa. En octavos, cuartos, semifinales y final, además de los goles a 90 minutos, elige Clasificado: Local o Visitante.
A9: 3 | B9: Apuestas especiales
B10: En la parte inferior de tu pestaña escribe tus apuestas especiales antes de que empiece el torneo. El resultado oficial de esas apuestas se rellena después en Resumen, dentro del bloque Apuestas especiales.
A12: 4 | B12: Resultados reales
B13: La persona que administre la porra usa Partidos. En grupos rellena Resultado local y Resultado visitante. En eliminatorias rellena también Clasificado, que es quien pasa la ronda aunque sea en prórroga o penaltis.
A15: 5 | B15: Qué mirar durante el torneo
B16: Resumen es el dashboard principal: líder, clasificación completa, últimos partidos, análisis por jugador y apuestas especiales. Pronosticos consolida lo que ha puesto cada jugador y es de solo lectura.
A18: 6 | B18: Configuración y hojas técnicas
B19: Puntuacion permite cambiar los puntos de cada regla. Helpers >> separa las hojas de trabajo. _Helpers contiene cálculos internos y no requiere input.
A22: Pestañas con input: tu nombre, Partidos, Resumen (solo resultados oficiales de apuestas especiales) y Puntuacion.
A23: Pestañas sin input: Pronosticos, Helpers >> y _Helpers. Regla visual: amarillo = input; azul = fórmula; gris = referencia.
A24: Requisitos: Microsoft Excel 2010 o superior (Windows/Mac). No usa macros.

Sheet Resumen
A1: RESUMEN — DASHBOARD
A2: Todo se calcula solo. Lo único editable aquí es, en amarillo, el resultado oficial de las apuestas especiales.
A4: Indicadores del torneo
A5: LÍDER | C5: PUNTOS DEL LÍDER | E5: PARTIDOS JUGADOS | G5: PARTIDOS PENDIENTES | I5: PROGRESO TORNEO | K5: MEDIA PTS/PARTIDO LÍDER | M5: JUGADORES
A6: =_Helpers!$A$15 | C6: =_Helpers!$B$15 | E6: =COUNTIF(Partidos!$H$4:$H$107,"Finalizado") | G6: =104-COUNTIF(Partidos!$H$4:$H$107,"Finalizado") | I6: =IF(COUNTIF(Partidos!$H$4:$H$107,"Finalizado")=0,0,COUNTIF(Partidos!$H$4:$H$107,"Finalizado")/104) | K6: =IF(COUNTIF(Partidos!$H$4:$H$107,"Finalizado")=0,"",ROUND(_Helpers!$B$15/COUNTIF(Partidos!$H$4:$H$107,"Finalizado"),2)) | M6: 11
A8: Clasificación general | K8: Últimos partidos jugados
A9: Pos. | B9: Jugador | C9: Puntos | D9: Exactos | E9: Parciales | F9: Fallos | G9: % aciertos | H9: Medalla | I9: vs Líder | K9: Fecha | L9: Local | M9: Visitante | N9: Resultado
A10: 1 | B10: =_Helpers!$A$15 | C10: =_Helpers!$B$15 | D10: =_Helpers!$C$15 | E10: =_Helpers!$D$15 | F10: =_Helpers!$E$15 | G10: =_Helpers!$F$15 | H10: =IF(A10=1,"ORO",IF(A10=2,"PLATA",IF(A10=3,"BRONCE",""))) | I10: =IF(A10=1,0,$C$10-C10) | K10: =_Helpers!$X$101 | L10: =_Helpers!$U$101 | M10: =_Helpers!$V$101 | N10: =_Helpers!$W$101
A11: 2 | B11: =_Helpers!$A$16 | C11: =_Helpers!$B$16 | D11: =_Helpers!$C$16 | E11: =_Helpers!$D$16 | F11: =_Helpers!$E$16 | G11: =_Helpers!$F$16 | H11: =IF(A11=1,"ORO",IF(A11=2,"PLATA",IF(A11=3,"BRONCE",""))) | I11: =IF(A11=1,0,$C$10-C11) | K11: =_Helpers!$X$102 | L11: =_Helpers!$U$102 | M11: =_Helpers!$V$102 | N11: =_Helpers!$W$102
A12: 3 | B12: =_Helpers!$A$17 | C12: =_Helpers!$B$17 | D12: =_Helpers!$C$17 | E12: =_Helpers!$D$17 | F12: =_Helpers!$E$17 | G12: =_Helpers!$F$17 | H12: =IF(A12=1,"ORO",IF(A12=2,"PLATA",IF(A12=3,"BRONCE",""))) | I12: =IF(A12=1,0,$C$10-C12) | K12: =_Helpers!$X$103 | L12: =_Helpers!$U$103 | M12: =_Helpers!$V$103 | N12: =_Helpers!$W$103
A13: 4 | B13: =_Helpers!$A$18 | C13: =_Helpers!$B$18 | D13: =_Helpers!$C$18 | E13: =_Helpers!$D$18 | F13: =_Helpers!$E$18 | G13: =_Helpers!$F$18 | H13: =IF(A13=1,"ORO",IF(A13=2,"PLATA",IF(A13=3,"BRONCE",""))) | I13: =IF(A13=1,0,$C$10-C13) | K13: =_Helpers!$X$104 | L13: =_Helpers!$U$104 | M13: =_Helpers!$V$104 | N13: =_Helpers!$W$104
A14: 5 | B14: =_Helpers!$A$19 | C14: =_Helpers!$B$19 | D14: =_Helpers!$C$19 | E14: =_Helpers!$D$19 | F14: =_Helpers!$E$19 | G14: =_Helpers!$F$19 | H14: =IF(A14=1,"ORO",IF(A14=2,"PLATA",IF(A14=3,"BRONCE",""))) | I14: =IF(A14=1,0,$C$10-C14) | K14: =_Helpers!$X$105 | L14: =_Helpers!$U$105 | M14: =_Helpers!$V$105 | N14: =_Helpers!$W$105
A15: 6 | B15: =_Helpers!$A$20 | C15: =_Helpers!$B$20 | D15: =_Helpers!$C$20 | E15: =_Helpers!$D$20 | F15: =_Helpers!$E$20 | G15: =_Helpers!$F$20 | H15: =IF(A15=1,"ORO",IF(A15=2,"PLATA",IF(A15=3,"BRONCE",""))) | I15: =IF(A15=1,0,$C$10-C15)
A16: 7 | B16: =_Helpers!$A$21 | C16: =_Helpers!$B$21 | D16: =_Helpers!$C$21 | E16: =_Helpers!$D$21 | F16: =_Helpers!$E$21 | G16: =_Helpers!$F$21 | H16: =IF(A16=1,"ORO",IF(A16=2,"PLATA",IF(A16=3,"BRONCE",""))) | I16: =IF(A16=1,0,$C$10-C16)
A17: 8 | B17: =_Helpers!$A$22 | C17: =_Helpers!$B$22 | D17: =_Helpers!$C$22 | E17: =_Helpers!$D$22 | F17: =_Helpers!$E$22 | G17: =_Helpers!$F$22 | H17: =IF(A17=1,"ORO",IF(A17=2,"PLATA",IF(A17=3,"BRONCE",""))) | I17: =IF(A17=1,0,$C$10-C17)
A18: 9 | B18: =_Helpers!$A$23 | C18: =_Helpers!$B$23 | D18: =_Helpers!$C$23 | E18: =_Helpers!$D$23 | F18: =_Helpers!$E$23 | G18: =_Helpers!$F$23 | H18: =IF(A18=1,"ORO",IF(A18=2,"PLATA",IF(A18=3,"BRONCE",""))) | I18: =IF(A18=1,0,$C$10-C18)
A19: 10 | B19: =_Helpers!$A$24 | C19: =_Helpers!$B$24 | D19: =_Helpers!$C$24 | E19: =_Helpers!$D$24 | F19: =_Helpers!$E$24 | G19: =_Helpers!$F$24 | H19: =IF(A19=1,"ORO",IF(A19=2,"PLATA",IF(A19=3,"BRONCE",""))) | I19: =IF(A19=1,0,$C$10-C19)
A20: 11 | B20: =_Helpers!$A$25 | C20: =_Helpers!$B$25 | D20: =_Helpers!$C$25 | E20: =_Helpers!$D$25 | F20: =_Helpers!$E$25 | G20: =_Helpers!$F$25 | H20: =IF(A20=1,"ORO",IF(A20=2,"PLATA",IF(A20=3,"BRONCE",""))) | I20: =IF(A20=1,0,$C$10-C20)
A22: Análisis por jugador
A23: Elige un jugador: | C23: Álvaro | D23: (escribe el nombre exacto de una pestaña)
A24: Métrica | B24: Valor
A25: Posición actual | B25: =IFERROR(MATCH($C$23,_Helpers!$A$15:$A$25,0),"")
A26: Puntos totales | B26: =IFERROR(INDEX(_Helpers!$E$2:$E$12,MATCH($C$23,_Helpers!$A$2:$A$12,0)),0)
A27: Puntos por partidos | B27: =IFERROR(INDEX(_Helpers!$B$2:$B$12,MATCH($C$23,_Helpers!$A$2:$A$12,0)),0)
A28: Bonus de rondas | B28: =IFERROR(INDEX(_Helpers!$C$2:$C$12,MATCH($C$23,_Helpers!$A$2:$A$12,0)),0)
A29: Puntos apuestas especiales | B29: =IFERROR(INDEX(_Helpers!$D$2:$D$12,MATCH($C$23,_Helpers!$A$2:$A$12,0)),0)
A30: Distancia al líder | B30: =IFERROR(_Helpers!$B$15-INDEX(_Helpers!$E$2:$E$12,MATCH($C$23,_Helpers!$A$2:$A$12,0)),0)
A32: Apuestas especiales · resultado oficial | F32: Puntos por apuestas especiales
A33: Categoría | B33: Resultado oficial | C33: Aciertos | D33: Estado | F33: Jugador | G33: Puntos | H33: Aciertos | I33: Peso
A34: Campeón del Mundial | C34: =IF($B34="",0,IF(Álvaro!$B$111=$B34,1,0)+IF(Pepe!$B$111=$B34,1,0)+IF(Patri!$B$111=$B34,1,0)+IF(Kike!$B$111=$B34,1,0)+IF(Quintero!$B$111=$B34,1,0)+IF(Nacho!$B$111=$B34,1,0)+IF(Luis!$B$111=$B34,1,0)+IF(Felipe!$B$111=$B34,1,0)+IF(Simón!$B$111=$B34,1,0)+IF(Muni!$B$111=$B34,1,0)+IF(Fer!$B$111=$B34,1,0)) | D34: =IF($B34="","Pendiente","Cargado") | F34: =_Helpers!$A$2 | G34: =_Helpers!$D$2 | H34: =IF(Puntuacion!$B$22=0,0,G34/Puntuacion!$B$22) | I34: =Puntuacion!$B$22
A35: Subcampeón | C35: =IF($B35="",0,IF(Álvaro!$B$112=$B35,1,0)+IF(Pepe!$B$112=$B35,1,0)+IF(Patri!$B$112=$B35,1,0)+IF(Kike!$B$112=$B35,1,0)+IF(Quintero!$B$112=$B35,1,0)+IF(Nacho!$B$112=$B35,1,0)+IF(Luis!$B$112=$B35,1,0)+IF(Felipe!$B$112=$B35,1,0)+IF(Simón!$B$112=$B35,1,0)+IF(Muni!$B$112=$B35,1,0)+IF(Fer!$B$112=$B35,1,0)) | D35: =IF($B35="","Pendiente","Cargado") | F35: =_Helpers!$A$3 | G35: =_Helpers!$D$3 | H35: =IF(Puntuacion!$B$22=0,0,G35/Puntuacion!$B$22) | I35: =Puntuacion!$B$22
A36: Tercer equipo | C36: =IF($B36="",0,IF(Álvaro!$B$113=$B36,1,0)+IF(Pepe!$B$113=$B36,1,0)+IF(Patri!$B$113=$B36,1,0)+IF(Kike!$B$113=$B36,1,0)+IF(Quintero!$B$113=$B36,1,0)+IF(Nacho!$B$113=$B36,1,0)+IF(Luis!$B$113=$B36,1,0)+IF(Felipe!$B$113=$B36,1,0)+IF(Simón!$B$113=$B36,1,0)+IF(Muni!$B$113=$B36,1,0)+IF(Fer!$B$113=$B36,1,0)) | D36: =IF($B36="","Pendiente","Cargado") | F36: =_Helpers!$A$4 | G36: =_Helpers!$D$4 | H36: =IF(Puntuacion!$B$22=0,0,G36/Puntuacion!$B$22) | I36: =Puntuacion!$B$22
A37: Balón de oro de la FIFA | C37: =IF($B37="",0,IF(Álvaro!$B$114=$B37,1,0)+IF(Pepe!$B$114=$B37,1,0)+IF(Patri!$B$114=$B37,1,0)+IF(Kike!$B$114=$B37,1,0)+IF(Quintero!$B$114=$B37,1,0)+IF(Nacho!$B$114=$B37,1,0)+IF(Luis!$B$114=$B37,1,0)+IF(Felipe!$B$114=$B37,1,0)+IF(Simón!$B$114=$B37,1,0)+IF(Muni!$B$114=$B37,1,0)+IF(Fer!$B$114=$B37,1,0)) | D37: =IF($B37="","Pendiente","Cargado") | F37: =_Helpers!$A$5 | G37: =_Helpers!$D$5 | H37: =IF(Puntuacion!$B$22=0,0,G37/Puntuacion!$B$22) | I37: =Puntuacion!$B$22
A38: Premio de la FIFA al mejor jugador joven | C38: =IF($B38="",0,IF(Álvaro!$B$115=$B38,1,0)+IF(Pepe!$B$115=$B38,1,0)+IF(Patri!$B$115=$B38,1,0)+IF(Kike!$B$115=$B38,1,0)+IF(Quintero!$B$115=$B38,1,0)+IF(Nacho!$B$115=$B38,1,0)+IF(Luis!$B$115=$B38,1,0)+IF(Felipe!$B$115=$B38,1,0)+IF(Simón!$B$115=$B38,1,0)+IF(Muni!$B$115=$B38,1,0)+IF(Fer!$B$115=$B38,1,0)) | D38: =IF($B38="","Pendiente","Cargado") | F38: =_Helpers!$A$6 | G38: =_Helpers!$D$6 | H38: =IF(Puntuacion!$B$22=0,0,G38/Puntuacion!$B$22) | I38: =Puntuacion!$B$22
A39: Guante de oro de la FIFA | C39: =IF($B39="",0,IF(Álvaro!$B$116=$B39,1,0)+IF(Pepe!$B$116=$B39,1,0)+IF(Patri!$B$116=$B39,1,0)+IF(Kike!$B$116=$B39,1,0)+IF(Quintero!$B$116=$B39,1,0)+IF(Nacho!$B$116=$B39,1,0)+IF(Luis!$B$116=$B39,1,0)+IF(Felipe!$B$116=$B39,1,0)+IF(Simón!$B$116=$B39,1,0)+IF(Muni!$B$116=$B39,1,0)+IF(Fer!$B$116=$B39,1,0)) | D39: =IF($B39="","Pendiente","Cargado") | F39: =_Helpers!$A$7 | G39: =_Helpers!$D$7 | H39: =IF(Puntuacion!$B$22=0,0,G39/Puntuacion!$B$22) | I39: =Puntuacion!$B$22
A40: Bota de oro de la FIFA | C40: =IF($B40="",0,IF(Álvaro!$B$117=$B40,1,0)+IF(Pepe!$B$117=$B40,1,0)+IF(Patri!$B$117=$B40,1,0)+IF(Kike!$B$117=$B40,1,0)+IF(Quintero!$B$117=$B40,1,0)+IF(Nacho!$B$117=$B40,1,0)+IF(Luis!$B$117=$B40,1,0)+IF(Felipe!$B$117=$B40,1,0)+IF(Simón!$B$117=$B40,1,0)+IF(Muni!$B$117=$B40,1,0)+IF(Fer!$B$117=$B40,1,0)) | D40: =IF($B40="","Pendiente","Cargado") | F40: =_Helpers!$A$8 | G40: =_Helpers!$D$8 | H40: =IF(Puntuacion!$B$22=0,0,G40/Puntuacion!$B$22) | I40: =Puntuacion!$B$22
A41: Máximo goleador España | C41: =IF($B41="",0,IF(Álvaro!$B$118=$B41,1,0)+IF(Pepe!$B$118=$B41,1,0)+IF(Patri!$B$118=$B41,1,0)+IF(Kike!$B$118=$B41,1,0)+IF(Quintero!$B$118=$B41,1,0)+IF(Nacho!$B$118=$B41,1,0)+IF(Luis!$B$118=$B41,1,0)+IF(Felipe!$B$118=$B41,1,0)+IF(Simón!$B$118=$B41,1,0)+IF(Muni!$B$118=$B41,1,0)+IF(Fer!$B$118=$B41,1,0)) | D41: =IF($B41="","Pendiente","Cargado") | F41: =_Helpers!$A$9 | G41: =_Helpers!$D$9 | H41: =IF(Puntuacion!$B$22=0,0,G41/Puntuacion!$B$22) | I41: =Puntuacion!$B$22
F42: =_Helpers!$A$10 | G42: =_Helpers!$D$10 | H42: =IF(Puntuacion!$B$22=0,0,G42/Puntuacion!$B$22) | I42: =Puntuacion!$B$22
F43: =_Helpers!$A$11 | G43: =_Helpers!$D$11 | H43: =IF(Puntuacion!$B$22=0,0,G43/Puntuacion!$B$22) | I43: =Puntuacion!$B$22
F44: =_Helpers!$A$12 | G44: =_Helpers!$D$12 | H44: =IF(Puntuacion!$B$22=0,0,G44/Puntuacion!$B$22) | I44: =Puntuacion!$B$22
A46: Visualizaciones

Sheet Partidos
A1: CALENDARIO DE PARTIDOS
A2: Rellena resultados reales en amarillo; Clasificado solo aplica en eliminatorias.
A3: Nº partido | B3: Fecha | C3: Hora | D3: Equipo local | E3: Equipo visitante | F3: Resultado local | G3: Resultado visitante | H3: Estado | I3: Jornada | J3: Fase | K3: Clasificado
A4: 1 | B4: 11/06/2026 | C4: 13:00 | D4: México | E4: Sudáfrica | F4: 2 | G4: 0 | H4: =IF(AND(ISNUMBER(F4),ISNUMBER(G4)),"Finalizado","Pendiente") | I4: 1 | J4: Grupos | K4: -
A5: 2 | B5: 11/06/2026 | C5: 20:00 | D5: República de Corea | E5: República Checa | F5: 2 | G5: 1 | H5: =IF(AND(ISNUMBER(F5),ISNUMBER(G5)),"Finalizado","Pendiente") | I5: 1 | J5: Grupos | K5: -
A6: 3 | B6: 12/06/2026 | C6: 15:00 | D6: Canadá | E6: Bosnia y Herzegovina | F6: 1 | G6: 1 | H6: =IF(AND(ISNUMBER(F6),ISNUMBER(G6)),"Finalizado","Pendiente") | I6: 2 | J6: Grupos | K6: -
A7: 4 | B7: 12/06/2026 | C7: 18:00 | D7: Estados Unidos | E7: Paraguay | F7: 4 | G7: 1 | H7: =IF(AND(ISNUMBER(F7),ISNUMBER(G7)),"Finalizado","Pendiente") | I7: 4 | J7: Grupos | K7: -
A8: 5 | B8: 13/06/2026 | C8: 12:00 | D8: Catar | E8: Suiza | F8: 1 | G8: 1 | H8: =IF(AND(ISNUMBER(F8),ISNUMBER(G8)),"Finalizado","Pendiente") | I8: 2 | J8: Grupos | K8: -
A9: 6 | B9: 13/06/2026 | C9: 18:00 | D9: Brasil | E9: Marruecos | F9: 1 | G9: 1 | H9: =IF(AND(ISNUMBER(F9),ISNUMBER(G9)),"Finalizado","Pendiente") | I9: 3 | J9: Grupos | K9: -
A10: 7 | B10: 13/06/2026 | C10: 21:00 | D10: Haití | E10: Escocia | F10: 0 | G10: 1 | H10: =IF(AND(ISNUMBER(F10),ISNUMBER(G10)),"Finalizado","Pendiente") | I10: 3 | J10: Grupos | K10: -
A11: 8 | B11: 13/06/2026 | C11: 21:00 | D11: Australia | E11: Turquía | F11: 2 | G11: 0 | H11: =IF(AND(ISNUMBER(F11),ISNUMBER(G11)),"Finalizado","Pendiente") | I11: 4 | J11: Grupos | K11: -
A12: 9 | B12: 14/06/2026 | C12: 12:00 | D12: Alemania | E12: Curazao | F12: 7 | G12: 1 | H12: =IF(AND(ISNUMBER(F12),ISNUMBER(G12)),"Finalizado","Pendiente") | I12: 5 | J12: Grupos | K12: -
A13: 10 | B13: 14/06/2026 | C13: 15:00 | D13: Países Bajos | E13: Japón | F13: 2 | G13: 2 | H13: =IF(AND(ISNUMBER(F13),ISNUMBER(G13)),"Finalizado","Pendiente") | I13: 6 | J13: Grupos | K13: -
A14: 11 | B14: 14/06/2026 | C14: 19:00 | D14: Costa de Marfil | E14: Ecuador | F14: 1 | G14: 0 | H14: =IF(AND(ISNUMBER(F14),ISNUMBER(G14)),"Finalizado","Pendiente") | I14: 5 | J14: Grupos | K14: -
A15: 12 | B15: 14/06/2026 | C15: 20:00 | D15: Suecia | E15: Túnez | F15: 5 | G15: 1 | H15: =IF(AND(ISNUMBER(F15),ISNUMBER(G15)),"Finalizado","Pendiente") | I15: 6 | J15: Grupos | K15: -
... A103: 100 | B103: 11/07/2026 | C103: 20:00 | D103: Argentina | E103: Suiza | F103: 1 | G103: 1 | H103: =IF(AND(ISNUMBER(F103),ISNUMBER(G103)),"Finalizado","Pendiente") | I103: 15 | J103: Cuartos | K103: Local
A104: 101 | B104: 14/07/2026 | C104: 14:00 | D104: Francia | E104: Noruega | H104: =IF(AND(ISNUMBER(F104),ISNUMBER(G104)),"Finalizado","Pendiente") | I104: 16 | J104: Semifinal
A105: 102 | B105: 15/07/2026 | C105: 15:00 | D105: Bélgica | E105: Argentina | H105: =IF(AND(ISNUMBER(F105),ISNUMBER(G105)),"Finalizado","Pendiente") | I105: 16 | J105: Semifinal
A106: 103 | B106: 18/07/2026 | C106: 17:00 | D106: Perdedor Semifinal 1 | E106: Perdedor Semifinal 2 | H106: =IF(AND(ISNUMBER(F106),ISNUMBER(G106)),"Finalizado","Pendiente") | I106: 17 | J106: Tercer puesto
A107: 104 | B107: 19/07/2026 | C107: 15:00 | D107: Ganador Semifinal 1 | E107: Ganador Semifinal 2 | H107: =IF(AND(ISNUMBER(F107),ISNUMBER(G107)),"Finalizado","Pendiente") | I107: 17 | J107: Final

Sheet Pronosticos
A1: PRONÓSTICOS (consolidado)
A2: Vista automática de todos los pronósticos; no hace falta editar esta hoja.
A3: Partido | B3: Equipo local | C3: Equipo visitante | D3: Jugador | E3: Goles local | F3: Goles visitante | G3: Puntos | H3: Clasificado | I3: Fase | J3: Clasif OK
A4: 1 | B4: =IFERROR(INDEX(Partidos!$D$4:$D$107,MATCH($A4,Partidos!$A$4:$A$107,0)),"") | C4: =IFERROR(INDEX(Partidos!$E$4:$E$107,MATCH($A4,Partidos!$A$4:$A$107,0)),"") | D4: Álvaro | E4: =IFERROR(INDEX(Álvaro!F$4:F$107,MATCH($A4,Álvaro!$A$4:$A$107,0)),"") | F4: =IFERROR(INDEX(Álvaro!G$4:G$107,MATCH($A4,Álvaro!$A$4:$A$107,0)),"") | G4: =IFERROR(IF(INDEX(Partidos!$H$4:$H$107,MATCH($A4,Partidos!$A$4:$A$107,0))<>"Finalizado","",IF(OR(NOT(ISNUMBER($E4)),NOT(ISNUMBER($F4))),"",IF(INDEX(Partidos!$J$4:$J$107,MATCH($A4,Partidos!$A$4:$A$107,0))="Grupos",IF(AND($E4=INDEX(Partidos!$F$4:$F$107,MATCH($A4,Partidos!$A$4:$A$107,0)),$F4=INDEX(Partidos!$G$4:$G$107,MATCH($A4,Partidos!$A$4:$A$107,0))),Puntuacion!$B$4,IF(($E4-$F4)=(INDEX(Partidos!$F$4:$F$107,MATCH($A4,Partidos!$A$4:$A$107,0))-INDEX(Partidos!$G$4:$G$107,MATCH($A4,Partidos!$A$4:$A$107,0))),Puntuacion!$B$5,IF(OR(AND($E4>$F4,INDEX(Partidos!$F$4:$F$107,MATCH($A4,Partidos!$A$4:$A$107,0))>INDEX(Partidos!$G$4:$G$107,MATCH($A4,Partidos!$A$4:$A$107,0))),AND($E4=$F4,INDEX(Partidos!$F$4:$F$107,MATCH($A4,Partidos!$A$4:$A$107,0))=INDEX(Partidos!$G$4:$G$107,MATCH($A4,Partidos!$A$4:$A$107,0))),AND($E4<$F4,INDEX(Partidos!$F$4:$F$107,MATCH($A4,Partidos!$A$4:$A$107,0))<INDEX(Partidos!$G$4:$G$107,MATCH($A4,Partidos!$A$4:$A$107,0)))),Puntuacion!$B$6,0))),IF(AND($E4=INDEX(Partidos!$F$4:$F$107,MATCH($A4,Partidos!$A$4:$A$107,0)),$F4=INDEX(Partidos!$G$4:$G$107,MATCH($A4,Partidos!$A$4:$A$107,0))),Puntuacion!$B$9,IF(($E4-$F4)=(INDEX(Partidos!$F$4:$F$107,MATCH($A4,Partidos!$A$4:$A$107,0))-INDEX(Partidos!$G$4:$G$107,MATCH($A4,Partidos!$A$4:$A$107,0))),Puntuacion!$B$10,IF(AND($H4<>"",$H4=INDEX(Partidos!$K$4:$K$107,MATCH($A4,Partidos!$A$4:$A$107,0))),Puntuacion!$B$11,0)))))),"") | H4: =IFERROR(INDEX(Álvaro!H$4:H$107,MATCH($A4,Álvaro!$A$4:$A$107,0)),"") | I4: =IFERROR(INDEX(Partidos!$J$4:$J$107,MATCH($A4,Partidos!$A$4:$A$107,0)),"") | J4: =IF(AND(INDEX(Partidos!$J$4:$J$107,MATCH($A4,Partidos!$A$4:$A$107,0))<>"Grupos",INDEX(Partidos!$H$4:$H$107,MATCH($A4,Partidos!$A$4:$A$107,0))="Finalizado",$H4<>"",$H4=INDEX(Partidos!$K$4:$K$107,MATCH($A4,Partidos!$A$4:$A$107,0))),1,0)
A5: 1 | B5: =IFERROR(INDEX(Partidos!$D$4:$D$107,MATCH($A5,Partidos!$A$4:$A$107,0)),"") | C5: =IFERROR(INDEX(Partidos!$E$4:$E$107,MATCH($A5,Partidos!$A$4:$A$107,0)),"") | D5: Pepe | E5: =IFERROR(INDEX(Pepe!F$4:F$107,MATCH($A5,Pepe!$A$4:$A$107,0)),"") | F5: =IFERROR(INDEX(Pepe!G$4:G$107,MATCH($A5,Pepe!$A$4:$A$107,0)),"") | G5: =IFERROR(IF(INDEX(Partidos!$H$4:$H$107,MATCH($A5,Partidos!$A$4:$A$107,0))<>"Finalizado","",IF(OR(NOT(ISNUMBER($E5)),NOT(ISNUMBER($F5))),"",IF(INDEX(Partidos!$J$4:$J$107,MATCH($A5,Partidos!$A$4:$A$107,0))="Grupos",IF(AND($E5=INDEX(Partidos!$F$4:$F$107,MATCH($A5,Partidos!$A$4:$A$107,0)),$F5=INDEX(Partidos!$G$4:$G$107,MATCH($A5,Partidos!$A$4:$A$107,0))),Puntuacion!$B$4,IF(($E5-$F5)=(INDEX(Partidos!$F$4:$F$107,MATCH($A5,Partidos!$A$4:$A$107,0))-INDEX(Partidos!$G$4:$G$107,MATCH($A5,Partidos!$A$4:$A$107,0))),Puntuacion!$B$5,IF(OR(AND($E5>$F5,INDEX(Partidos!$F$4:$F$107,MATCH($A5,Partidos!$A$4:$A$107,0))>INDEX(Partidos!$G$4:$G$107,MATCH($A5,Partidos!$A$4:$A$107,0))),AND($E5=$F5,INDEX(Partidos!$F$4:$F$107,MATCH($A5,Partidos!$A$4:$A$107,0))=INDEX(Partidos!$G$4:$G$107,MATCH($A5,Partidos!$A$4:$A$107,0))),AND($E5<$F5,INDEX(Partidos!$F$4:$F$107,MATCH($A5,Partidos!$A$4:$A$107,0))<INDEX(Partidos!$G$4:$G$107,MATCH($A5,Partidos!$A$4:$A$107,0)))),Puntuacion!$B$6,0))),IF(AND($E5=INDEX(Partidos!$F$4:$F$107,MATCH($A5,Partidos!$A$4:$A$107,0)),$F5=INDEX(Partidos!$G$4:$G$107,MATCH($A5,Partidos!$A$4:$A$107,0))),Puntuacion!$B$9,IF(($E5-$F5)=(INDEX(Partidos!$F$4:$F$107,MATCH($A5,Partidos!$A$4:$A$107,0))-INDEX(Partidos!$G$4:$G$107,MATCH($A5,Partidos!$A$4:$A$107,0))),Puntuacion!$B$10,IF(AND($H5<>"",$H5=INDEX(Partidos!$K$4:$K$107,MATCH($A5,Partidos!$A$4:$A$107,0))),Puntuacion!$B$11,0)))))),"") | H5: =IFERROR(INDEX(Pepe!H$4:H$107,MATCH($A5,Pepe!$A$4:$A$107,0)),"") | I5: =IFERROR(INDEX(Partidos!$J$4:$J$107,MATCH($A5,Partidos!$A$4:$A$107,0)),"") | J5: =IF(AND(INDEX(Partidos!$J$4:$J$107,MATCH($A5,Partidos!$A$4:$A$107,0))<>"Grupos",INDEX(Partidos!$H$4:$H$107,MATCH($A5,Partidos!$A$4:$A$107,0))="Finalizado",$H5<>"",$H5=INDEX(Partidos!$K$4:$K$107,MATCH($A5,Partidos!$A$4:$A$107,0))),1,0)
A6: 1 | B6: =IFERROR(INDEX(Partidos!$D$4:$D$107,MATCH($A6,Partidos!$A$4:$A$107,0)),"") | C6: =IFERROR(INDEX(Partidos!$E$4:$E$107,MATCH($A6,Partidos!$A$4:$A$107,0)),"") | D6: Patri | E6: =IFERROR(INDEX(Patri!F$4:F$107,MATCH($A6,Patri!$A$4:$A$107,0)),"") | F6: =IFERROR(INDEX(Patri!G$4:G$107,MATCH($A6,Patri!$A$4:$A$107,0)),"") | G6: =IFERROR(IF(INDEX(Partidos!$H$4:$H$107,MATCH($A6,Partidos!$A$4:$A$107,0))<>"Finalizado","",IF(OR(NOT(ISNUMBER($E6)),NOT(ISNUMBER($F6))),"",IF(INDEX(Partidos!$J$4:$J$107,MATCH($A6,Partidos!$A$4:$A$107,0))="Grupos",IF(AND($E6=INDEX(Partidos!$F$4:$F$107,MATCH($A6,Partidos!$A$4:$A$107,0)),$F6=INDEX(Partidos!$G$4:$G$107,MATCH($A6,Partidos!$A$4:$A$107,0))),Puntuacion!$B$4,IF(($E6-$F6)=(INDEX(Partidos!$F$4:$F$107,MATCH($A6,Partidos!$A$4:$A$107,0))-INDEX(Partidos!$G$4:$G$107,MATCH($A6,Partidos!$A$4:$A$107,0))),Puntuacion!$B$5,IF(OR(AND($E6>$F6,INDEX(Partidos!$F$4:$F$107,MATCH($A6,Partidos!$A$4:$A$107,0))>INDEX(Partidos!$G$4:$G$107,MATCH($A6,Partidos!$A$4:$A$107,0))),AND($E6=$F6,INDEX(Partidos!$F$4:$F$107,MATCH($A6,Partidos!$A$4:$A$107,0))=INDEX(Partidos!$G$4:$G$107,MATCH($A6,Partidos!$A$4:$A$107,0))),AND($E6<$F6,INDEX(Partidos!$F$4:$F$107,MATCH($A6,Partidos!$A$4:$A$107,0))<INDEX(Partidos!$G$4:$G$107,MATCH($A6,Partidos!$A$4:$A$107,0)))),Puntuacion!$B$6,0))),IF(AND($E6=INDEX(Partidos!$F$4:$F$107,MATCH($A6,Partidos!$A$4:$A$107,0)),$F6=INDEX(Partidos!$G$4:$G$107,MATCH($A6,Partidos!$A$4:$A$107,0))),Puntuacion!$B$9,IF(($E6-$F6)=(INDEX(Partidos!$F$4:$F$107,MATCH($A6,Partidos!$A$4:$A$107,0))-INDEX(Partidos!$G$4:$G$107,MATCH($A6,Partidos!$A$4:$A$107,0))),Puntuacion!$B$10,IF(AND($H6<>"",$H6=INDEX(Partidos!$K$4:$K$107,MATCH($A6,Partidos!$A$4:$A$107,0))),Puntuacion!$B$11,0)))))),"") | H6: =IFERROR(INDEX(Patri!H$4:H$107,MATCH($A6,Patri!$A$4:$A$107,0)),"") | I6: =IFERROR(INDEX(Partidos!$J$4:$J$107,MATCH($A6,Partidos!$A$4:$A$107,0)),"") | J6: =IF(AND(INDEX(Partidos!$J$4:$J$107,MATCH($A6,Partidos!$A$4:$A$107,0))<>"Grupos",INDEX(Partidos!$H$4:$H$107,MATCH($A6,Partidos!$A$4:$A$107,0))="Finalizado",$H6<>"",$H6=INDEX(Partidos!$K$4:$K$107,MATCH($A6,Partidos!$A$4:$A$107,0))),1,0)
A7: 1 | B7: =IFERROR(INDEX(Partidos!$D$4:$D$107,MATCH($A7,Partidos!$A$4:$A$107,0)),"") | C7: =IFERROR(INDEX(Partidos!$E$4:$E$107,MATCH($A7,Partidos!$A$4:$A$107,0)),"") | D7: Kike | E7: =IFERROR(INDEX(Kike!F$4:F$107,MATCH($A7,Kike!$A$4:$A$107,0)),"") | F7: =IFERROR(INDEX(Kike!G$4:G$107,MATCH($A7,Kike!$A$4:$A$107,0)),"") | G7: =IFERROR(IF(INDEX(Partidos!$H$4:$H$107,MATCH($A7,Partidos!$A$4:$A$107,0))<>"Finalizado","",IF(OR(NOT(ISNUMBER($E7)),NOT(ISNUMBER($F7))),"",IF(INDEX(Partidos!$J$4:$J$107,MATCH($A7,Partidos!$A$4:$A$107,0))="Grupos",IF(AND($E7=INDEX(Partidos!$F$4:$F$107,MATCH($A7,Partidos!$A$4:$A$107,0)),$F7=INDEX(Partidos!$G$4:$G$107,MATCH($A7,Partidos!$A$4:$A$107,0))),Puntuacion!$B$4,IF(($E7-$F7)=(INDEX(Partidos!$F$4:$F$107,MATCH($A7,Partidos!$A$4:$A$107,0))-INDEX(Partidos!$G$4:$G$107,MATCH($A7,Partidos!$A$4:$A$107,0))),Puntuacion!$B$5,IF(OR(AND($E7>$F7,INDEX(Partidos!$F$4:$F$107,MATCH($A7,Partidos!$A$4:$A$107,0))>INDEX(Partidos!$G$4:$G$107,MATCH($A7,Partidos!$A$4:$A$107,0))),AND($E7=$F7,INDEX(Partidos!$F$4:$F$107,MATCH($A7,Partidos!$A$4:$A$107,0))=INDEX(Partidos!$G$4:$G$107,MATCH($A7,Partidos!$A$4:$A$107,0))),AND($E7<$F7,INDEX(Partidos!$F$4:$F$107,MATCH($A7,Partidos!$A$4:$A$107,0))<INDEX(Partidos!$G$4:$G$107,MATCH($A7,Partidos!$A$4:$A$107,0)))),Puntuacion!$B$6,0))),IF(AND($E7=INDEX(Partidos!$F$4:$F$107,MATCH($A7,Partidos!$A$4:$A$107,0)),$F7=INDEX(Partidos!$G$4:$G$107,MATCH($A7,Partidos!$A$4:$A$107,0))),Puntuacion!$B$9,IF(($E7-$F7)=(INDEX(Partidos!$F$4:$F$107,MATCH($A7,Partidos!$A$4:$A$107,0))-INDEX(Partidos!$G$4:$G$107,MATCH($A7,Partidos!$A$4:$A$107,0))),Puntuacion!$B$10,IF(AND($H7<>"",$H7=INDEX(Partidos!$K$4:$K$107,MATCH($A7,Partidos!$A$4:$A$107,0))),Puntuacion!$B$11,0)))))),"") | H7: =IFERROR(INDEX(Kike!H$4:H$107,MATCH($A7,Kike!$A$4:$A$107,0)),"") | I7: =IFERROR(INDEX(Partidos!$J$4:$J$107,MATCH($A7,Partidos!$A$4:$A$107,0)),"") | J7: =IF(AND(INDEX(Partidos!$J$4:$J$107,MATCH($A7,Partidos!$A$4:$A$107,0))<>"Grupos",INDEX(Partidos!$H$4:$H$107,MATCH($A7,Partidos!$A$4:$A$107,0))="Finalizado",$H7<>"",$H7=INDEX(Partidos!$K$4:$K$107,MATCH($A7,Partidos!$A$4:$A$107,0))),1,0)
A8: 1 | B8: =IFERROR(INDEX(Partidos!$D$4:$D$107,MATCH($A8,Partidos!$A$4:$A$107,0)),"") | C8: =IFERROR(INDEX(Partidos!$E$4:$E$107,MATCH($A8,Partidos!$A$4:$A$107,0)),"") | D8: Quintero | E8: =IFERROR(INDEX(Quintero!F$4:F$107,MATCH($A8,Quintero!$A$4:$A$107,0)),"") | F8: =IFERROR(INDEX(Quintero!G$4:G$107,MATCH($A8,Quintero!$A$4:$A$107,0)),"") | G8: =IFERROR(IF(INDEX(Partidos!$H$4:$H$107,MATCH($A8,Partidos!$A$4:$A$107,0))<>"Finalizado","",IF(OR(NOT(ISNUMBER($E8)),NOT(ISNUMBER($F8))),"",IF(INDEX(Partidos!$J$4:$J$107,MATCH($A8,Partidos!$A$4:$A$107,0))="Grupos",IF(AND($E8=INDEX(Partidos!$F$4:$F$107,MATCH($A8,Partidos!$A$4:$A$107,0)),$F8=INDEX(Partidos!$G$4:$G$107,MATCH($A8,Partidos!$A$4:$A$107,0))),Puntuacion!$B$4,IF(($E8-$F8)=(INDEX(Partidos!$F$4:$F$107,MATCH($A8,Partidos!$A$4:$A$107,0))-INDEX(Partidos!$G$4:$G$107,MATCH($A8,Partidos!$A$4:$A$107,0))),Puntuacion!$B$5,IF(OR(AND($E8>$F8,INDEX(Partidos!$F$4:$F$107,MATCH($A8,Partidos!$A$4:$A$107,0))>INDEX(Partidos!$G$4:$G$107,MATCH($A8,Partidos!$A$4:$A$107,0))),AND($E8=$F8,INDEX(Partidos!$F$4:$F$107,MATCH($A8,Partidos!$A$4:$A$107,0))=INDEX(Partidos!$G$4:$G$107,MATCH($A8,Partidos!$A$4:$A$107,0))),AND($E8<$F8,INDEX(Partidos!$F$4:$F$107,MATCH($A8,Partidos!$A$4:$A$107,0))<INDEX(Partidos!$G$4:$G$107,MATCH($A8,Partidos!$A$4:$A$107,0)))),Puntuacion!$B$6,0))),IF(AND($E8=INDEX(Partidos!$F$4:$F$107,MATCH($A8,Partidos!$A$4:$A$107,0)),$F8=INDEX(Partidos!$G$4:$G$107,MATCH($A8,Partidos!$A$4:$A$107,0))),Puntuacion!$B$9,IF(($E8-$F8)=(INDEX(Partidos!$F$4:$F$107,MATCH($A8,Partidos!$A$4:$A$107,0))-INDEX(Partidos!$G$4:$G$107,MATCH($A8,Partidos!$A$4:$A$107,0))),Puntuacion!$B$10,IF(AND($H8<>"",$H8=INDEX(Partidos!$K$4:$K$107,MATCH($A8,Partidos!$A$4:$A$107,0))),Puntuacion!$B$11,0)))))),"") | H8: =IFERROR(INDEX(Quintero!H$4:H$107,MATCH($A8,Quintero!$A$4:$A$107,0)),"") | I8: =IFERROR(INDEX(Partidos!$J$4:$J$107,MATCH($A8,Partidos!$A$4:$A$107,0)),"") | J8: =IF(AND(INDEX(Partidos!$J$4:$J$107,MATCH($A8,Partidos!$A$4:$A$107,0))<>"Grupos",INDEX(Partidos!$H$4:$H$107,MATCH($A8,Partidos!$A$4:$A$107,0))="Finalizado",$H8<>"",$H8=INDEX(Partidos!$K$4:$K$107,MATCH($A8,Partidos!$A$4:$A$107,0))),1,0)
A9: 1 | B9: =IFERROR(INDEX(Partidos!$D$4:$D$107,MATCH($A9,Partidos!$A$4:$A$107,0)),"") | C9: =IFERROR(INDEX(Partidos!$E$4:$E$107,MATCH($A9,Partidos!$A$4:$A$107,0)),"") | D9: Nacho | E9: =IFERROR(INDEX(Nacho!F$4:F$107,MATCH($A9,Nacho!$A$4:$A$107,0)),"") | F9: =IFERROR(INDEX(Nacho!G$4:G$107,MATCH($A9,Nacho!$A$4:$A$107,0)),"") | G9: =IFERROR(IF(INDEX(Partidos!$H$4:$H$107,MATCH($A9,Partidos!$A$4:$A$107,0))<>"Finalizado","",IF(OR(NOT(ISNUMBER($E9)),NOT(ISNUMBER($F9))),"",IF(INDEX(Partidos!$J$4:$J$107,MATCH($A9,Partidos!$A$4:$A$107,0))="Grupos",IF(AND($E9=INDEX(Partidos!$F$4:$F$107,MATCH($A9,Partidos!$A$4:$A$107,0)),$F9=INDEX(Partidos!$G$4:$G$107,MATCH($A9,Partidos!$A$4:$A$107,0))),Puntuacion!$B$4,IF(($E9-$F9)=(INDEX(Partidos!$F$4:$F$107,MATCH($A9,Partidos!$A$4:$A$107,0))-INDEX(Partidos!$G$4:$G$107,MATCH($A9,Partidos!$A$4:$A$107,0))),Puntuacion!$B$5,IF(OR(AND($E9>$F9,INDEX(Partidos!$F$4:$F$107,MATCH($A9,Partidos!$A$4:$A$107,0))>INDEX(Partidos!$G$4:$G$107,MATCH($A9,Partidos!$A$4:$A$107,0))),AND($E9=$F9,INDEX(Partidos!$F$4:$F$107,MATCH($A9,Partidos!$A$4:$A$107,0))=INDEX(Partidos!$G$4:$G$107,MATCH($A9,Partidos!$A$4:$A$107,0))),AND($E9<$F9,INDEX(Partidos!$F$4:$F$107,MATCH($A9,Partidos!$A$4:$A$107,0))<INDEX(Partidos!$G$4:$G$107,MATCH($A9,Partidos!$A$4:$A$107,0)))),Puntuacion!$B$6,0))),IF(AND($E9=INDEX(Partidos!$F$4:$F$107,MATCH($A9,Partidos!$A$4:$A$107,0)),$F9=INDEX(Partidos!$G$4:$G$107,MATCH($A9,Partidos!$A$4:$A$107,0))),Puntuacion!$B$9,IF(($E9-$F9)=(INDEX(Partidos!$F$4:$F$107,MATCH($A9,Partidos!$A$4:$A$107,0))-INDEX(Partidos!$G$4:$G$107,MATCH($A9,Partidos!$A$4:$A$107,0))),Puntuacion!$B$10,IF(AND($H9<>"",$H9=INDEX(Partidos!$K$4:$K$107,MATCH($A9,Partidos!$A$4:$A$107,0))),Puntuacion!$B$11,0)))))),"") | H9: =IFERROR(INDEX(Nacho!H$4:H$107,MATCH($A9,Nacho!$A$4:$A$107,0)),"") | I9: =IFERROR(INDEX(Partidos!$J$4:$J$107,MATCH($A9,Partidos!$A$4:$A$107,0)),"") | J9: =IF(AND(INDEX(Partidos!$J$4:$J$107,MATCH($A9,Partidos!$A$4:$A$107,0))<>"Grupos",INDEX(Partidos!$H$4:$H$107,MATCH($A9,Partidos!$A$4:$A$107,0))="Finalizado",$H9<>"",$H9=INDEX(Partidos!$K$4:$K$107,MATCH($A9,Partidos!$A$4:$A$107,0))),1,0)
A10: 1 | B10: =IFERROR(INDEX(Partidos!$D$4:$D$107,MATCH($A10,Partidos!$A$4:$A$107,0)),"") | C10: =IFERROR(INDEX(Partidos!$E$4:$E$107,MATCH($A10,Partidos!$A$4:$A$107,0)),"") | D10: Luis | E10: =IFERROR(INDEX(Luis!F$4:F$107,MATCH($A10,Luis!$A$4:$A$107,0)),"") | F10: =IFERROR(INDEX(Luis!G$4:G$107,MATCH($A10,Luis!$A$4:$A$107,0)),"") | G10: =IFERROR(IF(INDEX(Partidos!$H$4:$H$107,MATCH($A10,Partidos!$A$4:$A$107,0))<>"Finalizado","",IF(OR(NOT(ISNUMBER($E10)),NOT(ISNUMBER($F10))),"",IF(INDEX(Partidos!$J$4:$J$107,MATCH($A10,Partidos!$A$4:$A$107,0))="Grupos",IF(AND($E10=INDEX(Partidos!$F$4:$F$107,MATCH($A10,Partidos!$A$4:$A$107,0)),$F10=INDEX(Partidos!$G$4:$G$107,MATCH($A10,Partidos!$A$4:$A$107,0))),Puntuacion!$B$4,IF(($E10-$F10)=(INDEX(Partidos!$F$4:$F$107,MATCH($A10,Partidos!$A$4:$A$107,0))-INDEX(Partidos!$G$4:$G$107,MATCH($A10,Partidos!$A$4:$A$107,0))),Puntuacion!$B$5,IF(OR(AND($E10>$F10,INDEX(Partidos!$F$4:$F$107,MATCH($A10,Partidos!$A$4:$A$107,0))>INDEX(Partidos!$G$4:$G$107,MATCH($A10,Partidos!$A$4:$A$107,0))),AND($E10=$F10,INDEX(Partidos!$F$4:$F$107,MATCH($A10,Partidos!$A$4:$A$107,0))=INDEX(Partidos!$G$4:$G$107,MATCH($A10,Partidos!$A$4:$A$107,0))),AND($E10<$F10,INDEX(Partidos!$F$4:$F$107,MATCH($A10,Partidos!$A$4:$A$107,0))<INDEX(Partidos!$G$4:$G$107,MATCH($A10,Partidos!$A$4:$A$107,0)))),Puntuacion!$B$6,0))),IF(AND($E10=INDEX(Partidos!$F$4:$F$107,MATCH($A10,Partidos!$A$4:$A$107,0)),$F10=INDEX(Partidos!$G$4:$G$107,MATCH($A10,Partidos!$A$4:$A$107,0))),Puntuacion!$B$9,IF(($E10-$F10)=(INDEX(Partidos!$F$4:$F$107,MATCH($A10,Partidos!$A$4:$A$107,0))-INDEX(Partidos!$G$4:$G$107,MATCH($A10,Partidos!$A$4:$A$107,0))),Puntuacion!$B$10,IF(AND($H10<>"",$H10=INDEX(Partidos!$K$4:$K$107,MATCH($A10,Partidos!$A$4:$A$107,0))),Puntuacion!$B$11,0)))))),"") | H10: =IFERROR(INDEX(Luis!H$4:H$107,MATCH($A10,Luis!$A$4:$A$107,0)),"") | I10: =IFERROR(INDEX(Partidos!$J$4:$J$107,MATCH($A10,Partidos!$A$4:$A$107,0)),"") | J10: =IF(AND(INDEX(Partidos!$J$4:$J$107,MATCH($A10,Partidos!$A$4:$A$107,0))<>"Grupos",INDEX(Partidos!$H$4:$H$107,MATCH($A10,Partidos!$A$4:$A$107,0))="Finalizado",$H10<>"",$H10=INDEX(Partidos!$K$4:$K$107,MATCH($A10,Partidos!$A$4:$A$107,0))),1,0)
A11: 1 | B11: =IFERROR(INDEX(Partidos!$D$4:$D$107,MATCH($A11,Partidos!$A$4:$A$107,0)),"") | C11: =IFERROR(INDEX(Partidos!$E$4:$E$107,MATCH($A11,Partidos!$A$4:$A$107,0)),"") | D11: Felipe | E11: =IFERROR(INDEX(Felipe!F$4:F$107,MATCH($A11,Felipe!$A$4:$A$107,0)),"") | F11: =IFERROR(INDEX(Felipe!G$4:G$107,MATCH($A11,Felipe!$A$4:$A$107,0)),"") | G11: =IFERROR(IF(INDEX(Partidos!$H$4:$H$107,MATCH($A11,Partidos!$A$4:$A$107,0))<>"Finalizado","",IF(OR(NOT(ISNUMBER($E11)),NOT(ISNUMBER($F11))),"",IF(INDEX(Partidos!$J$4:$J$107,MATCH($A11,Partidos!$A$4:$A$107,0))="Grupos",IF(AND($E11=INDEX(Partidos!$F$4:$F$107,MATCH($A11,Partidos!$A$4:$A$107,0)),$F11=INDEX(Partidos!$G$4:$G$107,MATCH($A11,Partidos!$A$4:$A$107,0))),Puntuacion!$B$4,IF(($E11-$F11)=(INDEX(Partidos!$F$4:$F$107,MATCH($A11,Partidos!$A$4:$A$107,0))-INDEX(Partidos!$G$4:$G$107,MATCH($A11,Partidos!$A$4:$A$107,0))),Puntuacion!$B$5,IF(OR(AND($E11>$F11,INDEX(Partidos!$F$4:$F$107,MATCH($A11,Partidos!$A$4:$A$107,0))>INDEX(Partidos!$G$4:$G$107,MATCH($A11,Partidos!$A$4:$A$107,0))),AND($E11=$F11,INDEX(Partidos!$F$4:$F$107,MATCH($A11,Partidos!$A$4:$A$107,0))=INDEX(Partidos!$G$4:$G$107,MATCH($A11,Partidos!$A$4:$A$107,0))),AND($E11<$F11,INDEX(Partidos!$F$4:$F$107,MATCH($A11,Partidos!$A$4:$A$107,0))<INDEX(Partidos!$G$4:$G$107,MATCH($A11,Partidos!$A$4:$A$107,0)))),Puntuacion!$B$6,0))),IF(AND($E11=INDEX(Partidos!$F$4:$F$107,MATCH($A11,Partidos!$A$4:$A$107,0)),$F11=INDEX(Partidos!$G$4:$G$107,MATCH($A11,Partidos!$A$4:$A$107,0))),Puntuacion!$B$9,IF(($E11-$F11)=(INDEX(Partidos!$F$4:$F$107,MATCH($A11,Partidos!$A$4:$A$107,0))-INDEX(Partidos!$G$4:$G$107,MATCH($A11,Partidos!$A$4:$A$107,0))),Puntuacion!$B$10,IF(AND($H11<>"",$H11=INDEX(Partidos!$K$4:$K$107,MATCH($A11,Partidos!$A$4:$A$107,0))),Puntuacion!$B$11,0)))))),"") | H11: =IFERROR(INDEX(Felipe!H$4:H$107,MATCH($A11,Felipe!$A$4:$A$107,0)),"") | I11: =IFERROR(INDEX(Partidos!$J$4:$J$107,MATCH($A11,Partidos!$A$4:$A$107,0)),"") | J11: =IF(AND(INDEX(Partidos!$J$4:$J$107,MATCH($A11,Partidos!$A$4:$A$107,0))<>"Grupos",INDEX(Partidos!$H$4:$H$107,MATCH($A11,Partidos!$A$4:$A$107,0))="Finalizado",$H11<>"",$H11=INDEX(Partidos!$K$4:$K$107,MATCH($A11,Partidos!$A$4:$A$107,0))),1,0)
A12: 1 | B12: =IFERROR(INDEX(Partidos!$D$4:$D$107,MATCH($A12,Partidos!$A$4:$A$107,0)),"") | C12: =IFERROR(INDEX(Partidos!$E$4:$E$107,MATCH($A12,Partidos!$A$4:$A$107,0)),"") | D12: Simón | E12: =IFERROR(INDEX(Simón!F$4:F$107,MATCH($A12,Simón!$A$4:$A$107,0)),"") | F12: =IFERROR(INDEX(Simón!G$4:G$107,MATCH($A12,Simón!$A$4:$A$107,0)),"") | G12: =IFERROR(IF(INDEX(Partidos!$H$4:$H$107,MATCH($A12,Partidos!$A$4:$A$107,0))<>"Finalizado","",IF(OR(NOT(ISNUMBER($E12)),NOT(ISNUMBER($F12))),"",IF(INDEX(Partidos!$J$4:$J$107,MATCH($A12,Partidos!$A$4:$A$107,0))="Grupos",IF(AND($E12=INDEX(Partidos!$F$4:$F$107,MATCH($A12,Partidos!$A$4:$A$107,0)),$F12=INDEX(Partidos!$G$4:$G$107,MATCH($A12,Partidos!$A$4:$A$107,0))),Puntuacion!$B$4,IF(($E12-$F12)=(INDEX(Partidos!$F$4:$F$107,MATCH($A12,Partidos!$A$4:$A$107,0))-INDEX(Partidos!$G$4:$G$107,MATCH($A12,Partidos!$A$4:$A$107,0))),Puntuacion!$B$5,IF(OR(AND($E12>$F12,INDEX(Partidos!$F$4:$F$107,MATCH($A12,Partidos!$A$4:$A$107,0))>INDEX(Partidos!$G$4:$G$107,MATCH($A12,Partidos!$A$4:$A$107,0))),AND($E12=$F12,INDEX(Partidos!$F$4:$F$107,MATCH($A12,Partidos!$A$4:$A$107,0))=INDEX(Partidos!$G$4:$G$107,MATCH($A12,Partidos!$A$4:$A$107,0))),AND($E12<$F12,INDEX(Partidos!$F$4:$F$107,MATCH($A12,Partidos!$A$4:$A$107,0))<INDEX(Partidos!$G$4:$G$107,MATCH($A12,Partidos!$A$4:$A$107,0)))),Puntuacion!$B$6,0))),IF(AND($E12=INDEX(Partidos!$F$4:$F$107,MATCH($A12,Partidos!$A$4:$A$107,0)),$F12=INDEX(Partidos!$G$4:$G$107,MATCH($A12,Partidos!$A$4:$A$107,0))),Puntuacion!$B$9,IF(($E12-$F12)=(INDEX(Partidos!$F$4:$F$107,MATCH($A12,Partidos!$A$4:$A$107,0))-INDEX(Partidos!$G$4:$G$107,MATCH($A12,Partidos!$A$4:$A$107,0))),Puntuacion!$B$10,IF(AND($H12<>"",$H12=INDEX(Partidos!$K$4:$K$107,MATCH($A12,Partidos!$A$4:$A$107,0))),Puntuacion!$B$11,0)))))),"") | H12: =IFERROR(INDEX(Simón!H$4:H$107,MATCH($A12,Simón!$A$4:$A$107,0)),"") | I12: =IFERROR(INDEX(Partidos!$J$4:$J$107,MATCH($A12,Partidos!$A$4:$A$107,0)),"") | J12: =IF(AND(INDEX(Partidos!$J$4:$J$107,MATCH($A12,Partidos!$A$4:$A$107,0))<>"Grupos",INDEX(Partidos!$H$4:$H$107,MATCH($A12,Partidos!$A$4:$A$107,0))="Finalizado",$H12<>"",$H12=INDEX(Partidos!$K$4:$K$107,MATCH($A12,Partidos!$A$4:$A$107,0))),1,0)
A13: 1 | B13: =IFERROR(INDEX(Partidos!$D$4:$D$107,MATCH($A13,Partidos!$A$4:$A$107,0)),"") | C13: =IFERROR(INDEX(Partidos!$E$4:$E$107,MATCH($A13,Partidos!$A$4:$A$107,0)),"") | D13: Muni | E13: =IFERROR(INDEX(Muni!F$4:F$107,MATCH($A13,Muni!$A$4:$A$107,0)),"") | F13: =IFERROR(INDEX(Muni!G$4:G$107,MATCH($A13,Muni!$A$4:$A$107,0)),"") | G13: =IFERROR(IF(INDEX(Partidos!$H$4:$H$107,MATCH($A13,Partidos!$A$4:$A$107,0))<>"Finalizado","",IF(OR(NOT(ISNUMBER($E13)),NOT(ISNUMBER($F13))),"",IF(INDEX(Partidos!$J$4:$J$107,MATCH($A13,Partidos!$A$4:$A$107,0))="Grupos",IF(AND($E13=INDEX(Partidos!$F$4:$F$107,MATCH($A13,Partidos!$A$4:$A$107,0)),$F13=INDEX(Partidos!$G$4:$G$107,MATCH($A13,Partidos!$A$4:$A$107,0))),Puntuacion!$B$4,IF(($E13-$F13)=(INDEX(Partidos!$F$4:$F$107,MATCH($A13,Partidos!$A$4:$A$107,0))-INDEX(Partidos!$G$4:$G$107,MATCH($A13,Partidos!$A$4:$A$107,0))),Puntuacion!$B$5,IF(OR(AND($E13>$F13,INDEX(Partidos!$F$4:$F$107,MATCH($A13,Partidos!$A$4:$A$107,0))>INDEX(Partidos!$G$4:$G$107,MATCH($A13,Partidos!$A$4:$A$107,0))),AND($E13=$F13,INDEX(Partidos!$F$4:$F$107,MATCH($A13,Partidos!$A$4:$A$107,0))=INDEX(Partidos!$G$4:$G$107,MATCH($A13,Partidos!$A$4:$A$107,0))),AND($E13<$F13,INDEX(Partidos!$F$4:$F$107,MATCH($A13,Partidos!$A$4:$A$107,0))<INDEX(Partidos!$G$4:$G$107,MATCH($A13,Partidos!$A$4:$A$107,0)))),Puntuacion!$B$6,0))),IF(AND($E13=INDEX(Partidos!$F$4:$F$107,MATCH($A13,Partidos!$A$4:$A$107,0)),$F13=INDEX(Partidos!$G$4:$G$107,MATCH($A13,Partidos!$A$4:$A$107,0))),Puntuacion!$B$9,IF(($E13-$F13)=(INDEX(Partidos!$F$4:$F$107,MATCH($A13,Partidos!$A$4:$A$107,0))-INDEX(Partidos!$G$4:$G$107,MATCH($A13,Partidos!$A$4:$A$107,0))),Puntuacion!$B$10,IF(AND($H13<>"",$H13=INDEX(Partidos!$K$4:$K$107,MATCH($A13,Partidos!$A$4:$A$107,0))),Puntuacion!$B$11,0)))))),"") | H13: =IFERROR(INDEX(Muni!H$4:H$107,MATCH($A13,Muni!$A$4:$A$107,0)),"") | I13: =IFERROR(INDEX(Partidos!$J$4:$J$107,MATCH($A13,Partidos!$A$4:$A$107,0)),"") | J13: =IF(AND(INDEX(Partidos!$J$4:$J$107,MATCH($A13,Partidos!$A$4:$A$107,0))<>"Grupos",INDEX(Partidos!$H$4:$H$107,MATCH($A13,Partidos!$A$4:$A$107,0))="Finalizado",$H13<>"",$H13=INDEX(Partidos!$K$4:$K$107,MATCH($A13,Partidos!$A$4:$A$107,0))),1,0)
A14: 1 | B14: =IFERROR(INDEX(Partidos!$D$4:$D$107,MATCH($A14,Partidos!$A$4:$A$107,0)),"") | C14: =IFERROR(INDEX(Partidos!$E$4:$E$107,MATCH($A14,Partidos!$A$4:$A$107,0)),"") | D14: Fer | E14: =IFERROR(INDEX(Fer!F$4:F$107,MATCH($A14,Fer!$A$4:$A$107,0)),"") | F14: =IFERROR(INDEX(Fer!G$4:G$107,MATCH($A14,Fer!$A$4:$A$107,0)),"") | G14: =IFERROR(IF(INDEX(Partidos!$H$4:$H$107,MATCH($A14,Partidos!$A$4:$A$107,0))<>"Finalizado","",IF(OR(NOT(ISNUMBER($E14)),NOT(ISNUMBER($F14))),"",IF(INDEX(Partidos!$J$4:$J$107,MATCH($A14,Partidos!$A$4:$A$107,0))="Grupos",IF(AND($E14=INDEX(Partidos!$F$4:$F$107,MATCH($A14,Partidos!$A$4:$A$107,0)),$F14=INDEX(Partidos!$G$4:$G$107,MATCH($A14,Partidos!$A$4:$A$107,0))),Puntuacion!$B$4,IF(($E14-$F14)=(INDEX(Partidos!$F$4:$F$107,MATCH($A14,Partidos!$A$4:$A$107,0))-INDEX(Partidos!$G$4:$G$107,MATCH($A14,Partidos!$A$4:$A$107,0))),Puntuacion!$B$5,IF(OR(AND($E14>$F14,INDEX(Partidos!$F$4:$F$107,MATCH($A14,Partidos!$A$4:$A$107,0))>INDEX(Partidos!$G$4:$G$107,MATCH($A14,Partidos!$A$4:$A$107,0))),AND($E14=$F14,INDEX(Partidos!$F$4:$F$107,MATCH($A14,Partidos!$A$4:$A$107,0))=INDEX(Partidos!$G$4:$G$107,MATCH($A14,Partidos!$A$4:$A$107,0))),AND($E14<$F14,INDEX(Partidos!$F$4:$F$107,MATCH($A14,Partidos!$A$4:$A$107,0))<INDEX(Partidos!$G$4:$G$107,MATCH($A14,Partidos!$A$4:$A$107,0)))),Puntuacion!$B$6,0))),IF(AND($E14=INDEX(Partidos!$F$4:$F$107,MATCH($A14,Partidos!$A$4:$A$107,0)),$F14=INDEX(Partidos!$G$4:$G$107,MATCH($A14,Partidos!$A$4:$A$107,0))),Puntuacion!$B$9,IF(($E14-$F14)=(INDEX(Partidos!$F$4:$F$107,MATCH($A14,Partidos!$A$4:$A$107,0))-INDEX(Partidos!$G$4:$G$107,MATCH($A14,Partidos!$A$4:$A$107,0))),Puntuacion!$B$10,IF(AND($H14<>"",$H14=INDEX(Partidos!$K$4:$K$107,MATCH($A14,Partidos!$A$4:$A$107,0))),Puntuacion!$B$11,0)))))),"") | H14: =IFERROR(INDEX(Fer!H$4:H$107,MATCH($A14,Fer!$A$4:$A$107,0)),"") | I14: =IFERROR(INDEX(Partidos!$J$4:$J$107,MATCH($A14,Partidos!$A$4:$A$107,0)),"") | J14: =IF(AND(INDEX(Partidos!$J$4:$J$107,MATCH($A14,Partidos!$A$4:$A$107,0))<>"Grupos",INDEX(Partidos!$H$4:$H$107,MATCH($A14,Partidos!$A$4:$A$107,0))="Finalizado",$H14<>"",$H14=INDEX(Partidos!$K$4:$K$107,MATCH($A14,Partidos!$A$4:$A$107,0))),1,0)
A15: 2 | B15: =IFERROR(INDEX(Partidos!$D$4:$D$107,MATCH($A15,Partidos!$A$4:$A$107,0)),"") | C15: =IFERROR(INDEX(Partidos!$E$4:$E$107,MATCH($A15,Partidos!$A$4:$A$107,0)),"") | D15: Álvaro | E15: =IFERROR(INDEX(Álvaro!F$4:F$107,MATCH($A15,Álvaro!$A$4:$A$107,0)),"") | F15: =IFERROR(INDEX(Álvaro!G$4:G$107,MATCH($A15,Álvaro!$A$4:$A$107,0)),"") | G15: =IFERROR(IF(INDEX(Partidos!$H$4:$H$107,MATCH($A15,Partidos!$A$4:$A$107,0))<>"Finalizado","",IF(OR(NOT(ISNUMBER($E15)),NOT(ISNUMBER($F15))),"",IF(INDEX(Partidos!$J$4:$J$107,MATCH($A15,Partidos!$A$4:$A$107,0))="Grupos",IF(AND($E15=INDEX(Partidos!$F$4:$F$107,MATCH($A15,Partidos!$A$4:$A$107,0)),$F15=INDEX(Partidos!$G$4:$G$107,MATCH($A15,Partidos!$A$4:$A$107,0))),Puntuacion!$B$4,IF(($E15-$F15)=(INDEX(Partidos!$F$4:$F$107,MATCH($A15,Partidos!$A$4:$A$107,0))-INDEX(Partidos!$G$4:$G$107,MATCH($A15,Partidos!$A$4:$A$107,0))),Puntuacion!$B$5,IF(OR(AND($E15>$F15,INDEX(Partidos!$F$4:$F$107,MATCH($A15,Partidos!$A$4:$A$107,0))>INDEX(Partidos!$G$4:$G$107,MATCH($A15,Partidos!$A$4:$A$107,0))),AND($E15=$F15,INDEX(Partidos!$F$4:$F$107,MATCH($A15,Partidos!$A$4:$A$107,0))=INDEX(Partidos!$G$4:$G$107,MATCH($A15,Partidos!$A$4:$A$107,0))),AND($E15<$F15,INDEX(Partidos!$F$4:$F$107,MATCH($A15,Partidos!$A$4:$A$107,0))<INDEX(Partidos!$G$4:$G$107,MATCH($A15,Partidos!$A$4:$A$107,0)))),Puntuacion!$B$6,0))),IF(AND($E15=INDEX(Partidos!$F$4:$F$107,MATCH($A15,Partidos!$A$4:$A$107,0)),$F15=INDEX(Partidos!$G$4:$G$107,MATCH($A15,Partidos!$A$4:$A$107,0))),Puntuacion!$B$9,IF(($E15-$F15)=(INDEX(Partidos!$F$4:$F$107,MATCH($A15,Partidos!$A$4:$A$107,0))-INDEX(Partidos!$G$4:$G$107,MATCH($A15,Partidos!$A$4:$A$107,0))),Puntuacion!$B$10,IF(AND($H15<>"",$H15=INDEX(Partidos!$K$4:$K$107,MATCH($A15,Partidos!$A$4:$A$107,0))),Puntuacion!$B$11,0)))))),"") | H15: =IFERROR(INDEX(Álvaro!H$4:H$107,MATCH($A15,Álvaro!$A$4:$A$107,0)),"") | I15: =IFERROR(INDEX(Partidos!$J$4:$J$107,MATCH($A15,Partidos!$A$4:$A$107,0)),"") | J15: =IF(AND(INDEX(Partidos!$J$4:$J$107,MATCH($A15,Partidos!$A$4:$A$107,0))<>"Grupos",INDEX(Partidos!$H$4:$H$107,MATCH($A15,Partidos!$A$4:$A$107,0))="Finalizado",$H15<>"",$H15=INDEX(Partidos!$K$4:$K$107,MATCH($A15,Partidos!$A$4:$A$107,0))),1,0)
A16: 2 | B16: =IFERROR(INDEX(Partidos!$D$4:$D$107,MATCH($A16,Partidos!$A$4:$A$107,0)),"") | C16: =IFERROR(INDEX(Partidos!$E$4:$E$107,MATCH($A16,Partidos!$A$4:$A$107,0)),"") | D16: Pepe | E16: =IFERROR(INDEX(Pepe!F$4:F$107,MATCH($A16,Pepe!$A$4:$A$107,0)),"") | F16: =IFERROR(INDEX(Pepe!G$4:G$107,MATCH($A16,Pepe!$A$4:$A$107,0)),"") | G16: =IFERROR(IF(INDEX(Partidos!$H$4:$H$107,MATCH($A16,Partidos!$A$4:$A$107,0))<>"Finalizado","",IF(OR(NOT(ISNUMBER($E16)),NOT(ISNUMBER($F16))),"",IF(INDEX(Partidos!$J$4:$J$107,MATCH($A16,Partidos!$A$4:$A$107,0))="Grupos",IF(AND($E16=INDEX(Partidos!$F$4:$F$107,MATCH($A16,Partidos!$A$4:$A$107,0)),$F16=INDEX(Partidos!$G$4:$G$107,MATCH($A16,Partidos!$A$4:$A$107,0))),Puntuacion!$B$4,IF(($E16-$F16)=(INDEX(Partidos!$F$4:$F$107,MATCH($A16,Partidos!$A$4:$A$107,0))-INDEX(Partidos!$G$4:$G$107,MATCH($A16,Partidos!$A$4:$A$107,0))),Puntuacion!$B$5,IF(OR(AND($E16>$F16,INDEX(Partidos!$F$4:$F$107,MATCH($A16,Partidos!$A$4:$A$107,0))>INDEX(Partidos!$G$4:$G$107,MATCH($A16,Partidos!$A$4:$A$107,0))),AND($E16=$F16,INDEX(Partidos!$F$4:$F$107,MATCH($A16,Partidos!$A$4:$A$107,0))=INDEX(Partidos!$G$4:$G$107,MATCH($A16,Partidos!$A$4:$A$107,0))),AND($E16<$F16,INDEX(Partidos!$F$4:$F$107,MATCH($A16,Partidos!$A$4:$A$107,0))<INDEX(Partidos!$G$4:$G$107,MATCH($A16,Partidos!$A$4:$A$107,0)))),Puntuacion!$B$6,0))),IF(AND($E16=INDEX(Partidos!$F$4:$F$107,MATCH($A16,Partidos!$A$4:$A$107,0)),$F16=INDEX(Partidos!$G$4:$G$107,MATCH($A16,Partidos!$A$4:$A$107,0))),Puntuacion!$B$9,IF(($E16-$F16)=(INDEX(Partidos!$F$4:$F$107,MATCH($A16,Partidos!$A$4:$A$107,0))-INDEX(Partidos!$G$4:$G$107,MATCH($A16,Partidos!$A$4:$A$107,0))),Puntuacion!$B$10,IF(AND($H16<>"",$H16=INDEX(Partidos!$K$4:$K$107,MATCH($A16,Partidos!$A$4:$A$107,0))),Puntuacion!$B$11,0)))))),"") | H16: =IFERROR(INDEX(Pepe!H$4:H$107,MATCH($A16,Pepe!$A$4:$A$107,0)),"") | I16: =IFERROR(INDEX(Partidos!$J$4:$J$107,MATCH($A16,Partidos!$A$4:$A$107,0)),"") | J16: =IF(AND(INDEX(Partidos!$J$4:$J$107,MATCH($A16,Partidos!$A$4:$A$107,0))<>"Grupos",INDEX(Partidos!$H$4:$H$107,MATCH($A16,Partidos!$A$4:$A$107,0))="Finalizado",$H16<>"",$H16=INDEX(Partidos!$K$4:$K$107,MATCH($A16,Partidos!$A$4:$A$107,0))),1,0)
A17: 2 | B17: =IFERROR(INDEX(Partidos!$D$4:$D$107,MATCH($A17,Partidos!$A$4:$A$107,0)),"") | C17: =IFERROR(INDEX(Partidos!$E$4:$E$107,MATCH($A17,Partidos!$A$4:$A$107,0)),"") | D17: Patri | E17: =IFERROR(INDEX(Patri!F$4:F$107,MATCH($A17,Patri!$A$4:$A$107,0)),"") | F17: =IFERROR(INDEX(Patri!G$4:G$107,MATCH($A17,Patri!$A$4:$A$107,0)),"") | G17: =IFERROR(IF(INDEX(Partidos!$H$4:$H$107,MATCH($A17,Partidos!$A$4:$A$107,0))<>"Finalizado","",IF(OR(NOT(ISNUMBER($E17)),NOT(ISNUMBER($F17))),"",IF(INDEX(Partidos!$J$4:$J$107,MATCH($A17,Partidos!$A$4:$A$107,0))="Grupos",IF(AND($E17=INDEX(Partidos!$F$4:$F$107,MATCH($A17,Partidos!$A$4:$A$107,0)),$F17=INDEX(Partidos!$G$4:$G$107,MATCH($A17,Partidos!$A$4:$A$107,0))),Puntuacion!$B$4,IF(($E17-$F17)=(INDEX(Partidos!$F$4:$F$107,MATCH($A17,Partidos!$A$4:$A$107,0))-INDEX(Partidos!$G$4:$G$107,MATCH($A17,Partidos!$A$4:$A$107,0))),Puntuacion!$B$5,IF(OR(AND($E17>$F17,INDEX(Partidos!$F$4:$F$107,MATCH($A17,Partidos!$A$4:$A$107,0))>INDEX(Partidos!$G$4:$G$107,MATCH($A17,Partidos!$A$4:$A$107,0))),AND($E17=$F17,INDEX(Partidos!$F$4:$F$107,MATCH($A17,Partidos!$A$4:$A$107,0))=INDEX(Partidos!$G$4:$G$107,MATCH($A17,Partidos!$A$4:$A$107,0))),AND($E17<$F17,INDEX(Partidos!$F$4:$F$107,MATCH($A17,Partidos!$A$4:$A$107,0))<INDEX(Partidos!$G$4:$G$107,MATCH($A17,Partidos!$A$4:$A$107,0)))),Puntuacion!$B$6,0))),IF(AND($E17=INDEX(Partidos!$F$4:$F$107,MATCH($A17,Partidos!$A$4:$A$107,0)),$F17=INDEX(Partidos!$G$4:$G$107,MATCH($A17,Partidos!$A$4:$A$107,0))),Puntuacion!$B$9,IF(($E17-$F17)=(INDEX(Partidos!$F$4:$F$107,MATCH($A17,Partidos!$A$4:$A$107,0))-INDEX(Partidos!$G$4:$G$107,MATCH($A17,Partidos!$A$4:$A$107,0))),Puntuacion!$B$10,IF(AND($H17<>"",$H17=INDEX(Partidos!$K$4:$K$107,MATCH($A17,Partidos!$A$4:$A$107,0))),Puntuacion!$B$11,0)))))),"") | H17: =IFERROR(INDEX(Patri!H$4:H$107,MATCH($A17,Patri!$A$4:$A$107,0)),"") | I17: =IFERROR(INDEX(Partidos!$J$4:$J$107,MATCH($A17,Partidos!$A$4:$A$107,0)),"") | J17: =IF(AND(INDEX(Partidos!$J$4:$J$107,MATCH($A17,Partidos!$A$4:$A$107,0))<>"Grupos",INDEX(Partidos!$H$4:$H$107,MATCH($A17,Partidos!$A$4:$A$107,0))="Finalizado",$H17<>"",$H17=INDEX(Partidos!$K$4:$K$107,MATCH($A17,Partidos!$A$4:$A$107,0))),1,0)
A18: 2 | B18: =IFERROR(INDEX(Partidos!$D$4:$D$107,MATCH($A18,Partidos!$A$4:$A$107,0)),"") | C18: =IFERROR(INDEX(Partidos!$E$4:$E$107,MATCH($A18,Partidos!$A$4:$A$107,0)),"") | D18: Kike | E18: =IFERROR(INDEX(Kike!F$4:F$107,MATCH($A18,Kike!$A$4:$A$107,0)),"") | F18: =IFERROR(INDEX(Kike!G$4:G$107,MATCH($A18,Kike!$A$4:$A$107,0)),"") | G18: =IFERROR(IF(INDEX(Partidos!$H$4:$H$107,MATCH($A18,Partidos!$A$4:$A$107,0))<>"Finalizado","",IF(OR(NOT(ISNUMBER($E18)),NOT(ISNUMBER($F18))),"",IF(INDEX(Partidos!$J$4:$J$107,MATCH($A18,Partidos!$A$4:$A$107,0))="Grupos",IF(AND($E18=INDEX(Partidos!$F$4:$F$107,MATCH($A18,Partidos!$A$4:$A$107,0)),$F18=INDEX(Partidos!$G$4:$G$107,MATCH($A18,Partidos!$A$4:$A$107,0))),Puntuacion!$B$4,IF(($E18-$F18)=(INDEX(Partidos!$F$4:$F$107,MATCH($A18,Partidos!$A$4:$A$107,0))-INDEX(Partidos!$G$4:$G$107,MATCH($A18,Partidos!$A$4:$A$107,0))),Puntuacion!$B$5,IF(OR(AND($E18>$F18,INDEX(Partidos!$F$4:$F$107,MATCH($A18,Partidos!$A$4:$A$107,0))>INDEX(Partidos!$G$4:$G$107,MATCH($A18,Partidos!$A$4:$A$107,0))),AND($E18=$F18,INDEX(Partidos!$F$4:$F$107,MATCH($A18,Partidos!$A$4:$A$107,0))=INDEX(Partidos!$G$4:$G$107,MATCH($A18,Partidos!$A$4:$A$107,0))),AND($E18<$F18,INDEX(Partidos!$F$4:$F$107,MATCH($A18,Partidos!$A$4:$A$107,0))<INDEX(Partidos!$G$4:$G$107,MATCH($A18,Partidos!$A$4:$A$107,0)))),Puntuacion!$B$6,0))),IF(AND($E18=INDEX(Partidos!$F$4:$F$107,MATCH($A18,Partidos!$A$4:$A$107,0)),$F18=INDEX(Partidos!$G$4:$G$107,MATCH($A18,Partidos!$A$4:$A$107,0))),Puntuacion!$B$9,IF(($E18-$F18)=(INDEX(Partidos!$F$4:$F$107,MATCH($A18,Partidos!$A$4:$A$107,0))-INDEX(Partidos!$G$4:$G$107,MATCH($A18,Partidos!$A$4:$A$107,0))),Puntuacion!$B$10,IF(AND($H18<>"",$H18=INDEX(Partidos!$K$4:$K$107,MATCH($A18,Partidos!$A$4:$A$107,0))),Puntuacion!$B$11,0)))))),"") | H18: =IFERROR(INDEX(Kike!H$4:H$107,MATCH($A18,Kike!$A$4:$A$107,0)),"") | I18: =IFERROR(INDEX(Partidos!$J$4:$J$107,MATCH($A18,Partidos!$A$4:$A$107,0)),"") | J18: =IF(AND(INDEX(Partidos!$J$4:$J$107,MATCH($A18,Partidos!$A$4:$A$107,0))<>"Grupos",INDEX(Partidos!$H$4:$H$107,MATCH($A18,Partidos!$A$4:$A$107,0))="Finalizado",$H18<>"",$H18=INDEX(Partidos!$K$4:$K$107,MATCH($A18,Partidos!$A$4:$A$107,0))),1,0)
A19: 2 | B19: =IFERROR(INDEX(Partidos!$D$4:$D$107,MATCH($A19,Partidos!$A$4:$A$107,0)),"") | C19: =IFERROR(INDEX(Partidos!$E$4:$E$107,MATCH($A19,Partidos!$A$4:$A$107,0)),"") | D19: Quintero | E19: =IFERROR(INDEX(Quintero!F$4:F$107,MATCH($A19,Quintero!$A$4:$A$107,0)),"") | F19: =IFERROR(INDEX(Quintero!G$4:G$107,MATCH($A19,Quintero!$A$4:$A$107,0)),"") | G19: =IFERROR(IF(INDEX(Partidos!$H$4:$H$107,MATCH($A19,Partidos!$A$4:$A$107,0))<>"Finalizado","",IF(OR(NOT(ISNUMBER($E19)),NOT(ISNUMBER($F19))),"",IF(INDEX(Partidos!$J$4:$J$107,MATCH($A19,Partidos!$A$4:$A$107,0))="Grupos",IF(AND($E19=INDEX(Partidos!$F$4:$F$107,MATCH($A19,Partidos!$A$4:$A$107,0)),$F19=INDEX(Partidos!$G$4:$G$107,MATCH($A19,Partidos!$A$4:$A$107,0))),Puntuacion!$B$4,IF(($E19-$F19)=(INDEX(Partidos!$F$4:$F$107,MATCH($A19,Partidos!$A$4:$A$107,0))-INDEX(Partidos!$G$4:$G$107,MATCH($A19,Partidos!$A$4:$A$107,0))),Puntuacion!$B$5,IF(OR(AND($E19>$F19,INDEX(Partidos!$F$4:$F$107,MATCH($A19,Partidos!$A$4:$A$107,0))>INDEX(Partidos!$G$4:$G$107,MATCH($A19,Partidos!$A$4:$A$107,0))),AND($E19=$F19,INDEX(Partidos!$F$4:$F$107,MATCH($A19,Partidos!$A$4:$A$107,0))=INDEX(Partidos!$G$4:$G$107,MATCH($A19,Partidos!$A$4:$A$107,0))),AND($E19<$F19,INDEX(Partidos!$F$4:$F$107,MATCH($A19,Partidos!$A$4:$A$107,0))<INDEX(Partidos!$G$4:$G$107,MATCH($A19,Partidos!$A$4:$A$107,0)))),Puntuacion!$B$6,0))),IF(AND($E19=INDEX(Partidos!$F$4:$F$107,MATCH($A19,Partidos!$A$4:$A$107,0)),$F19=INDEX(Partidos!$G$4:$G$107,MATCH($A19,Partidos!$A$4:$A$107,0))),Puntuacion!$B$9,IF(($E19-$F19)=(INDEX(Partidos!$F$4:$F$107,MATCH($A19,Partidos!$A$4:$A$107,0))-INDEX(Partidos!$G$4:$G$107,MATCH($A19,Partidos!$A$4:$A$107,0))),Puntuacion!$B$10,IF(AND($H19<>"",$H19=INDEX(Partidos!$K$4:$K$107,MATCH($A19,Partidos!$A$4:$A$107,0))),Puntuacion!$B$11,0)))))),"") | H19: =IFERROR(INDEX(Quintero!H$4:H$107,MATCH($A19,Quintero!$A$4:$A$107,0)),"") | I19: =IFERROR(INDEX(Partidos!$J$4:$J$107,MATCH($A19,Partidos!$A$4:$A$107,0)),"") | J19: =IF(AND(INDEX(Partidos!$J$4:$J$107,MATCH($A19,Partidos!$A$4:$A$107,0))<>"Grupos",INDEX(Partidos!$H$4:$H$107,MATCH($A19,Partidos!$A$4:$A$107,0))="Finalizado",$H19<>"",$H19=INDEX(Partidos!$K$4:$K$107,MATCH($A19,Partidos!$A$4:$A$107,0))),1,0)
A20: 2 | B20: =IFERROR(INDEX(Partidos!$D$4:$D$107,MATCH($A20,Partidos!$A$4:$A$107,0)),"") | C20: =IFERROR(INDEX(Partidos!$E$4:$E$107,MATCH($A20,Partidos!$A$4:$A$107,0)),"") | D20: Nacho | E20: =IFERROR(INDEX(Nacho!F$4:F$107,MATCH($A20,Nacho!$A$4:$A$107,0)),"") | F20: =IFERROR(INDEX(Nacho!G$4:G$107,MATCH($A20,Nacho!$A$4:$A$107,0)),"") | G20: =IFERROR(IF(INDEX(Partidos!$H$4:$H$107,MATCH($A20,Partidos!$A$4:$A$107,0))<>"Finalizado","",IF(OR(NOT(ISNUMBER($E20)),NOT(ISNUMBER($F20))),"",IF(INDEX(Partidos!$J$4:$J$107,MATCH($A20,Partidos!$A$4:$A$107,0))="Grupos",IF(AND($E20=INDEX(Partidos!$F$4:$F$107,MATCH($A20,Partidos!$A$4:$A$107,0)),$F20=INDEX(Partidos!$G$4:$G$107,MATCH($A20,Partidos!$A$4:$A$107,0))),Puntuacion!$B$4,IF(($E20-$F20)=(INDEX(Partidos!$F$4:$F$107,MATCH($A20,Partidos!$A$4:$A$107,0))-INDEX(Partidos!$G$4:$G$107,MATCH($A20,Partidos!$A$4:$A$107,0))),Puntuacion!$B$5,IF(OR(AND($E20>$F20,INDEX(Partidos!$F$4:$F$107,MATCH($A20,Partidos!$A$4:$A$107,0))>INDEX(Partidos!$G$4:$G$107,MATCH($A20,Partidos!$A$4:$A$107,0))),AND($E20=$F20,INDEX(Partidos!$F$4:$F$107,MATCH($A20,Partidos!$A$4:$A$107,0))=INDEX(Partidos!$G$4:$G$107,MATCH($A20,Partidos!$A$4:$A$107,0))),AND($E20<$F20,INDEX(Partidos!$F$4:$F$107,MATCH($A20,Partidos!$A$4:$A$107,0))<INDEX(Partidos!$G$4:$G$107,MATCH($A20,Partidos!$A$4:$A$107,0)))),Puntuacion!$B$6,0))),IF(AND($E20=INDEX(Partidos!$F$4:$F$107,MATCH($A20,Partidos!$A$4:$A$107,0)),$F20=INDEX(Partidos!$G$4:$G$107,MATCH($A20,Partidos!$A$4:$A$107,0))),Puntuacion!$B$9,IF(($E20-$F20)=(INDEX(Partidos!$F$4:$F$107,MATCH($A20,Partidos!$A$4:$A$107,0))-INDEX(Partidos!$G$4:$G$107,MATCH($A20,Partidos!$A$4:$A$107,0))),Puntuacion!$B$10,IF(AND($H20<>"",$H20=INDEX(Partidos!$K$4:$K$107,MATCH($A20,Partidos!$A$4:$A$107,0))),Puntuacion!$B$11,0)))))),"") | H20: =IFERROR(INDEX(Nacho!H$4:H$107,MATCH($A20,Nacho!$A$4:$A$107,0)),"") | I20: =IFERROR(INDEX(Partidos!$J$4:$J$107,MATCH($A20,Partidos!$A$4:$A$107,0)),"") | J20: =IF(AND(INDEX(Partidos!$J$4:$J$107,MATCH($A20,Partidos!$A$4:$A$107,0))<>"Grupos",INDEX(Partidos!$H$4:$H$107,MATCH($A20,Partidos!$A$4:$A$107,0))="Finalizado",$H20<>"",$H20=INDEX(Partidos!$K$4:$K$107,MATCH($A20,Partidos!$A$4:$A$107,0))),1,0)
A21: 2 | B21: =IFERROR(INDEX(Partidos!$D$4:$D$107,MATCH($A21,Partidos!$A$4:$A$107,0)),"") | C21: =IFERROR(INDEX(Partidos!$E$4:$E$107,MATCH($A21,Partidos!$A$4:$A$107,0)),"") | D21: Luis | E21: =IFERROR(INDEX(Luis!F$4:F$107,MATCH($A21,Luis!$A$4:$A$107,0)),"") | F21: =IFERROR(INDEX(Luis!G$4:G$107,MATCH($A21,Luis!$A$4:$A$107,0)),"") | G21: =IFERROR(IF(INDEX(Partidos!$H$4:$H$107,MATCH($A21,Partidos!$A$4:$A$107,0))<>"Finalizado","",IF(OR(NOT(ISNUMBER($E21)),NOT(ISNUMBER($F21))),"",IF(INDEX(Partidos!$J$4:$J$107,MATCH($A21,Partidos!$A$4:$A$107,0))="Grupos",IF(AND($E21=INDEX(Partidos!$F$4:$F$107,MATCH($A21,Partidos!$A$4:$A$107,0)),$F21=INDEX(Partidos!$G$4:$G$107,MATCH($A21,Partidos!$A$4:$A$107,0))),Puntuacion!$B$4,IF(($E21-$F21)=(INDEX(Partidos!$F$4:$F$107,MATCH($A21,Partidos!$A$4:$A$107,0))-INDEX(Partidos!$G$4:$G$107,MATCH($A21,Partidos!$A$4:$A$107,0))),Puntuacion!$B$5,IF(OR(AND($E21>$F21,INDEX(Partidos!$F$4:$F$107,MATCH($A21,Partidos!$A$4:$A$107,0))>INDEX(Partidos!$G$4:$G$107,MATCH($A21,Partidos!$A$4:$A$107,0))),AND($E21=$F21,INDEX(Partidos!$F$4:$F$107,MATCH($A21,Partidos!$A$4:$A$107,0))=INDEX(Partidos!$G$4:$G$107,MATCH($A21,Partidos!$A$4:$A$107,0))),AND($E21<$F21,INDEX(Partidos!$F$4:$F$107,MATCH($A21,Partidos!$A$4:$A$107,0))<INDEX(Partidos!$G$4:$G$107,MATCH($A21,Partidos!$A$4:$A$107,0)))),Puntuacion!$B$6,0))),IF(AND($E21=INDEX(Partidos!$F$4:$F$107,MATCH($A21,Partidos!$A$4:$A$107,0)),$F21=INDEX(Partidos!$G$4:$G$107,MATCH($A21,Partidos!$A$4:$A$107,0))),Puntuacion!$B$9,IF(($E21-$F21)=(INDEX(Partidos!$F$4:$F$107,MATCH($A21,Partidos!$A$4:$A$107,0))-INDEX(Partidos!$G$4:$G$107,MATCH($A21,Partidos!$A$4:$A$107,0))),Puntuacion!$B$10,IF(AND($H21<>"",$H21=INDEX(Partidos!$K$4:$K$107,MATCH($A21,Partidos!$A$4:$A$107,0))),Puntuacion!$B$11,0)))))),"") | H21: =IFERROR(INDEX(Luis!H$4:H$107,MATCH($A21,Luis!$A$4:$A$107,0)),"") | I21: =IFERROR(INDEX(Partidos!$J$4:$J$107,MATCH($A21,Partidos!$A$4:$A$107,0)),"") | J21: =IF(AND(INDEX(Partidos!$J$4:$J$107,MATCH($A21,Partidos!$A$4:$A$107,0))<>"Grupos",INDEX(Partidos!$H$4:$H$107,MATCH($A21,Partidos!$A$4:$A$107,0))="Finalizado",$H21<>"",$H21=INDEX(Partidos!$K$4:$K$107,MATCH($A21,Partidos!$A$4:$A$107,0))),1,0)
A22: 2 | B22: =IFERROR(INDEX(Partidos!$D$4:$D$107,MATCH($A22,Partidos!$A$4:$A$107,0)),"") | C22: =IFERROR(INDEX(Partidos!$E$4:$E$107,MATCH($A22,Partidos!$A$4:$A$107,0)),"") | D22: Felipe | E22: =IFERROR(INDEX(Felipe!F$4:F$107,MATCH($A22,Felipe!$A$4:$A$107,0)),"") | F22: =IFERROR(INDEX(Felipe!G$4:G$107,MATCH($A22,Felipe!$A$4:$A$107,0)),"") | G22: =IFERROR(IF(INDEX(Partidos!$H$4:$H$107,MATCH($A22,Partidos!$A$4:$A$107,0))<>"Finalizado","",IF(OR(NOT(ISNUMBER($E22)),NOT(ISNUMBER($F22))),"",IF(INDEX(Partidos!$J$4:$J$107,MATCH($A22,Partidos!$A$4:$A$107,0))="Grupos",IF(AND($E22=INDEX(Partidos!$F$4:$F$107,MATCH($A22,Partidos!$A$4:$A$107,0)),$F22=INDEX(Partidos!$G$4:$G$107,MATCH($A22,Partidos!$A$4:$A$107,0))),Puntuacion!$B$4,IF(($E22-$F22)=(INDEX(Partidos!$F$4:$F$107,MATCH($A22,Partidos!$A$4:$A$107,0))-INDEX(Partidos!$G$4:$G$107,MATCH($A22,Partidos!$A$4:$A$107,0))),Puntuacion!$B$5,IF(OR(AND($E22>$F22,INDEX(Partidos!$F$4:$F$107,MATCH($A22,Partidos!$A$4:$A$107,0))>INDEX(Partidos!$G$4:$G$107,MATCH($A22,Partidos!$A$4:$A$107,0))),AND($E22=$F22,INDEX(Partidos!$F$4:$F$107,MATCH($A22,Partidos!$A$4:$A$107,0))=INDEX(Partidos!$G$4:$G$107,MATCH($A22,Partidos!$A$4:$A$107,0))),AND($E22<$F22,INDEX(Partidos!$F$4:$F$107,MATCH($A22,Partidos!$A$4:$A$107,0))<INDEX(Partidos!$G$4:$G$107,MATCH($A22,Partidos!$A$4:$A$107,0)))),Puntuacion!$B$6,0))),IF(AND($E22=INDEX(Partidos!$F$4:$F$107,MATCH($A22,Partidos!$A$4:$A$107,0)),$F22=INDEX(Partidos!$G$4:$G$107,MATCH($A22,Partidos!$A$4:$A$107,0))),Puntuacion!$B$9,IF(($E22-$F22)=(INDEX(Partidos!$F$4:$F$107,MATCH($A22,Partidos!$A$4:$A$107,0))-INDEX(Partidos!$G$4:$G$107,MATCH($A22,Partidos!$A$4:$A$107,0))),Puntuacion!$B$10,IF(AND($H22<>"",$H22=INDEX(Partidos!$K$4:$K$107,MATCH($A22,Partidos!$A$4:$A$107,0))),Puntuacion!$B$11,0)))))),"") | H22: =IFERROR(INDEX(Felipe!H$4:H$107,MATCH($A22,Felipe!$A$4:$A$107,0)),"") | I22: =IFERROR(INDEX(Partidos!$J$4:$J$107,MATCH($A22,Partidos!$A$4:$A$107,0)),"") | J22: =IF(AND(INDEX(Partidos!$J$4:$J$107,MATCH($A22,Partidos!$A$4:$A$107,0))<>"Grupos",INDEX(Partidos!$H$4:$H$107,MATCH($A22,Partidos!$A$4:$A$107,0))="Finalizado",$H22<>"",$H22=INDEX(Partidos!$K$4:$K$107,MATCH($A22,Partidos!$A$4:$A$107,0))),1,0)
A23: 2 | B23: =IFERROR(INDEX(Partidos!$D$4:$D$107,MATCH($A23,Partidos!$A$4:$A$107,0)),"") | C23: =IFERROR(INDEX(Partidos!$E$4:$E$107,MATCH($A23,Partidos!$A$4:$A$107,0)),"") | D23: Simón | E23: =IFERROR(INDEX(Simón!F$4:F$107,MATCH($A23,Simón!$A$4:$A$107,0)),"") | F23: =IFERROR(INDEX(Simón!G$4:G$107,MATCH($A23,Simón!$A$4:$A$107,0)),"") | G23: =IFERROR(IF(INDEX(Partidos!$H$4:$H$107,MATCH($A23,Partidos!$A$4:$A$107,0))<>"Finalizado","",IF(OR(NOT(ISNUMBER($E23)),NOT(ISNUMBER($F23))),"",IF(INDEX(Partidos!$J$4:$J$107,MATCH($A23,Partidos!$A$4:$A$107,0))="Grupos",IF(AND($E23=INDEX(Partidos!$F$4:$F$107,MATCH($A23,Partidos!$A$4:$A$107,0)),$F23=INDEX(Partidos!$G$4:$G$107,MATCH($A23,Partidos!$A$4:$A$107,0))),Puntuacion!$B$4,IF(($E23-$F23)=(INDEX(Partidos!$F$4:$F$107,MATCH($A23,Partidos!$A$4:$A$107,0))-INDEX(Partidos!$G$4:$G$107,MATCH($A23,Partidos!$A$4:$A$107,0))),Puntuacion!$B$5,IF(OR(AND($E23>$F23,INDEX(Partidos!$F$4:$F$107,MATCH($A23,Partidos!$A$4:$A$107,0))>INDEX(Partidos!$G$4:$G$107,MATCH($A23,Partidos!$A$4:$A$107,0))),AND($E23=$F23,INDEX(Partidos!$F$4:$F$107,MATCH($A23,Partidos!$A$4:$A$107,0))=INDEX(Partidos!$G$4:$G$107,MATCH($A23,Partidos!$A$4:$A$107,0))),AND($E23<$F23,INDEX(Partidos!$F$4:$F$107,MATCH($A23,Partidos!$A$4:$A$107,0))<INDEX(Partidos!$G$4:$G$107,MATCH($A23,Partidos!$A$4:$A$107,0)))),Puntuacion!$B$6,0))),IF(AND($E23=INDEX(Partidos!$F$4:$F$107,MATCH($A23,Partidos!$A$4:$A$107,0)),$F23=INDEX(Partidos!$G$4:$G$107,MATCH($A23,Partidos!$A$4:$A$107,0))),Puntuacion!$B$9,IF(($E23-$F23)=(INDEX(Partidos!$F$4:$F$107,MATCH($A23,Partidos!$A$4:$A$107,0))-INDEX(Partidos!$G$4:$G$107,MATCH($A23,Partidos!$A$4:$A$107,0))),Puntuacion!$B$10,IF(AND($H23<>"",$H23=INDEX(Partidos!$K$4:$K$107,MATCH($A23,Partidos!$A$4:$A$107,0))),Puntuacion!$B$11,0)))))),"") | H23: =IFERROR(INDEX(Simón!H$4:H$107,MATCH($A23,Simón!$A$4:$A$107,0)),"") | I23: =IFERROR(INDEX(Partidos!$J$4:$J$107,MATCH($A23,Partidos!$A$4:$A$107,0)),"") | J23: =IF(AND(INDEX(Partidos!$J$4:$J$107,MATCH($A23,Partidos!$A$4:$A$107,0))<>"Grupos",INDEX(Partidos!$H$4:$H$107,MATCH($A23,Partidos!$A$4:$A$107,0))="Finalizado",$H23<>"",$H23=INDEX(Partidos!$K$4:$K$107,MATCH($A23,Partidos!$A$4:$A$107,0))),1,0)
A24: 2 | B24: =IFERROR(INDEX(Partidos!$D$4:$D$107,MATCH($A24,Partidos!$A$4:$A$107,0)),"") | C24: =IFERROR(INDEX(Partidos!$E$4:$E$107,MATCH($A24,Partidos!$A$4:$A$107,0)),"") | D24: Muni | E24: =IFERROR(INDEX(Muni!F$4:F$107,MATCH($A24,Muni!$A$4:$A$107,0)),"") | F24: =IFERROR(INDEX(Muni!G$4:G$107,MATCH($A24,Muni!$A$4:$A$107,0)),"") | G24: =IFERROR(IF(INDEX(Partidos!$H$4:$H$107,MATCH($A24,Partidos!$A$4:$A$107,0))<>"Finalizado","",IF(OR(NOT(ISNUMBER($E24)),NOT(ISNUMBER($F24))),"",IF(INDEX(Partidos!$J$4:$J$107,MATCH($A24,Partidos!$A$4:$A$107,0))="Grupos",IF(AND($E24=INDEX(Partidos!$F$4:$F$107,MATCH($A24,Partidos!$A$4:$A$107,0)),$F24=INDEX(Partidos!$G$4:$G$107,MATCH($A24,Partidos!$A$4:$A$107,0))),Puntuacion!$B$4,IF(($E24-$F24)=(INDEX(Partidos!$F$4:$F$107,MATCH($A24,Partidos!$A$4:$A$107,0))-INDEX(Partidos!$G$4:$G$107,MATCH($A24,Partidos!$A$4:$A$107,0))),Puntuacion!$B$5,IF(OR(AND($E24>$F24,INDEX(Partidos!$F$4:$F$107,MATCH($A24,Partidos!$A$4:$A$107,0))>INDEX(Partidos!$G$4:$G$107,MATCH($A24,Partidos!$A$4:$A$107,0))),AND($E24=$F24,INDEX(Partidos!$F$4:$F$107,MATCH($A24,Partidos!$A$4:$A$107,0))=INDEX(Partidos!$G$4:$G$107,MATCH($A24,Partidos!$A$4:$A$107,0))),AND($E24<$F24,INDEX(Partidos!$F$4:$F$107,MATCH($A24,Partidos!$A$4:$A$107,0))<INDEX(Partidos!$G$4:$G$107,MATCH($A24,Partidos!$A$4:$A$107,0)))),Puntuacion!$B$6,0))),IF(AND($E24=INDEX(Partidos!$F$4:$F$107,MATCH($A24,Partidos!$A$4:$A$107,0)),$F24=INDEX(Partidos!$G$4:$G$107,MATCH($A24,Partidos!$A$4:$A$107,0))),Puntuacion!$B$9,IF(($E24-$F24)=(INDEX(Partidos!$F$4:$F$107,MATCH($A24,Partidos!$A$4:$A$107,0))-INDEX(Partidos!$G$4:$G$107,MATCH($A24,Partidos!$A$4:$A$107,0))),Puntuacion!$B$10,IF(AND($H24<>"",$H24=INDEX(Partidos!$K$4:$K$107,MATCH($A24,Partidos!$A$4:$A$107,0))),Puntuacion!$B$11,0)))))),"") | H24: =IFERROR(INDEX(Muni!H$4:H$107,MATCH($A24,Muni!$A$4:$A$107,0)),"") | I24: =IFERROR(INDEX(Partidos!$J$4:$J$107,MATCH($A24,Partidos!$A$4:$A$107,0)),"") | J24: =IF(AND(INDEX(Partidos!$J$4:$J$107,MATCH($A24,Partidos!$A$4:$A$107,0))<>"Grupos",INDEX(Partidos!$H$4:$H$107,MATCH($A24,Partidos!$A$4:$A$107,0))="Finalizado",$H24<>"",$H24=INDEX(Partidos!$K$4:$K$107,MATCH($A24,Partidos!$A$4:$A$107,0))),1,0)
A25: 2 | B25: =IFERROR(INDEX(Partidos!$D$4:$D$107,MATCH($A25,Partidos!$A$4:$A$107,0)),"") | C25: =IFERROR(INDEX(Partidos!$E$4:$E$107,MATCH($A25,Partidos!$A$4:$A$107,0)),"") | D25: Fer | E25: =IFERROR(INDEX(Fer!F$4:F$107,MATCH($A25,Fer!$A$4:$A$107,0)),"") | F25: =IFERROR(INDEX(Fer!G$4:G$107,MATCH($A25,Fer!$A$4:$A$107,0)),"") | G25: =IFERROR(IF(INDEX(Partidos!$H$4:$H$107,MATCH($A25,Partidos!$A$4:$A$107,0))<>"Finalizado","",IF(OR(NOT(ISNUMBER($E25)),NOT(ISNUMBER($F25))),"",IF(INDEX(Partidos!$J$4:$J$107,MATCH($A25,Partidos!$A$4:$A$107,0))="Grupos",IF(AND($E25=INDEX(Partidos!$F$4:$F$107,MATCH($A25,Partidos!$A$4:$A$107,0)),$F25=INDEX(Partidos!$G$4:$G$107,MATCH($A25,Partidos!$A$4:$A$107,0))),Puntuacion!$B$4,IF(($E25-$F25)=(INDEX(Partidos!$F$4:$F$107,MATCH($A25,Partidos!$A$4:$A$107,0))-INDEX(Partidos!$G$4:$G$107,MATCH($A25,Partidos!$A$4:$A$107,0))),Puntuacion!$B$5,IF(OR(AND($E25>$F25,INDEX(Partidos!$F$4:$F$107,MATCH($A25,Partidos!$A$4:$A$107,0))>INDEX(Partidos!$G$4:$G$107,MATCH($A25,Partidos!$A$4:$A$107,0))),AND($E25=$F25,INDEX(Partidos!$F$4:$F$107,MATCH($A25,Partidos!$A$4:$A$107,0))=INDEX(Partidos!$G$4:$G$107,MATCH($A25,Partidos!$A$4:$A$107,0))),AND($E25<$F25,INDEX(Partidos!$F$4:$F$107,MATCH($A25,Partidos!$A$4:$A$107,0))<INDEX(Partidos!$G$4:$G$107,MATCH($A25,Partidos!$A$4:$A$107,0)))),Puntuacion!$B$6,0))),IF(AND($E25=INDEX(Partidos!$F$4:$F$107,MATCH($A25,Partidos!$A$4:$A$107,0)),$F25=INDEX(Partidos!$G$4:$G$107,MATCH($A25,Partidos!$A$4:$A$107,0))),Puntuacion!$B$9,IF(($E25-$F25)=(INDEX(Partidos!$F$4:$F$107,MATCH($A25,Partidos!$A$4:$A$107,0))-INDEX(Partidos!$G$4:$G$107,MATCH($A25,Partidos!$A$4:$A$107,0))),Puntuacion!$B$10,IF(AND($H25<>"",$H25=INDEX(Partidos!$K$4:$K$107,MATCH($A25,Partidos!$A$4:$A$107,0))),Puntuacion!$B$11,0)))))),"") | H25: =IFERROR(INDEX(Fer!H$4:H$107,MATCH($A25,Fer!$A$4:$A$107,0)),"") | I25: =IFERROR(INDEX(Partidos!$J$4:$J$107,MATCH($A25,Partidos!$A$4:$A$107,0)),"") | J25: =IF(AND(INDEX(Partidos!$J$4:$J$107,MATCH($A25,Partidos!$A$4:$A$107,0))<>"Grupos",INDEX(Partidos!$H$4:$H$107,MATCH($A25,Partidos!$A$4:$A$107,0))="Finalizado",$H25<>"",$H25=INDEX(Partidos!$K$4:$K$107,MATCH($A25,Partidos!$A$4:$A$107,0))),1,0)
A26: 3 | B26: =IFERROR(INDEX(Partidos!$D$4:$D$107,MATCH($A26,Partidos!$A$4:$A$107,0)),"") | C26: =IFERROR(INDEX(Partidos!$E$4:$E$107,MATCH($A26,Partidos!$A$4:$A$107,0)),"") | D26: Álvaro | E26: =IFERROR(INDEX(Álvaro!F$4:F$107,MATCH($A26,Álvaro!$A$4:$A$107,0)),"") | F26: =IFERROR(INDEX(Álvaro!G$4:G$107,MATCH($A26,Álvaro!$A$4:$A$107,0)),"") | G26: =IFERROR(IF(INDEX(Partidos!$H$4:$H$107,MATCH($A26,Partidos!$A$4:$A$107,0))<>"Finalizado","",IF(OR(NOT(ISNUMBER($E26)),NOT(ISNUMBER($F26))),"",IF(INDEX(Partidos!$J$4:$J$107,MATCH($A26,Partidos!$A$4:$A$107,0))="Grupos",IF(AND($E26=INDEX(Partidos!$F$4:$F$107,MATCH($A26,Partidos!$A$4:$A$107,0)),$F26=INDEX(Partidos!$G$4:$G$107,MATCH($A26,Partidos!$A$4:$A$107,0))),Puntuacion!$B$4,IF(($E26-$F26)=(INDEX(Partidos!$F$4:$F$107,MATCH($A26,Partidos!$A$4:$A$107,0))-INDEX(Partidos!$G$4:$G$107,MATCH($A26,Partidos!$A$4:$A$107,0))),Puntuacion!$B$5,IF(OR(AND($E26>$F26,INDEX(Partidos!$F$4:$F$107,MATCH($A26,Partidos!$A$4:$A$107,0))>INDEX(Partidos!$G$4:$G$107,MATCH($A26,Partidos!$A$4:$A$107,0))),AND($E26=$F26,INDEX(Partidos!$F$4:$F$107,MATCH($A26,Partidos!$A$4:$A$107,0))=INDEX(Partidos!$G$4:$G$107,MATCH($A26,Partidos!$A$4:$A$107,0))),AND($E26<$F26,INDEX(Partidos!$F$4:$F$107,MATCH($A26,Partidos!$A$4:$A$107,0))<INDEX(Partidos!$G$4:$G$107,MATCH($A26,Partidos!$A$4:$A$107,0)))),Puntuacion!$B$6,0))),IF(AND($E26=INDEX(Partidos!$F$4:$F$107,MATCH($A26,Partidos!$A$4:$A$107,0)),$F26=INDEX(Partidos!$G$4:$G$107,MATCH($A26,Partidos!$A$4:$A$107,0))),Puntuacion!$B$9,IF(($E26-$F26)=(INDEX(Partidos!$F$4:$F$107,MATCH($A26,Partidos!$A$4:$A$107,0))-INDEX(Partidos!$G$4:$G$107,MATCH($A26,Partidos!$A$4:$A$107,0))),Puntuacion!$B$10,IF(AND($H26<>"",$H26=INDEX(Partidos!$K$4:$K$107,MATCH($A26,Partidos!$A$4:$A$107,0))),Puntuacion!$B$11,0)))))),"") | H26: =IFERROR(INDEX(Álvaro!H$4:H$107,MATCH($A26,Álvaro!$A$4:$A$107,0)),"") | I26: =IFERROR(INDEX(Partidos!$J$4:$J$107,MATCH($A26,Partidos!$A$4:$A$107,0)),"") | J26: =IF(AND(INDEX(Partidos!$J$4:$J$107,MATCH($A26,Partidos!$A$4:$A$107,0))<>"Grupos",INDEX(Partidos!$H$4:$H$107,MATCH($A26,Partidos!$A$4:$A$107,0))="Finalizado",$H26<>"",$H26=INDEX(Partidos!$K$4:$K$107,MATCH($A26,Partidos!$A$4:$A$107,0))),1,0)
A27: 3 | B27: =IFERROR(INDEX(Partidos!$D$4:$D$107,MATCH($A27,Partidos!$A$4:$A$107,0)),"") | C27: =IFERROR(INDEX(Partidos!$E$4:$E$107,MATCH($A27,Partidos!$A$4:$A$107,0)),"") | D27: Pepe | E27: =IFERROR(INDEX(Pepe!F$4:F$107,MATCH($A27,Pepe!$A$4:$A$107,0)),"") | F27: =IFERROR(INDEX(Pepe!G$4:G$107,MATCH($A27,Pepe!$A$4:$A$107,0)),"") | G27: =IFERROR(IF(INDEX(Partidos!$H$4:$H$107,MATCH($A27,Partidos!$A$4:$A$107,0))<>"Finalizado","",IF(OR(NOT(ISNUMBER($E27)),NOT(ISNUMBER($F27))),"",IF(INDEX(Partidos!$J$4:$J$107,MATCH($A27,Partidos!$A$4:$A$107,0))="Grupos",IF(AND($E27=INDEX(Partidos!$F$4:$F$107,MATCH($A27,Partidos!$A$4:$A$107,0)),$F27=INDEX(Partidos!$G$4:$G$107,MATCH($A27,Partidos!$A$4:$A$107,0))),Puntuacion!$B$4,IF(($E27-$F27)=(INDEX(Partidos!$F$4:$F$107,MATCH($A27,Partidos!$A$4:$A$107,0))-INDEX(Partidos!$G$4:$G$107,MATCH($A27,Partidos!$A$4:$A$107,0))),Puntuacion!$B$5,IF(OR(AND($E27>$F27,INDEX(Partidos!$F$4:$F$107,MATCH($A27,Partidos!$A$4:$A$107,0))>INDEX(Partidos!$G$4:$G$107,MATCH($A27,Partidos!$A$4:$A$107,0))),AND($E27=$F27,INDEX(Partidos!$F$4:$F$107,MATCH($A27,Partidos!$A$4:$A$107,0))=INDEX(Partidos!$G$4:$G$107,MATCH($A27,Partidos!$A$4:$A$107,0))),AND($E27<$F27,INDEX(Partidos!$F$4:$F$107,MATCH($A27,Partidos!$A$4:$A$107,0))<INDEX(Partidos!$G$4:$G$107,MATCH($A27,Partidos!$A$4:$A$107,0)))),Puntuacion!$B$6,0))),IF(AND($E27=INDEX(Partidos!$F$4:$F$107,MATCH($A27,Partidos!$A$4:$A$107,0)),$F27=INDEX(Partidos!$G$4:$G$107,MATCH($A27,Partidos!$A$4:$A$107,0))),Puntuacion!$B$9,IF(($E27-$F27)=(INDEX(Partidos!$F$4:$F$107,MATCH($A27,Partidos!$A$4:$A$107,0))-INDEX(Partidos!$G$4:$G$107,MATCH($A27,Partidos!$A$4:$A$107,0))),Puntuacion!$B$10,IF(AND($H27<>"",$H27=INDEX(Partidos!$K$4:$K$107,MATCH($A27,Partidos!$A$4:$A$107,0))),Puntuacion!$B$11,0)))))),"") | H27: =IFERROR(INDEX(Pepe!H$4:H$107,MATCH($A27,Pepe!$A$4:$A$107,0)),"") | I27: =IFERROR(INDEX(Partidos!$J$4:$J$107,MATCH($A27,Partidos!$A$4:$A$107,0)),"") | J27: =IF(AND(INDEX(Partidos!$J$4:$J$107,MATCH($A27,Partidos!$A$4:$A$107,0))<>"Grupos",INDEX(Partidos!$H$4:$H$107,MATCH($A27,Partidos!$A$4:$A$107,0))="Finalizado",$H27<>"",$H27=INDEX(Partidos!$K$4:$K$107,MATCH($A27,Partidos!$A$4:$A$107,0))),1,0)
A28: 3 | B28: =IFERROR(INDEX(Partidos!$D$4:$D$107,MATCH($A28,Partidos!$A$4:$A$107,0)),"") | C28: =IFERROR(INDEX(Partidos!$E$4:$E$107,MATCH($A28,Partidos!$A$4:$A$107,0)),"") | D28: Patri | E28: =IFERROR(INDEX(Patri!F$4:F$107,MATCH($A28,Patri!$A$4:$A$107,0)),"") | F28: =IFERROR(INDEX(Patri!G$4:G$107,MATCH($A28,Patri!$A$4:$A$107,0)),"") | G28: =IFERROR(IF(INDEX(Partidos!$H$4:$H$107,MATCH($A28,Partidos!$A$4:$A$107,0))<>"Finalizado","",IF(OR(NOT(ISNUMBER($E28)),NOT(ISNUMBER($F28))),"",IF(INDEX(Partidos!$J$4:$J$107,MATCH($A28,Partidos!$A$4:$A$107,0))="Grupos",IF(AND($E28=INDEX(Partidos!$F$4:$F$107,MATCH($A28,Partidos!$A$4:$A$107,0)),$F28=INDEX(Partidos!$G$4:$G$107,MATCH($A28,Partidos!$A$4:$A$107,0))),Puntuacion!$B$4,IF(($E28-$F28)=(INDEX(Partidos!$F$4:$F$107,MATCH($A28,Partidos!$A$4:$A$107,0))-INDEX(Partidos!$G$4:$G$107,MATCH($A28,Partidos!$A$4:$A$107,0))),Puntuacion!$B$5,IF(OR(AND($E28>$F28,INDEX(Partidos!$F$4:$F$107,MATCH($A28,Partidos!$A$4:$A$107,0))>INDEX(Partidos!$G$4:$G$107,MATCH($A28,Partidos!$A$4:$A$107,0))),AND($E28=$F28,INDEX(Partidos!$F$4:$F$107,MATCH($A28,Partidos!$A$4:$A$107,0))=INDEX(Partidos!$G$4:$G$107,MATCH($A28,Partidos!$A$4:$A$107,0))),AND($E28<$F28,INDEX(Partidos!$F$4:$F$107,MATCH($A28,Partidos!$A$4:$A$107,0))<INDEX(Partidos!$G$4:$G$107,MATCH($A28,Partidos!$A$4:$A$107,0)))),Puntuacion!$B$6,0))),IF(AND($E28=INDEX(Partidos!$F$4:$F$107,MATCH($A28,Partidos!$A$4:$A$107,0)),$F28=INDEX(Partidos!$G$4:$G$107,MATCH($A28,Partidos!$A$4:$A$107,0))),Puntuacion!$B$9,IF(($E28-$F28)=(INDEX(Partidos!$F$4:$F$107,MATCH($A28,Partidos!$A$4:$A$107,0))-INDEX(Partidos!$G$4:$G$107,MATCH($A28,Partidos!$A$4:$A$107,0))),Puntuacion!$B$10,IF(AND($H28<>"",$H28=INDEX(Partidos!$K$4:$K$107,MATCH($A28,Partidos!$A$4:$A$107,0))),Puntuacion!$B$11,0)))))),"") | H28: =IFERROR(INDEX(Patri!H$4:H$107,MATCH($A28,Patri!$A$4:$A$107,0)),"") | I28: =IFERROR(INDEX(Partidos!$J$4:$J$107,MATCH($A28,Partidos!$A$4:$A$107,0)),"") | J28: =IF(AND(INDEX(Partidos!$J$4:$J$107,MATCH($A28,Partidos!$A$4:$A$107,0))<>"Grupos",INDEX(Partidos!$H$4:$H$107,MATCH($A28,Partidos!$A$4:$A$107,0))="Finalizado",$H28<>"",$H28=INDEX(Partidos!$K$4:$K$107,MATCH($A28,Partidos!$A$4:$A$107,0))),1,0)
A29: 3 | B29: =IFERROR(INDEX(Partidos!$D$4:$D$107,MATCH($A29,Partidos!$A$4:$A$107,0)),"") | C29: =IFERROR(INDEX(Partidos!$E$4:$E$107,MATCH($A29,Partidos!$A$4:$A$107,0)),"") | D29: Kike | E29: =IFERROR(INDEX(Kike!F$4:F$107,MATCH($A29,Kike!$A$4:$A$107,0)),"") | F29: =IFERROR(INDEX(Kike!G$4:G$107,MATCH($A29,Kike!$A$4:$A$107,0)),"") | G29: =IFERROR(IF(INDEX(Partidos!$H$4:$H$107,MATCH($A29,Partidos!$A$4:$A$107,0))<>"Finalizado","",IF(OR(NOT(ISNUMBER($E29)),NOT(ISNUMBER($F29))),"",IF(INDEX(Partidos!$J$4:$J$107,MATCH($A29,Partidos!$A$4:$A$107,0))="Grupos",IF(AND($E29=INDEX(Partidos!$F$4:$F$107,MATCH($A29,Partidos!$A$4:$A$107,0)),$F29=INDEX(Partidos!$G$4:$G$107,MATCH($A29,Partidos!$A$4:$A$107,0))),Puntuacion!$B$4,IF(($E29-$F29)=(INDEX(Partidos!$F$4:$F$107,MATCH($A29,Partidos!$A$4:$A$107,0))-INDEX(Partidos!$G$4:$G$107,MATCH($A29,Partidos!$A$4:$A$107,0))),Puntuacion!$B$5,IF(OR(AND($E29>$F29,INDEX(Partidos!$F$4:$F$107,MATCH($A29,Partidos!$A$4:$A$107,0))>INDEX(Partidos!$G$4:$G$107,MATCH($A29,Partidos!$A$4:$A$107,0))),AND($E29=$F29,INDEX(Partidos!$F$4:$F$107,MATCH($A29,Partidos!$A$4:$A$107,0))=INDEX(Partidos!$G$4:$G$107,MATCH($A29,Partidos!$A$4:$A$107,0))),AND($E29<$F29,INDEX(Partidos!$F$4:$F$107,MATCH($A29,Partidos!$A$4:$A$107,0))<INDEX(Partidos!$G$4:$G$107,MATCH($A29,Partidos!$A$4:$A$107,0)))),Puntuacion!$B$6,0))),IF(AND($E29=INDEX(Partidos!$F$4:$F$107,MATCH($A29,Partidos!$A$4:$A$107,0)),$F29=INDEX(Partidos!$G$4:$G$107,MATCH($A29,Partidos!$A$4:$A$107,0))),Puntuacion!$B$9,IF(($E29-$F29)=(INDEX(Partidos!$F$4:$F$107,MATCH($A29,Partidos!$A$4:$A$107,0))-INDEX(Partidos!$G$4:$G$107,MATCH($A29,Partidos!$A$4:$A$107,0))),Puntuacion!$B$10,IF(AND($H29<>"",$H29=INDEX(Partidos!$K$4:$K$107,MATCH($A29,Partidos!$A$4:$A$107,0))),Puntuacion!$B$11,0)))))),"") | H29: =IFERROR(INDEX(Kike!H$4:H$107,MATCH($A29,Kike!$A$4:$A$107,0)),"") | I29: =IFERROR(INDEX(Partidos!$J$4:$J$107,MATCH($A29,Partidos!$A$4:$A$107,0)),"") | J29: =IF(AND(INDEX(Partidos!$J$4:$J$107,MATCH($A29,Partidos!$A$4:$A$107,0))<>"Grupos",INDEX(Partidos!$H$4:$H$107,MATCH($A29,Partidos!$A$4:$A$107,0))="Finalizado",$H29<>"",$H29=INDEX(Partidos!$K$4:$K$107,MATCH($A29,Partidos!$A$4:$A$107,0))),1,0)
A30: 3 | B30: =IFERROR(INDEX(Partidos!$D$4:$D$107,MATCH($A30,Partidos!$A$4:$A$107,0)),"") | C30: =IFERROR(INDEX(Partidos!$E$4:$E$107,MATCH($A30,Partidos!$A$4:$A$107,0)),"") | D30: Quintero | E30: =IFERROR(INDEX(Quintero!F$4:F$107,MATCH($A30,Quintero!$A$4:$A$107,0)),"") | F30: =IFERROR(INDEX(Quintero!G$4:G$107,MATCH($A30,Quintero!$A$4:$A$107,0)),"") | G30: =IFERROR(IF(INDEX(Partidos!$H$4:$H$107,MATCH($A30,Partidos!$A$4:$A$107,0))<>"Finalizado","",IF(OR(NOT(ISNUMBER($E30)),NOT(ISNUMBER($F30))),"",IF(INDEX(Partidos!$J$4:$J$107,MATCH($A30,Partidos!$A$4:$A$107,0))="Grupos",IF(AND($E30=INDEX(Partidos!$F$4:$F$107,MATCH($A30,Partidos!$A$4:$A$107,0)),$F30=INDEX(Partidos!$G$4:$G$107,MATCH($A30,Partidos!$A$4:$A$107,0))),Puntuacion!$B$4,IF(($E30-$F30)=(INDEX(Partidos!$F$4:$F$107,MATCH($A30,Partidos!$A$4:$A$107,0))-INDEX(Partidos!$G$4:$G$107,MATCH($A30,Partidos!$A$4:$A$107,0))),Puntuacion!$B$5,IF(OR(AND($E30>$F30,INDEX(Partidos!$F$4:$F$107,MATCH($A30,Partidos!$A$4:$A$107,0))>INDEX(Partidos!$G$4:$G$107,MATCH($A30,Partidos!$A$4:$A$107,0))),AND($E30=$F30,INDEX(Partidos!$F$4:$F$107,MATCH($A30,Partidos!$A$4:$A$107,0))=INDEX(Partidos!$G$4:$G$107,MATCH($A30,Partidos!$A$4:$A$107,0))),AND($E30<$F30,INDEX(Partidos!$F$4:$F$107,MATCH($A30,Partidos!$A$4:$A$107,0))<INDEX(Partidos!$G$4:$G$107,MATCH($A30,Partidos!$A$4:$A$107,0)))),Puntuacion!$B$6,0))),IF(AND($E30=INDEX(Partidos!$F$4:$F$107,MATCH($A30,Partidos!$A$4:$A$107,0)),$F30=INDEX(Partidos!$G$4:$G$107,MATCH($A30,Partidos!$A$4:$A$107,0))),Puntuacion!$B$9,IF(($E30-$F30)=(INDEX(Partidos!$F$4:$F$107,MATCH($A30,Partidos!$A$4:$A$107,0))-INDEX(Partidos!$G$4:$G$107,MATCH($A30,Partidos!$A$4:$A$107,0))),Puntuacion!$B$10,IF(AND($H30<>"",$H30=INDEX(Partidos!$K$4:$K$107,MATCH($A30,Partidos!$A$4:$A$107,0))),Puntuacion!$B$11,0)))))),"") | H30: =IFERROR(INDEX(Quintero!H$4:H$107,MATCH($A30,Quintero!$A$4:$A$107,0)),"") | I30: =IFERROR(INDEX(Partidos!$J$4:$J$107,MATCH($A30,Partidos!$A$4:$A$107,0)),"") | J30: =IF(AND(INDEX(Partidos!$J$4:$J$107,MATCH($A30,Partidos!$A$4:$A$107,0))<>"Grupos",INDEX(Partidos!$H$4:$H$107,MATCH($A30,Partidos!$A$4:$A$107,0))="Finalizado",$H30<>"",$H30=INDEX(Partidos!$K$4:$K$107,MATCH($A30,Partidos!$A$4:$A$107,0))),1,0)
A31: 3 | B31: =IFERROR(INDEX(Partidos!$D$4:$D$107,MATCH($A31,Partidos!$A$4:$A$107,0)),"") | C31: =IFERROR(INDEX(Partidos!$E$4:$E$107,MATCH($A31,Partidos!$A$4:$A$107,0)),"") | D31: Nacho | E31: =IFERROR(INDEX(Nacho!F$4:F$107,MATCH($A31,Nacho!$A$4:$A$107,0)),"") | F31: =IFERROR(INDEX(Nacho!G$4:G$107,MATCH($A31,Nacho!$A$4:$A$107,0)),"") | G31: =IFERROR(IF(INDEX(Partidos!$H$4:$H$107,MATCH($A31,Partidos!$A$4:$A$107,0))<>"Finalizado","",IF(OR(NOT(ISNUMBER($E31)),NOT(ISNUMBER($F31))),"",IF(INDEX(Partidos!$J$4:$J$107,MATCH($A31,Partidos!$A$4:$A$107,0))="Grupos",IF(AND($E31=INDEX(Partidos!$F$4:$F$107,MATCH($A31,Partidos!$A$4:$A$107,0)),$F31=INDEX(Partidos!$G$4:$G$107,MATCH($A31,Partidos!$A$4:$A$107,0))),Puntuacion!$B$4,IF(($E31-$F31)=(INDEX(Partidos!$F$4:$F$107,MATCH($A31,Partidos!$A$4:$A$107,0))-INDEX(Partidos!$G$4:$G$107,MATCH($A31,Partidos!$A$4:$A$107,0))),Puntuacion!$B$5,IF(OR(AND($E31>$F31,INDEX(Partidos!$F$4:$F$107,MATCH($A31,Partidos!$A$4:$A$107,0))>INDEX(Partidos!$G$4:$G$107,MATCH($A31,Partidos!$A$4:$A$107,0))),AND($E31=$F31,INDEX(Partidos!$F$4:$F$107,MATCH($A31,Partidos!$A$4:$A$107,0))=INDEX(Partidos!$G$4:$G$107,MATCH($A31,Partidos!$A$4:$A$107,0))),AND($E31<$F31,INDEX(Partidos!$F$4:$F$107,MATCH($A31,Partidos!$A$4:$A$107,0))<INDEX(Partidos!$G$4:$G$107,MATCH($A31,Partidos!$A$4:$A$107,0)))),Puntuacion!$B$6,0))),IF(AND($E31=INDEX(Partidos!$F$4:$F$107,MATCH($A31,Partidos!$A$4:$A$107,0)),$F31=INDEX(Partidos!$G$4:$G$107,MATCH($A31,Partidos!$A$4:$A$107,0))),Puntuacion!$B$9,IF(($E31-$F31)=(INDEX(Partidos!$F$4:$F$107,MATCH($A31,Partidos!$A$4:$A$107,0))-INDEX(Partidos!$G$4:$G$107,MATCH($A31,Partidos!$A$4:$A$107,0))),Puntuacion!$B$10,IF(AND($H31<>"",$H31=INDEX(Partidos!$K$4:$K$107,MATCH($A31,Partidos!$A$4:$A$107,0))),Puntuacion!$B$11,0)))))),"") | H31: =IFERROR(INDEX(Nacho!H$4:H$107,MATCH($A31,Nacho!$A$4:$A$107,0)),"") | I31: =IFERROR(INDEX(Partidos!$J$4:$J$107,MATCH($A31,Partidos!$A$4:$A$107,0)),"") | J31: =IF(AND(INDEX(Partidos!$J$4:$J$107,MATCH($A31,Partidos!$A$4:$A$107,0))<>"Grupos",INDEX(Partidos!$H$4:$H$107,MATCH($A31,Partidos!$A$4:$A$107,0))="Finalizado",$H31<>"",$H31=INDEX(Partidos!$K$4:$K$107,MATCH($A31,Partidos!$A$4:$A$107,0))),1,0)
A32: 3 | B32: =IFERROR(INDEX(Partidos!$D$4:$D$107,MATCH($A32,Partidos!$A$4:$A$107,0)),"") | C32: =IFERROR(INDEX(Partidos!$E$4:$E$107,MATCH($A32,Partidos!$A$4:$A$107,0)),"") | D32: Luis | E32: =IFERROR(INDEX(Luis!F$4:F$107,MATCH($A32,Luis!$A$4:$A$107,0)),"") | F32: =IFERROR(INDEX(Luis!G$4:G$107,MATCH($A32,Luis!$A$4:$A$107,0)),"") | G32: =IFERROR(IF(INDEX(Partidos!$H$4:$H$107,MATCH($A32,Partidos!$A$4:$A$107,0))<>"Finalizado","",IF(OR(NOT(ISNUMBER($E32)),NOT(ISNUMBER($F32))),"",IF(INDEX(Partidos!$J$4:$J$107,MATCH($A32,Partidos!$A$4:$A$107,0))="Grupos",IF(AND($E32=INDEX(Partidos!$F$4:$F$107,MATCH($A32,Partidos!$A$4:$A$107,0)),$F32=INDEX(Partidos!$G$4:$G$107,MATCH($A32,Partidos!$A$4:$A$107,0))),Puntuacion!$B$4,IF(($E32-$F32)=(INDEX(Partidos!$F$4:$F$107,MATCH($A32,Partidos!$A$4:$A$107,0))-INDEX(Partidos!$G$4:$G$107,MATCH($A32,Partidos!$A$4:$A$107,0))),Puntuacion!$B$5,IF(OR(AND($E32>$F32,INDEX(Partidos!$F$4:$F$107,MATCH($A32,Partidos!$A$4:$A$107,0))>INDEX(Partidos!$G$4:$G$107,MATCH($A32,Partidos!$A$4:$A$107,0))),AND($E32=$F32,INDEX(Partidos!$F$4:$F$107,MATCH($A32,Partidos!$A$4:$A$107,0))=INDEX(Partidos!$G$4:$G$107,MATCH($A32,Partidos!$A$4:$A$107,0))),AND($E32<$F32,INDEX(Partidos!$F$4:$F$107,MATCH($A32,Partidos!$A$4:$A$107,0))<INDEX(Partidos!$G$4:$G$107,MATCH($A32,Partidos!$A$4:$A$107,0)))),Puntuacion!$B$6,0))),IF(AND($E32=INDEX(Partidos!$F$4:$F$107,MATCH($A32,Partidos!$A$4:$A$107,0)),$F32=INDEX(Partidos!$G$4:$G$107,MATCH($A32,Partidos!$A$4:$A$107,0))),Puntuacion!$B$9,IF(($E32-$F32)=(INDEX(Partidos!$F$4:$F$107,MATCH($A32,Partidos!$A$4:$A$107,0))-INDEX(Partidos!$G$4:$G$107,MATCH($A32,Partidos!$A$4:$A$107,0))),Puntuacion!$B$10,IF(AND($H32<>"",$H32=INDEX(Partidos!$K$4:$K$107,MATCH($A32,Partidos!$A$4:$A$107,0))),Puntuacion!$B$11,0)))))),"") | H32: =IFERROR(INDEX(Luis!H$4:H$107,MATCH($A32,Luis!$A$4:$A$107,0)),"") | I32: =IFERROR(INDEX(Partidos!$J$4:$J$107,MATCH($A32,Partidos!$A$4:$A$107,0)),"") | J32: =IF(AND(INDEX(Partidos!$J$4:$J$107,MATCH($A32,Partidos!$A$4:$A$107,0))<>"Grupos",INDEX(Partidos!$H$4:$H$107,MATCH($A32,Partidos!$A$4:$A$107,0))="Finalizado",$H32<>"",$H32=INDEX(Partidos!$K$4:$K$107,MATCH($A32,Partidos!$A$4:$A$107,0))),1,0)
A33: 3 | B33: =IFERROR(INDEX(Partidos!$D$4:$D$107,MATCH($A33,Partidos!$A$4:$A$107,0)),"") | C33: =IFERROR(INDEX(Partidos!$E$4:$E$107,MATCH($A33,Partidos!$A$4:$A$107,0)),"") | D33: Felipe | E33: =IFERROR(INDEX(Felipe!F$4:F$107,MATCH($A33,Felipe!$A$4:$A$107,0)),"") | F33: =IFERROR(INDEX(Felipe!G$4:G$107,MATCH($A33,Felipe!$A$4:$A$107,0)),"") | G33: =IFERROR(IF(INDEX(Partidos!$H$4:$H$107,MATCH($A33,Partidos!$A$4:$A$107,0))<>"Finalizado","",IF(OR(NOT(ISNUMBER($E33)),NOT(ISNUMBER($F33))),"",IF(INDEX(Partidos!$J$4:$J$107,MATCH($A33,Partidos!$A$4:$A$107,0))="Grupos",IF(AND($E33=INDEX(Partidos!$F$4:$F$107,MATCH($A33,Partidos!$A$4:$A$107,0)),$F33=INDEX(Partidos!$G$4:$G$107,MATCH($A33,Partidos!$A$4:$A$107,0))),Puntuacion!$B$4,IF(($E33-$F33)=(INDEX(Partidos!$F$4:$F$107,MATCH($A33,Partidos!$A$4:$A$107,0))-INDEX(Partidos!$G$4:$G$107,MATCH($A33,Partidos!$A$4:$A$107,0))),Puntuacion!$B$5,IF(OR(AND($E33>$F33,INDEX(Partidos!$F$4:$F$107,MATCH($A33,Partidos!$A$4:$A$107,0))>INDEX(Partidos!$G$4:$G$107,MATCH($A33,Partidos!$A$4:$A$107,0))),AND($E33=$F33,INDEX(Partidos!$F$4:$F$107,MATCH($A33,Partidos!$A$4:$A$107,0))=INDEX(Partidos!$G$4:$G$107,MATCH($A33,Partidos!$A$4:$A$107,0))),AND($E33<$F33,INDEX(Partidos!$F$4:$F$107,MATCH($A33,Partidos!$A$4:$A$107,0))<INDEX(Partidos!$G$4:$G$107,MATCH($A33,Partidos!$A$4:$A$107,0)))),Puntuacion!$B$6,0))),IF(AND($E33=INDEX(Partidos!$F$4:$F$107,MATCH($A33,Partidos!$A$4:$A$107,0)),$F33=INDEX(Partidos!$G$4:$G$107,MATCH($A33,Partidos!$A$4:$A$107,0))),Puntuacion!$B$9,IF(($E33-$F33)=(INDEX(Partidos!$F$4:$F$107,MATCH($A33,Partidos!$A$4:$A$107,0))-INDEX(Partidos!$G$4:$G$107,MATCH($A33,Partidos!$A$4:$A$107,0))),Puntuacion!$B$10,IF(AND($H33<>"",$H33=INDEX(Partidos!$K$4:$K$107,MATCH($A33,Partidos!$A$4:$A$107,0))),Puntuacion!$B$11,0)))))),"") | H33: =IFERROR(INDEX(Felipe!H$4:H$107,MATCH($A33,Felipe!$A$4:$A$107,0)),"") | I33: =IFERROR(INDEX(Partidos!$J$4:$J$107,MATCH($A33,Partidos!$A$4:$A$107,0)),"") | J33: =IF(AND(INDEX(Partidos!$J$4:$J$107,MATCH($A33,Partidos!$A$4:$A$107,0))<>"Grupos",INDEX(Partidos!$H$4:$H$107,MATCH($A33,Partidos!$A$4:$A$107,0))="Finalizado",$H33<>"",$H33=INDEX(Partidos!$K$4:$K$107,MATCH($A33,Partidos!$A$4:$A$107,0))),1,0)
A34: 3 | B34: =IFERROR(INDEX(Partidos!$D$4:$D$107,MATCH($A34,Partidos!$A$4:$A$107,0)),"") | C34: =IFERROR(INDEX(Partidos!$E$4:$E$107,MATCH($A34,Partidos!$A$4:$A$107,0)),"") | D34: Simón | E34: =IFERROR(INDEX(Simón!F$4:F$107,MATCH($A34,Simón!$A$4:$A$107,0)),"") | F34: =IFERROR(INDEX(Simón!G$4:G$107,MATCH($A34,Simón!$A$4:$A$107,0)),"") | G34: =IFERROR(IF(INDEX(Partidos!$H$4:$H$107,MATCH($A34,Partidos!$A$4:$A$107,0))<>"Finalizado","",IF(OR(NOT(ISNUMBER($E34)),NOT(ISNUMBER($F34))),"",IF(INDEX(Partidos!$J$4:$J$107,MATCH($A34,Partidos!$A$4:$A$107,0))="Grupos",IF(AND($E34=INDEX(Partidos!$F$4:$F$107,MATCH($A34,Partidos!$A$4:$A$107,0)),$F34=INDEX(Partidos!$G$4:$G$107,MATCH($A34,Partidos!$A$4:$A$107,0))),Puntuacion!$B$4,IF(($E34-$F34)=(INDEX(Partidos!$F$4:$F$107,MATCH($A34,Partidos!$A$4:$A$107,0))-INDEX(Partidos!$G$4:$G$107,MATCH($A34,Partidos!$A$4:$A$107,0))),Puntuacion!$B$5,IF(OR(AND($E34>$F34,INDEX(Partidos!$F$4:$F$107,MATCH($A34,Partidos!$A$4:$A$107,0))>INDEX(Partidos!$G$4:$G$107,MATCH($A34,Partidos!$A$4:$A$107,0))),AND($E34=$F34,INDEX(Partidos!$F$4:$F$107,MATCH($A34,Partidos!$A$4:$A$107,0))=INDEX(Partidos!$G$4:$G$107,MATCH($A34,Partidos!$A$4:$A$107,0))),AND($E34<$F34,INDEX(Partidos!$F$4:$F$107,MATCH($A34,Partidos!$A$4:$A$107,0))<INDEX(Partidos!$G$4:$G$107,MATCH($A34,Partidos!$A$4:$A$107,0)))),Puntuacion!$B$6,0))),IF(AND($E34=INDEX(Partidos!$F$4:$F$107,MATCH($A34,Partidos!$A$4:$A$107,0)),$F34=INDEX(Partidos!$G$4:$G$107,MATCH($A34,Partidos!$A$4:$A$107,0))),Puntuacion!$B$9,IF(($E34-$F34)=(INDEX(Partidos!$F$4:$F$107,MATCH($A34,Partidos!$A$4:$A$107,0))-INDEX(Partidos!$G$4:$G$107,MATCH($A34,Partidos!$A$4:$A$107,0))),Puntuacion!$B$10,IF(AND($H34<>"",$H34=INDEX(Partidos!$K$4:$K$107,MATCH($A34,Partidos!$A$4:$A$107,0))),Puntuacion!$B$11,0)))))),"") | H34: =IFERROR(INDEX(Simón!H$4:H$107,MATCH($A34,Simón!$A$4:$A$107,0)),"") | I34: =IFERROR(INDEX(Partidos!$J$4:$J$107,MATCH($A34,Partidos!$A$4:$A$107,0)),"") | J34: =IF(AND(INDEX(Partidos!$J$4:$J$107,MATCH($A34,Partidos!$A$4:$A$107,0))<>"Grupos",INDEX(Partidos!$H$4:$H$107,MATCH($A34,Partidos!$A$4:$A$107,0))="Finalizado",$H34<>"",$H34=INDEX(Partidos!$K$4:$K$107,MATCH($A34,Partidos!$A$4:$A$107,0))),1,0)
A35: 3 | B35: =IFERROR(INDEX(Partidos!$D$4:$D$107,MATCH($A35,Partidos!$A$4:$A$107,0)),"") | C35: =IFERROR(INDEX(Partidos!$E$4:$E$107,MATCH($A35,Partidos!$A$4:$A$107,0)),"") | D35: Muni | E35: =IFERROR(INDEX(Muni!F$4:F$107,MATCH($A35,Muni!$A$4:$A$107,0)),"") | F35: =IFERROR(INDEX(Muni!G$4:G$107,MATCH($A35,Muni!$A$4:$A$107,0)),"") | G35: =IFERROR(IF(INDEX(Partidos!$H$4:$H$107,MATCH($A35,Partidos!$A$4:$A$107,0))<>"Finalizado","",IF(OR(NOT(ISNUMBER($E35)),NOT(ISNUMBER($F35))),"",IF(INDEX(Partidos!$J$4:$J$107,MATCH($A35,Partidos!$A$4:$A$107,0))="Grupos",IF(AND($E35=INDEX(Partidos!$F$4:$F$107,MATCH($A35,Partidos!$A$4:$A$107,0)),$F35=INDEX(Partidos!$G$4:$G$107,MATCH($A35,Partidos!$A$4:$A$107,0))),Puntuacion!$B$4,IF(($E35-$F35)=(INDEX(Partidos!$F$4:$F$107,MATCH($A35,Partidos!$A$4:$A$107,0))-INDEX(Partidos!$G$4:$G$107,MATCH($A35,Partidos!$A$4:$A$107,0))),Puntuacion!$B$5,IF(OR(AND($E35>$F35,INDEX(Partidos!$F$4:$F$107,MATCH($A35,Partidos!$A$4:$A$107,0))>INDEX(Partidos!$G$4:$G$107,MATCH($A35,Partidos!$A$4:$A$107,0))),AND($E35=$F35,INDEX(Partidos!$F$4:$F$107,MATCH($A35,Partidos!$A$4:$A$107,0))=INDEX(Partidos!$G$4:$G$107,MATCH($A35,Partidos!$A$4:$A$107,0))),AND($E35<$F35,INDEX(Partidos!$F$4:$F$107,MATCH($A35,Partidos!$A$4:$A$107,0))<INDEX(Partidos!$G$4:$G$107,MATCH($A35,Partidos!$A$4:$A$107,0)))),Puntuacion!$B$6,0))),IF(AND($E35=INDEX(Partidos!$F$4:$F$107,MATCH($A35,Partidos!$A$4:$A$107,0)),$F35=INDEX(Partidos!$G$4:$G$107,MATCH($A35,Partidos!$A$4:$A$107,0))),Puntuacion!$B$9,IF(($E35-$F35)=(INDEX(Partidos!$F$4:$F$107,MATCH($A35,Partidos!$A$4:$A$107,0))-INDEX(Partidos!$G$4:$G$107,MATCH($A35,Partidos!$A$4:$A$107,0))),Puntuacion!$B$10,IF(AND($H35<>"",$H35=INDEX(Partidos!$K$4:$K$107,MATCH($A35,Partidos!$A$4:$A$107,0))),Puntuacion!$B$11,0)))))),"") | H35: =IFERROR(INDEX(Muni!H$4:H$107,MATCH($A35,Muni!$A$4:$A$107,0)),"") | I35: =IFERROR(INDEX(Partidos!$J$4:$J$107,MATCH($A35,Partidos!$A$4:$A$107,0)),"") | J35: =IF(AND(INDEX(Partidos!$J$4:$J$107,MATCH($A35,Partidos!$A$4:$A$107,0))<>"Grupos",INDEX(Partidos!$H$4:$H$107,MATCH($A35,Partidos!$A$4:$A$107,0))="Finalizado",$H35<>"",$H35=INDEX(Partidos!$K$4:$K$107,MATCH($A35,Partidos!$A$4:$A$107,0))),1,0)
A36: 3 | B36: =IFERROR(INDEX(Partidos!$D$4:$D$107,MATCH($A36,Partidos!$A$4:$A$107,0)),"") | C36: =IFERROR(INDEX(Partidos!$E$4:$E$107,MATCH($A36,Partidos!$A$4:$A$107,0)),"") | D36: Fer | E36: =IFERROR(INDEX(Fer!F$4:F$107,MATCH($A36,Fer!$A$4:$A$107,0)),"") | F36: =IFERROR(INDEX(Fer!G$4:G$107,MATCH($A36,Fer!$A$4:$A$107,0)),"") | G36: =IFERROR(IF(INDEX(Partidos!$H$4:$H$107,MATCH($A36,Partidos!$A$4:$A$107,0))<>"Finalizado","",IF(OR(NOT(ISNUMBER($E36)),NOT(ISNUMBER($F36))),"",IF(INDEX(Partidos!$J$4:$J$107,MATCH($A36,Partidos!$A$4:$A$107,0))="Grupos",IF(AND($E36=INDEX(Partidos!$F$4:$F$107,MATCH($A36,Partidos!$A$4:$A$107,0)),$F36=INDEX(Partidos!$G$4:$G$107,MATCH($A36,Partidos!$A$4:$A$107,0))),Puntuacion!$B$4,IF(($E36-$F36)=(INDEX(Partidos!$F$4:$F$107,MATCH($A36,Partidos!$A$4:$A$107,0))-INDEX(Partidos!$G$4:$G$107,MATCH($A36,Partidos!$A$4:$A$107,0))),Puntuacion!$B$5,IF(OR(AND($E36>$F36,INDEX(Partidos!$F$4:$F$107,MATCH($A36,Partidos!$A$4:$A$107,0))>INDEX(Partidos!$G$4:$G$107,MATCH($A36,Partidos!$A$4:$A$107,0))),AND($E36=$F36,INDEX(Partidos!$F$4:$F$107,MATCH($A36,Partidos!$A$4:$A$107,0))=INDEX(Partidos!$G$4:$G$107,MATCH($A36,Partidos!$A$4:$A$107,0))),AND($E36<$F36,INDEX(Partidos!$F$4:$F$107,MATCH($A36,Partidos!$A$4:$A$107,0))<INDEX(Partidos!$G$4:$G$107,MATCH($A36,Partidos!$A$4:$A$107,0)))),Puntuacion!$B$6,0))),IF(AND($E36=INDEX(Partidos!$F$4:$F$107,MATCH($A36,Partidos!$A$4:$A$107,0)),$F36=INDEX(Partidos!$G$4:$G$107,MATCH($A36,Partidos!$A$4:$A$107,0))),Puntuacion!$B$9,IF(($E36-$F36)=(INDEX(Partidos!$F$4:$F$107,MATCH($A36,Partidos!$A$4:$A$107,0))-INDEX(Partidos!$G$4:$G$107,MATCH($A36,Partidos!$A$4:$A$107,0))),Puntuacion!$B$10,IF(AND($H36<>"",$H36=INDEX(Partidos!$K$4:$K$107,MATCH($A36,Partidos!$A$4:$A$107,0))),Puntuacion!$B$11,0)))))),"") | H36: =IFERROR(INDEX(Fer!H$4:H$107,MATCH($A36,Fer!$A$4:$A$107,0)),"") | I36: =IFERROR(INDEX(Partidos!$J$4:$J$107,MATCH($A36,Partidos!$A$4:$A$107,0)),"") | J36: =IF(AND(INDEX(Partidos!$J$4:$J$107,MATCH($A36,Partidos!$A$4:$A$107,0))<>"Grupos",INDEX(Partidos!$H$4:$H$107,MATCH($A36,Partidos!$A$4:$A$107,0))="Finalizado",$H36<>"",$H36=INDEX(Partidos!$K$4:$K$107,MATCH($A36,Partidos!$A$4:$A$107,0))),1,0)
A37: 4 | B37: =IFERROR(INDEX(Partidos!$D$4:$D$107,MATCH($A37,Partidos!$A$4:$A$107,0)),"") | C37: =IFERROR(INDEX(Partidos!$E$4:$E$107,MATCH($A37,Partidos!$A$4:$A$107,0)),"") | D37: Álvaro | E37: =IFERROR(INDEX(Álvaro!F$4:F$107,MATCH($A37,Álvaro!$A$4:$A$107,0)),"") | F37: =IFERROR(INDEX(Álvaro!G$4:G$107,MATCH($A37,Álvaro!$A$4:$A$107,0)),"") | G37: =IFERROR(IF(INDEX(Partidos!$H$4:$H$107,MATCH($A37,Partidos!$A$4:$A$107,0))<>"Finalizado","",IF(OR(NOT(ISNUMBER($E37)),NOT(ISNUMBER($F37))),"",IF(INDEX(Partidos!$J$4:$J$107,MATCH($A37,Partidos!$A$4:$A$107,0))="Grupos",IF(AND($E37=INDEX(Partidos!$F$4:$F$107,MATCH($A37,Partidos!$A$4:$A$107,0)),$F37=INDEX(Partidos!$G$4:$G$107,MATCH($A37,Partidos!$A$4:$A$107,0))),Puntuacion!$B$4,IF(($E37-$F37)=(INDEX(Partidos!$F$4:$F$107,MATCH($A37,Partidos!$A$4:$A$107,0))-INDEX(Partidos!$G$4:$G$107,MATCH($A37,Partidos!$A$4:$A$107,0))),Puntuacion!$B$5,IF(OR(AND($E37>$F37,INDEX(Partidos!$F$4:$F$107,MATCH($A37,Partidos!$A$4:$A$107,0))>INDEX(Partidos!$G$4:$G$107,MATCH($A37,Partidos!$A$4:$A$107,0))),AND($E37=$F37,INDEX(Partidos!$F$4:$F$107,MATCH($A37,Partidos!$A$4:$A$107,0))=INDEX(Partidos!$G$4:$G$107,MATCH($A37,Partidos!$A$4:$A$107,0))),AND($E37<$F37,INDEX(Partidos!$F$4:$F$107,MATCH($A37,Partidos!$A$4:$A$107,0))<INDEX(Partidos!$G$4:$G$107,MATCH($A37,Partidos!$A$4:$A$107,0)))),Puntuacion!$B$6,0))),IF(AND($E37=INDEX(Partidos!$F$4:$F$107,MATCH($A37,Partidos!$A$4:$A$107,0)),$F37=INDEX(Partidos!$G$4:$G$107,MATCH($A37,Partidos!$A$4:$A$107,0))),Puntuacion!$B$9,IF(($E37-$F37)=(INDEX(Partidos!$F$4:$F$107,MATCH($A37,Partidos!$A$4:$A$107,0))-INDEX(Partidos!$G$4:$G$107,MATCH($A37,Partidos!$A$4:$A$107,0))),Puntuacion!$B$10,IF(AND($H37<>"",$H37=INDEX(Partidos!$K$4:$K$107,MATCH($A37,Partidos!$A$4:$A$107,0))),Puntuacion!$B$11,0)))))),"") | H37: =IFERROR(INDEX(Álvaro!H$4:H$107,MATCH($A37,Álvaro!$A$4:$A$107,0)),"") | I37: =IFERROR(INDEX(Partidos!$J$4:$J$107,MATCH($A37,Partidos!$A$4:$A$107,0)),"") | J37: =IF(AND(INDEX(Partidos!$J$4:$J$107,MATCH($A37,Partidos!$A$4:$A$107,0))<>"Grupos",INDEX(Partidos!$H$4:$H$107,MATCH($A37,Partidos!$A$4:$A$107,0))="Finalizado",$H37<>"",$H37=INDEX(Partidos!$K$4:$K$107,MATCH($A37,Partidos!$A$4:$A$107,0))),1,0)
A38: 4 | B38: =IFERROR(INDEX(Partidos!$D$4:$D$107,MATCH($A38,Partidos!$A$4:$A$107,0)),"") | C38: =IFERROR(INDEX(Partidos!$E$4:$E$107,MATCH($A38,Partidos!$A$4:$A$107,0)),"") | D38: Pepe | E38: =IFERROR(INDEX(Pepe!F$4:F$107,MATCH($A38,Pepe!$A$4:$A$107,0)),"") | F38: =IFERROR(INDEX(Pepe!G$4:G$107,MATCH($A38,Pepe!$A$4:$A$107,0)),"") | G38: =IFERROR(IF(INDEX(Partidos!$H$4:$H$107,MATCH($A38,Partidos!$A$4:$A$107,0))<>"Finalizado","",IF(OR(NOT(ISNUMBER($E38)),NOT(ISNUMBER($F38))),"",IF(INDEX(Partidos!$J$4:$J$107,MATCH($A38,Partidos!$A$4:$A$107,0))="Grupos",IF(AND($E38=INDEX(Partidos!$F$4:$F$107,MATCH($A38,Partidos!$A$4:$A$107,0)),$F38=INDEX(Partidos!$G$4:$G$107,MATCH($A38,Partidos!$A$4:$A$107,0))),Puntuacion!$B$4,IF(($E38-$F38)=(INDEX(Partidos!$F$4:$F$107,MATCH($A38,Partidos!$A$4:$A$107,0))-INDEX(Partidos!$G$4:$G$107,MATCH($A38,Partidos!$A$4:$A$107,0))),Puntuacion!$B$5,IF(OR(AND($E38>$F38,INDEX(Partidos!$F$4:$F$107,MATCH($A38,Partidos!$A$4:$A$107,0))>INDEX(Partidos!$G$4:$G$107,MATCH($A38,Partidos!$A$4:$A$107,0))),AND($E38=$F38,INDEX(Partidos!$F$4:$F$107,MATCH($A38,Partidos!$A$4:$A$107,0))=INDEX(Partidos!$G$4:$G$107,MATCH($A38,Partidos!$A$4:$A$107,0))),AND($E38<$F38,INDEX(Partidos!$F$4:$F$107,MATCH($A38,Partidos!$A$4:$A$107,0))<INDEX(Partidos!$G$4:$G$107,MATCH($A38,Partidos!$A$4:$A$107,0)))),Puntuacion!$B$6,0))),IF(AND($E38=INDEX(Partidos!$F$4:$F$107,MATCH($A38,Partidos!$A$4:$A$107,0)),$F38=INDEX(Partidos!$G$4:$G$107,MATCH($A38,Partidos!$A$4:$A$107,0))),Puntuacion!$B$9,IF(($E38-$F38)=(INDEX(Partidos!$F$4:$F$107,MATCH($A38,Partidos!$A$4:$A$107,0))-INDEX(Partidos!$G$4:$G$107,MATCH($A38,Partidos!$A$4:$A$107,0))),Puntuacion!$B$10,IF(AND($H38<>"",$H38=INDEX(Partidos!$K$4:$K$107,MATCH($A38,Partidos!$A$4:$A$107,0))),Puntuacion!$B$11,0)))))),"") | H38: =IFERROR(INDEX(Pepe!H$4:H$107,MATCH($A38,Pepe!$A$4:$A$107,0)),"") | I38: =IFERROR(INDEX(Partidos!$J$4:$J$107,MATCH($A38,Partidos!$A$4:$A$107,0)),"") | J38: =IF(AND(INDEX(Partidos!$J$4:$J$107,MATCH($A38,Partidos!$A$4:$A$107,0))<>"Grupos",INDEX(Partidos!$H$4:$H$107,MATCH($A38,Partidos!$A$4:$A$107,0))="Finalizado",$H38<>"",$H38=INDEX(Partidos!$K$4:$K$107,MATCH($A38,Partidos!$A$4:$A$107,0))),1,0)
A39: 4 | B39: =IFERROR(INDEX(Partidos!$D$4:$D$107,MATCH($A39,Partidos!$A$4:$A$107,0)),"") | C39: =IFERROR(INDEX(Partidos!$E$4:$E$107,MATCH($A39,Partidos!$A$4:$A$107,0)),"") | D39: Patri | E39: =IFERROR(INDEX(Patri!F$4:F$107,MATCH($A39,Patri!$A$4:$A$107,0)),"") | F39: =IFERROR(INDEX(Patri!G$4:G$107,MATCH($A39,Patri!$A$4:$A$107,0)),"") | G39: =IFERROR(IF(INDEX(Partidos!$H$4:$H$107,MATCH($A39,Partidos!$A$4:$A$107,0))<>"Finalizado","",IF(OR(NOT(ISNUMBER($E39)),NOT(ISNUMBER($F39))),"",IF(INDEX(Partidos!$J$4:$J$107,MATCH($A39,Partidos!$A$4:$A$107,0))="Grupos",IF(AND($E39=INDEX(Partidos!$F$4:$F$107,MATCH($A39,Partidos!$A$4:$A$107,0)),$F39=INDEX(Partidos!$G$4:$G$107,MATCH($A39,Partidos!$A$4:$A$107,0))),Puntuacion!$B$4,IF(($E39-$F39)=(INDEX(Partidos!$F$4:$F$107,MATCH($A39,Partidos!$A$4:$A$107,0))-INDEX(Partidos!$G$4:$G$107,MATCH($A39,Partidos!$A$4:$A$107,0))),Puntuacion!$B$5,IF(OR(AND($E39>$F39,INDEX(Partidos!$F$4:$F$107,MATCH($A39,Partidos!$A$4:$A$107,0))>INDEX(Partidos!$G$4:$G$107,MATCH($A39,Partidos!$A$4:$A$107,0))),AND($E39=$F39,INDEX(Partidos!$F$4:$F$107,MATCH($A39,Partidos!$A$4:$A$107,0))=INDEX(Partidos!$G$4:$G$107,MATCH($A39,Partidos!$A$4:$A$107,0))),AND($E39<$F39,INDEX(Partidos!$F$4:$F$107,MATCH($A39,Partidos!$A$4:$A$107,0))<INDEX(Partidos!$G$4:$G$107,MATCH($A39,Partidos!$A$4:$A$107,0)))),Puntuacion!$B$6,0))),IF(AND($E39=INDEX(Partidos!$F$4:$F$107,MATCH($A39,Partidos!$A$4:$A$107,0)),$F39=INDEX(Partidos!$G$4:$G$107,MATCH($A39,Partidos!$A$4:$A$107,0))),Puntuacion!$B$9,IF(($E39-$F39)=(INDEX(Partidos!$F$4:$F$107,MATCH($A39,Partidos!$A$4:$A$107,0))-INDEX(Partidos!$G$4:$G$107,MATCH($A39,Partidos!$A$4:$A$107,0))),Puntuacion!$B$10,IF(AND($H39<>"",$H39=INDEX(Partidos!$K$4:$K$107,MATCH($A39,Partidos!$A$4:$A$107,0))),Puntuacion!$B$11,0)))))),"") | H39: =IFERROR(INDEX(Patri!H$4:H$107,MATCH($A39,Patri!$A$4:$A$107,0)),"") | I39: =IFERROR(INDEX(Partidos!$J$4:$J$107,MATCH($A39,Partidos!$A$4:$A$107,0)),"") | J39: =IF(AND(INDEX(Partidos!$J$4:$J$107,MATCH($A39,Partidos!$A$4:$A$107,0))<>"Grupos",INDEX(Partidos!$H$4:$H$107,MATCH($A39,Partidos!$A$4:$A$107,0))="Finalizado",$H39<>"",$H39=INDEX(Partidos!$K$4:$K$107,MATCH($A39,Partidos!$A$4:$A$107,0))),1,0)
A40: 4 | B40: =IFERROR(INDEX(Partidos!$D$4:$D$107,MATCH($A40,Partidos!$A$4:$A$107,0)),"") | C40: =IFERROR(INDEX(Partidos!$E$4:$E$107,MATCH($A40,Partidos!$A$4:$A$107,0)),"") | D40: Kike | E40: =IFERROR(INDEX(Kike!F$4:F$107,MATCH($A40,Kike!$A$4:$A$107,0)),"") | F40: =IFERROR(INDEX(Kike!G$4:G$107,MATCH($A40,Kike!$A$4:$A$107,0)),"") | G40: =IFERROR(IF(INDEX(Partidos!$H$4:$H$107,MATCH($A40,Partidos!$A$4:$A$107,0))<>"Finalizado","",IF(OR(NOT(ISNUMBER($E40)),NOT(ISNUMBER($F40))),"",IF(INDEX(Partidos!$J$4:$J$107,MATCH($A40,Partidos!$A$4:$A$107,0))="Grupos",IF(AND($E40=INDEX(Partidos!$F$4:$F$107,MATCH($A40,Partidos!$A$4:$A$107,0)),$F40=INDEX(Partidos!$G$4:$G$107,MATCH($A40,Partidos!$A$4:$A$107,0))),Puntuacion!$B$4,IF(($E40-$F40)=(INDEX(Partidos!$F$4:$F$107,MATCH($A40,Partidos!$A$4:$A$107,0))-INDEX(Partidos!$G$4:$G$107,MATCH($A40,Partidos!$A$4:$A$107,0))),Puntuacion!$B$5,IF(OR(AND($E40>$F40,INDEX(Partidos!$F$4:$F$107,MATCH($A40,Partidos!$A$4:$A$107,0))>INDEX(Partidos!$G$4:$G$107,MATCH($A40,Partidos!$A$4:$A$107,0))),AND($E40=$F40,INDEX(Partidos!$F$4:$F$107,MATCH($A40,Partidos!$A$4:$A$107,0))=INDEX(Partidos!$G$4:$G$107,MATCH($A40,Partidos!$A$4:$A$107,0))),AND($E40<$F40,INDEX(Partidos!$F$4:$F$107,MATCH($A40,Partidos!$A$4:$A$107,0))<INDEX(Partidos!$G$4:$G$107,MATCH($A40,Partidos!$A$4:$A$107,0)))),Puntuacion!$B$6,0))),IF(AND($E40=INDEX(Partidos!$F$4:$F$107,MATCH($A40,Partidos!$A$4:$A$107,0)),$F40=INDEX(Partidos!$G$4:$G$107,MATCH($A40,Partidos!$A$4:$A$107,0))),Puntuacion!$B$9,IF(($E40-$F40)=(INDEX(Partidos!$F$4:$F$107,MATCH($A40,Partidos!$A$4:$A$107,0))-INDEX(Partidos!$G$4:$G$107,MATCH($A40,Partidos!$A$4:$A$107,0))),Puntuacion!$B$10,IF(AND($H40<>"",$H40=INDEX(Partidos!$K$4:$K$107,MATCH($A40,Partidos!$A$4:$A$107,0))),Puntuacion!$B$11,0)))))),"") | H40: =IFERROR(INDEX(Kike!H$4:H$107,MATCH($A40,Kike!$A$4:$A$107,0)),"") | I40: =IFERROR(INDEX(Partidos!$J$4:$J$107,MATCH($A40,Partidos!$A$4:$A$107,0)),"") | J40: =IF(AND(INDEX(Partidos!$J$4:$J$107,MATCH($A40,Partidos!$A$4:$A$107,0))<>"Grupos",INDEX(Partidos!$H$4:$H$107,MATCH($A40,Partidos!$A$4:$A$107,0))="Finalizado",$H40<>"",$H40=INDEX(Partidos!$K$4:$K$107,MATCH($A40,Partidos!$A$4:$A$107,0))),1,0)
A41: 4 | B41: =IFERROR(INDEX(Partidos!$D$4:$D$107,MATCH($A41,Partidos!$A$4:$A$107,0)),"") | C41: =IFERROR(INDEX(Partidos!$E$4:$E$107,MATCH($A41,Partidos!$A$4:$A$107,0)),"") | D41: Quintero | E41: =IFERROR(INDEX(Quintero!F$4:F$107,MATCH($A41,Quintero!$A$4:$A$107,0)),"") | F41: =IFERROR(INDEX(Quintero!G$4:G$107,MATCH($A41,Quintero!$A$4:$A$107,0)),"") | G41: =IFERROR(IF(INDEX(Partidos!$H$4:$H$107,MATCH($A41,Partidos!$A$4:$A$107,0))<>"Finalizado","",IF(OR(NOT(ISNUMBER($E41)),NOT(ISNUMBER($F41))),"",IF(INDEX(Partidos!$J$4:$J$107,MATCH($A41,Partidos!$A$4:$A$107,0))="Grupos",IF(AND($E41=INDEX(Partidos!$F$4:$F$107,MATCH($A41,Partidos!$A$4:$A$107,0)),$F41=INDEX(Partidos!$G$4:$G$107,MATCH($A41,Partidos!$A$4:$A$107,0))),Puntuacion!$B$4,IF(($E41-$F41)=(INDEX(Partidos!$F$4:$F$107,MATCH($A41,Partidos!$A$4:$A$107,0))-INDEX(Partidos!$G$4:$G$107,MATCH($A41,Partidos!$A$4:$A$107,0))),Puntuacion!$B$5,IF(OR(AND($E41>$F41,INDEX(Partidos!$F$4:$F$107,MATCH($A41,Partidos!$A$4:$A$107,0))>INDEX(Partidos!$G$4:$G$107,MATCH($A41,Partidos!$A$4:$A$107,0))),AND($E41=$F41,INDEX(Partidos!$F$4:$F$107,MATCH($A41,Partidos!$A$4:$A$107,0))=INDEX(Partidos!$G$4:$G$107,MATCH($A41,Partidos!$A$4:$A$107,0))),AND($E41<$F41,INDEX(Partidos!$F$4:$F$107,MATCH($A41,Partidos!$A$4:$A$107,0))<INDEX(Partidos!$G$4:$G$107,MATCH($A41,Partidos!$A$4:$A$107,0)))),Puntuacion!$B$6,0))),IF(AND($E41=INDEX(Partidos!$F$4:$F$107,MATCH($A41,Partidos!$A$4:$A$107,0)),$F41=INDEX(Partidos!$G$4:$G$107,MATCH($A41,Partidos!$A$4:$A$107,0))),Puntuacion!$B$9,IF(($E41-$F41)=(INDEX(Partidos!$F$4:$F$107,MATCH($A41,Partidos!$A$4:$A$107,0))-INDEX(Partidos!$G$4:$G$107,MATCH($A41,Partidos!$A$4:$A$107,0))),Puntuacion!$B$10,IF(AND($H41<>"",$H41=INDEX(Partidos!$K$4:$K$107,MATCH($A41,Partidos!$A$4:$A$107,0))),Puntuacion!$B$11,0)))))),"") | H41: =IFERROR(INDEX(Quintero!H$4:H$107,MATCH($A41,Quintero!$A$4:$A$107,0)),"") | I41: =IFERROR(INDEX(Partidos!$J$4:$J$107,MATCH($A41,Partidos!$A$4:$A$107,0)),"") | J41: =IF(AND(INDEX(Partidos!$J$4:$J$107,MATCH($A41,Partidos!$A$4:$A$107,0))<>"Grupos",INDEX(Partidos!$H$4:$H$107,MATCH($A41,Partidos!$A$4:$A$107,0))="Finalizado",$H41<>"",$H41=INDEX(Partidos!$K$4:$K$107,MATCH($A41,Partidos!$A$4:$A$107,0))),1,0)
A42: 4 | B42: =IFERROR(INDEX(Partidos!$D$4:$D$107,MATCH($A42,Partidos!$A$4:$A$107,0)),"") | C42: =IFERROR(INDEX(Partidos!$E$4:$E$107,MATCH($A42,Partidos!$A$4:$A$107,0)),"") | D42: Nacho | E42: =IFERROR(INDEX(Nacho!F$4:F$107,MATCH($A42,Nacho!$A$4:$A$107,0)),"") | F42: =IFERROR(INDEX(Nacho!G$4:G$107,MATCH($A42,Nacho!$A$4:$A$107,0)),"") | G42: =IFERROR(IF(INDEX(Partidos!$H$4:$H$107,MATCH($A42,Partidos!$A$4:$A$107,0))<>"Finalizado","",IF(OR(NOT(ISNUMBER($E42)),NOT(ISNUMBER($F42))),"",IF(INDEX(Partidos!$J$4:$J$107,MATCH($A42,Partidos!$A$4:$A$107,0))="Grupos",IF(AND($E42=INDEX(Partidos!$F$4:$F$107,MATCH($A42,Partidos!$A$4:$A$107,0)),$F42=INDEX(Partidos!$G$4:$G$107,MATCH($A42,Partidos!$A$4:$A$107,0))),Puntuacion!$B$4,IF(($E42-$F42)=(INDEX(Partidos!$F$4:$F$107,MATCH($A42,Partidos!$A$4:$A$107,0))-INDEX(Partidos!$G$4:$G$107,MATCH($A42,Partidos!$A$4:$A$107,0))),Puntuacion!$B$5,IF(OR(AND($E42>$F42,INDEX(Partidos!$F$4:$F$107,MATCH($A42,Partidos!$A$4:$A$107,0))>INDEX(Partidos!$G$4:$G$107,MATCH($A42,Partidos!$A$4:$A$107,0))),AND($E42=$F42,INDEX(Partidos!$F$4:$F$107,MATCH($A42,Partidos!$A$4:$A$107,0))=INDEX(Partidos!$G$4:$G$107,MATCH($A42,Partidos!$A$4:$A$107,0))),AND($E42<$F42,INDEX(Partidos!$F$4:$F$107,MATCH($A42,Partidos!$A$4:$A$107,0))<INDEX(Partidos!$G$4:$G$107,MATCH($A42,Partidos!$A$4:$A$107,0)))),Puntuacion!$B$6,0))),IF(AND($E42=INDEX(Partidos!$F$4:$F$107,MATCH($A42,Partidos!$A$4:$A$107,0)),$F42=INDEX(Partidos!$G$4:$G$107,MATCH($A42,Partidos!$A$4:$A$107,0))),Puntuacion!$B$9,IF(($E42-$F42)=(INDEX(Partidos!$F$4:$F$107,MATCH($A42,Partidos!$A$4:$A$107,0))-INDEX(Partidos!$G$4:$G$107,MATCH($A42,Partidos!$A$4:$A$107,0))),Puntuacion!$B$10,IF(AND($H42<>"",$H42=INDEX(Partidos!$K$4:$K$107,MATCH($A42,Partidos!$A$4:$A$107,0))),Puntuacion!$B$11,0)))))),"") | H42: =IFERROR(INDEX(Nacho!H$4:H$107,MATCH($A42,Nacho!$A$4:$A$107,0)),"") | I42: =IFERROR(INDEX(Partidos!$J$4:$J$107,MATCH($A42,Partidos!$A$4:$A$107,0)),"") | J42: =IF(AND(INDEX(Partidos!$J$4:$J$107,MATCH($A42,Partidos!$A$4:$A$107,0))<>"Grupos",INDEX(Partidos!$H$4:$H$107,MATCH($A42,Partidos!$A$4:$A$107,0))="Finalizado",$H42<>"",$H42=INDEX(Partidos!$K$4:$K$107,MATCH($A42,Partidos!$A$4:$A$107,0))),1,0)
A43: 4 | B43: =IFERROR(INDEX(Partidos!$D$4:$D$107,MATCH($A43,Partidos!$A$4:$A$107,0)),"") | C43: =IFERROR(INDEX(Partidos!$E$4:$E$107,MATCH($A43,Partidos!$A$4:$A$107,0)),"") | D43: Luis | E43: =IFERROR(INDEX(Luis!F$4:F$107,MATCH($A43,Luis!$A$4:$A$107,0)),"") | F43: =IFERROR(INDEX(Luis!G$4:G$107,MATCH($A43,Luis!$A$4:$A$107,0)),"") | G43: =IFERROR(IF(INDEX(Partidos!$H$4:$H$107,MATCH($A43,Partidos!$A$4:$A$107,0))<>"Finalizado","",IF(OR(NOT(ISNUMBER($E43)),NOT(ISNUMBER($F43))),"",IF(INDEX(Partidos!$J$4:$J$107,MATCH($A43,Partidos!$A$4:$A$107,0))="Grupos",IF(AND($E43=INDEX(Partidos!$F$4:$F$107,MATCH($A43,Partidos!$A$4:$A$107,0)),$F43=INDEX(Partidos!$G$4:$G$107,MATCH($A43,Partidos!$A$4:$A$107,0))),Puntuacion!$B$4,IF(($E43-$F43)=(INDEX(Partidos!$F$4:$F$107,MATCH($A43,Partidos!$A$4:$A$107,0))-INDEX(Partidos!$G$4:$G$107,MATCH($A43,Partidos!$A$4:$A$107,0))),Puntuacion!$B$5,IF(OR(AND($E43>$F43,INDEX(Partidos!$F$4:$F$107,MATCH($A43,Partidos!$A$4:$A$107,0))>INDEX(Partidos!$G$4:$G$107,MATCH($A43,Partidos!$A$4:$A$107,0))),AND($E43=$F43,INDEX(Partidos!$F$4:$F$107,MATCH($A43,Partidos!$A$4:$A$107,0))=INDEX(Partidos!$G$4:$G$107,MATCH($A43,Partidos!$A$4:$A$107,0))),AND($E43<$F43,INDEX(Partidos!$F$4:$F$107,MATCH($A43,Partidos!$A$4:$A$107,0))<INDEX(Partidos!$G$4:$G$107,MATCH($A43,Partidos!$A$4:$A$107,0)))),Puntuacion!$B$6,0))),IF(AND($E43=INDEX(Partidos!$F$4:$F$107,MATCH($A43,Partidos!$A$4:$A$107,0)),$F43=INDEX(Partidos!$G$4:$G$107,MATCH($A43,Partidos!$A$4:$A$107,0))),Puntuacion!$B$9,IF(($E43-$F43)=(INDEX(Partidos!$F$4:$F$107,MATCH($A43,Partidos!$A$4:$A$107,0))-INDEX(Partidos!$G$4:$G$107,MATCH($A43,Partidos!$A$4:$A$107,0))),Puntuacion!$B$10,IF(AND($H43<>"",$H43=INDEX(Partidos!$K$4:$K$107,MATCH($A43,Partidos!$A$4:$A$107,0))),Puntuacion!$B$11,0)))))),"") | H43: =IFERROR(INDEX(Luis!H$4:H$107,MATCH($A43,Luis!$A$4:$A$107,0)),"") | I43: =IFERROR(INDEX(Partidos!$J$4:$J$107,MATCH($A43,Partidos!$A$4:$A$107,0)),"") | J43: =IF(AND(INDEX(Partidos!$J$4:$J$107,MATCH($A43,Partidos!$A$4:$A$107,0))<>"Grupos",INDEX(Partidos!$H$4:$H$107,MATCH($A43,Partidos!$A$4:$A$107,0))="Finalizado",$H43<>"",$H43=INDEX(Partidos!$K$4:$K$107,MATCH($A43,Partidos!$A$4:$A$107,0))),1,0)
A44: 4 | B44: =IFERROR(INDEX(Partidos!$D$4:$D$107,MATCH($A44,Partidos!$A$4:$A$107,0)),"") | C44: =IFERROR(INDEX(Partidos!$E$4:$E$107,MATCH($A44,Partidos!$A$4:$A$107,0)),"") | D44: Felipe | E44: =IFERROR(INDEX(Felipe!F$4:F$107,MATCH($A44,Felipe!$A$4:$A$107,0)),"") | F44: =IFERROR(INDEX(Felipe!G$4:G$107,MATCH($A44,Felipe!$A$4:$A$107,0)),"") | G44: =IFERROR(IF(INDEX(Partidos!$H$4:$H$107,MATCH($A44,Partidos!$A$4:$A$107,0))<>"Finalizado","",IF(OR(NOT(ISNUMBER($E44)),NOT(ISNUMBER($F44))),"",IF(INDEX(Partidos!$J$4:$J$107,MATCH($A44,Partidos!$A$4:$A$107,0))="Grupos",IF(AND($E44=INDEX(Partidos!$F$4:$F$107,MATCH($A44,Partidos!$A$4:$A$107,0)),$F44=INDEX(Partidos!$G$4:$G$107,MATCH($A44,Partidos!$A$4:$A$107,0))),Puntuacion!$B$4,IF(($E44-$F44)=(INDEX(Partidos!$F$4:$F$107,MATCH($A44,Partidos!$A$4:$A$107,0))-INDEX(Partidos!$G$4:$G$107,MATCH($A44,Partidos!$A$4:$A$107,0))),Puntuacion!$B$5,IF(OR(AND($E44>$F44,INDEX(Partidos!$F$4:$F$107,MATCH($A44,Partidos!$A$4:$A$107,0))>INDEX(Partidos!$G$4:$G$107,MATCH($A44,Partidos!$A$4:$A$107,0))),AND($E44=$F44,INDEX(Partidos!$F$4:$F$107,MATCH($A44,Partidos!$A$4:$A$107,0))=INDEX(Partidos!$G$4:$G$107,MATCH($A44,Partidos!$A$4:$A$107,0))),AND($E44<$F44,INDEX(Partidos!$F$4:$F$107,MATCH($A44,Partidos!$A$4:$A$107,0))<INDEX(Partidos!$G$4:$G$107,MATCH($A44,Partidos!$A$4:$A$107,0)))),Puntuacion!$B$6,0))),IF(AND($E44=INDEX(Partidos!$F$4:$F$107,MATCH($A44,Partidos!$A$4:$A$107,0)),$F44=INDEX(Partidos!$G$4:$G$107,MATCH($A44,Partidos!$A$4:$A$107,0))),Puntuacion!$B$9,IF(($E44-$F44)=(INDEX(Partidos!$F$4:$F$107,MATCH($A44,Partidos!$A$4:$A$107,0))-INDEX(Partidos!$G$4:$G$107,MATCH($A44,Partidos!$A$4:$A$107,0))),Puntuacion!$B$10,IF(AND($H44<>"",$H44=INDEX(Partidos!$K$4:$K$107,MATCH($A44,Partidos!$A$4:$A$107,0))),Puntuacion!$B$11,0)))))),"") | H44: =IFERROR(INDEX(Felipe!H$4:H$107,MATCH($A44,Felipe!$A$4:$A$107,0)),"") | I44: =IFERROR(INDEX(Partidos!$J$4:$J$107,MATCH($A44,Partidos!$A$4:$A$107,0)),"") | J44: =IF(AND(INDEX(Partidos!$J$4:$J$107,MATCH($A44,Partidos!$A$4:$A$107,0))<>"Grupos",INDEX(Partidos!$H$4:$H$107,MATCH($A44,Partidos!$A$4:$A$107,0))="Finalizado",$H44<>"",$H44=INDEX(Partidos!$K$4:$K$107,MATCH($A44,Partidos!$A$4:$A$107,0))),1,0)
A45: 4 | B45: =IFERROR(INDEX(Partidos!$D$4:$D$107,MATCH($A45,Partidos!$A$4:$A$107,0)),"") | C45: =IFERROR(INDEX(Partidos!$E$4:$E$107,MATCH($A45,Partidos!$A$4:$A$107,0)),"") | D45: Simón | E45: =IFERROR(INDEX(Simón!F$4:F$107,MATCH($A45,Simón!$A$4:$A$107,0)),"") | F45: =IFERROR(INDEX(Simón!G$4:G$107,MATCH($A45,Simón!$A$4:$A$107,0)),"") | G45: =IFERROR(IF(INDEX(Partidos!$H$4:$H$107,MATCH($A45,Partidos!$A$4:$A$107,0))<>"Finalizado","",IF(OR(NOT(ISNUMBER($E45)),NOT(ISNUMBER($F45))),"",IF(INDEX(Partidos!$J$4:$J$107,MATCH($A45,Partidos!$A$4:$A$107,0))="Grupos",IF(AND($E45=INDEX(Partidos!$F$4:$F$107,MATCH($A45,Partidos!$A$4:$A$107,0)),$F45=INDEX(Partidos!$G$4:$G$107,MATCH($A45,Partidos!$A$4:$A$107,0))),Puntuacion!$B$4,IF(($E45-$F45)=(INDEX(Partidos!$F$4:$F$107,MATCH($A45,Partidos!$A$4:$A$107,0))-INDEX(Partidos!$G$4:$G$107,MATCH($A45,Partidos!$A$4:$A$107,0))),Puntuacion!$B$5,IF(OR(AND($E45>$F45,INDEX(Partidos!$F$4:$F$107,MATCH($A45,Partidos!$A$4:$A$107,0))>INDEX(Partidos!$G$4:$G$107,MATCH($A45,Partidos!$A$4:$A$107,0))),AND($E45=$F45,INDEX(Partidos!$F$4:$F$107,MATCH($A45,Partidos!$A$4:$A$107,0))=INDEX(Partidos!$G$4:$G$107,MATCH($A45,Partidos!$A$4:$A$107,0))),AND($E45<$F45,INDEX(Partidos!$F$4:$F$107,MATCH($A45,Partidos!$A$4:$A$107,0))<INDEX(Partidos!$G$4:$G$107,MATCH($A45,Partidos!$A$4:$A$107,0)))),Puntuacion!$B$6,0))),IF(AND($E45=INDEX(Partidos!$F$4:$F$107,MATCH($A45,Partidos!$A$4:$A$107,0)),$F45=INDEX(Partidos!$G$4:$G$107,MATCH($A45,Partidos!$A$4:$A$107,0))),Puntuacion!$B$9,IF(($E45-$F45)=(INDEX(Partidos!$F$4:$F$107,MATCH($A45,Partidos!$A$4:$A$107,0))-INDEX(Partidos!$G$4:$G$107,MATCH($A45,Partidos!$A$4:$A$107,0))),Puntuacion!$B$10,IF(AND($H45<>"",$H45=INDEX(Partidos!$K$4:$K$107,MATCH($A45,Partidos!$A$4:$A$107,0))),Puntuacion!$B$11,0)))))),"") | H45: =IFERROR(INDEX(Simón!H$4:H$107,MATCH($A45,Simón!$A$4:$A$107,0)),"") | I45: =IFERROR(INDEX(Partidos!$J$4:$J$107,MATCH($A45,Partidos!$A$4:$A$107,0)),"") | J45: =IF(AND(INDEX(Partidos!$J$4:$J$107,MATCH($A45,Partidos!$A$4:$A$107,0))<>"Grupos",INDEX(Partidos!$H$4:$H$107,MATCH($A45,Partidos!$A$4:$A$107,0))="Finalizado",$H45<>"",$H45=INDEX(Partidos!$K$4:$K$107,MATCH($A45,Partidos!$A$4:$A$107,0))),1,0)
A46: 4 | B46: =IFERROR(INDEX(Partidos!$D$4:$D$107,MATCH($A46,Partidos!$A$4:$A$107,0)),"") | C46: =IFERROR(INDEX(Partidos!$E$4:$E$107,MATCH($A46,Partidos!$A$4:$A$107,0)),"") | D46: Muni | E46: =IFERROR(INDEX(Muni!F$4:F$107,MATCH($A46,Muni!$A$4:$A$107,0)),"") | F46: =IFERROR(INDEX(Muni!G$4:G$107,MATCH($A46,Muni!$A$4:$A$107,0)),"") | G46: =IFERROR(IF(INDEX(Partidos!$H$4:$H$107,MATCH($A46,Partidos!$A$4:$A$107,0))<>"Finalizado","",IF(OR(NOT(ISNUMBER($E46)),NOT(ISNUMBER($F46))),"",IF(INDEX(Partidos!$J$4:$J$107,MATCH($A46,Partidos!$A$4:$A$107,0))="Grupos",IF(AND($E46=INDEX(Partidos!$F$4:$F$107,MATCH($A46,Partidos!$A$4:$A$107,0)),$F46=INDEX(Partidos!$G$4:$G$107,MATCH($A46,Partidos!$A$4:$A$107,0))),Puntuacion!$B$4,IF(($E46-$F46)=(INDEX(Partidos!$F$4:$F$107,MATCH($A46,Partidos!$A$4:$A$107,0))-INDEX(Partidos!$G$4:$G$107,MATCH($A46,Partidos!$A$4:$A$107,0))),Puntuacion!$B$5,IF(OR(AND($E46>$F46,INDEX(Partidos!$F$4:$F$107,MATCH($A46,Partidos!$A$4:$A$107,0))>INDEX(Partidos!$G$4:$G$107,MATCH($A46,Partidos!$A$4:$A$107,0))),AND($E46=$F46,INDEX(Partidos!$F$4:$F$107,MATCH($A46,Partidos!$A$4:$A$107,0))=INDEX(Partidos!$G$4:$G$107,MATCH($A46,Partidos!$A$4:$A$107,0))),AND($E46<$F46,INDEX(Partidos!$F$4:$F$107,MATCH($A46,Partidos!$A$4:$A$107,0))<INDEX(Partidos!$G$4:$G$107,MATCH($A46,Partidos!$A$4:$A$107,0)))),Puntuacion!$B$6,0))),IF(AND($E46=INDEX(Partidos!$F$4:$F$107,MATCH($A46,Partidos!$A$4:$A$107,0)),$F46=INDEX(Partidos!$G$4:$G$107,MATCH($A46,Partidos!$A$4:$A$107,0))),Puntuacion!$B$9,IF(($E46-$F46)=(INDEX(Partidos!$F$4:$F$107,MATCH($A46,Partidos!$A$4:$A$107,0))-INDEX(Partidos!$G$4:$G$107,MATCH($A46,Partidos!$A$4:$A$107,0))),Puntuacion!$B$10,IF(AND($H46<>"",$H46=INDEX(Partidos!$K$4:$K$107,MATCH($A46,Partidos!$A$4:$A$107,0))),Puntuacion!$B$11,0)))))),"") | H46: =IFERROR(INDEX(Muni!H$4:H$107,MATCH($A46,Muni!$A$4:$A$107,0)),"") | I46: =IFERROR(INDEX(Partidos!$J$4:$J$107,MATCH($A46,Partidos!$A$4:$A$107,0)),"") | J46: =IF(AND(INDEX(Partidos!$J$4:$J$107,MATCH($A46,Partidos!$A$4:$A$107,0))<>"Grupos",INDEX(Partidos!$H$4:$H$107,MATCH($A46,Partidos!$A$4:$A$107,0))="Finalizado",$H46<>"",$H46=INDEX(Partidos!$K$4:$K$107,MATCH($A46,Partidos!$A$4:$A$107,0))),1,0)
A47: 4 | B47: =IFERROR(INDEX(Partidos!$D$4:$D$107,MATCH($A47,Partidos!$A$4:$A$107,0)),"") | C47: =IFERROR(INDEX(Partidos!$E$4:$E$107,MATCH($A47,Partidos!$A$4:$A$107,0)),"") | D47: Fer | E47: =IFERROR(INDEX(Fer!F$4:F$107,MATCH($A47,Fer!$A$4:$A$107,0)),"") | F47: =IFERROR(INDEX(Fer!G$4:G$107,MATCH($A47,Fer!$A$4:$A$107,0)),"") | G47: =IFERROR(IF(INDEX(Partidos!$H$4:$H$107,MATCH($A47,Partidos!$A$4:$A$107,0))<>"Finalizado","",IF(OR(NOT(ISNUMBER($E47)),NOT(ISNUMBER($F47))),"",IF(INDEX(Partidos!$J$4:$J$107,MATCH($A47,Partidos!$A$4:$A$107,0))="Grupos",IF(AND($E47=INDEX(Partidos!$F$4:$F$107,MATCH($A47,Partidos!$A$4:$A$107,0)),$F47=INDEX(Partidos!$G$4:$G$107,MATCH($A47,Partidos!$A$4:$A$107,0))),Puntuacion!$B$4,IF(($E47-$F47)=(INDEX(Partidos!$F$4:$F$107,MATCH($A47,Partidos!$A$4:$A$107,0))-INDEX(Partidos!$G$4:$G$107,MATCH($A47,Partidos!$A$4:$A$107,0))),Puntuacion!$B$5,IF(OR(AND($E47>$F47,INDEX(Partidos!$F$4:$F$107,MATCH($A47,Partidos!$A$4:$A$107,0))>INDEX(Partidos!$G$4:$G$107,MATCH($A47,Partidos!$A$4:$A$107,0))),AND($E47=$F47,INDEX(Partidos!$F$4:$F$107,MATCH($A47,Partidos!$A$4:$A$107,0))=INDEX(Partidos!$G$4:$G$107,MATCH($A47,Partidos!$A$4:$A$107,0))),AND($E47<$F47,INDEX(Partidos!$F$4:$F$107,MATCH($A47,Partidos!$A$4:$A$107,0))<INDEX(Partidos!$G$4:$G$107,MATCH($A47,Partidos!$A$4:$A$107,0)))),Puntuacion!$B$6,0))),IF(AND($E47=INDEX(Partidos!$F$4:$F$107,MATCH($A47,Partidos!$A$4:$A$107,0)),$F47=INDEX(Partidos!$G$4:$G$107,MATCH($A47,Partidos!$A$4:$A$107,0))),Puntuacion!$B$9,IF(($E47-$F47)=(INDEX(Partidos!$F$4:$F$107,MATCH($A47,Partidos!$A$4:$A$107,0))-INDEX(Partidos!$G$4:$G$107,MATCH($A47,Partidos!$A$4:$A$107,0))),Puntuacion!$B$10,IF(AND($H47<>"",$H47=INDEX(Partidos!$K$4:$K$107,MATCH($A47,Partidos!$A$4:$A$107,0))),Puntuacion!$B$11,0)))))),"") | H47: =IFERROR(INDEX(Fer!H$4:H$107,MATCH($A47,Fer!$A$4:$A$107,0)),"") | I47: =IFERROR(INDEX(Partidos!$J$4:$J$107,MATCH($A47,Partidos!$A$4:$A$107,0)),"") | J47: =IF(AND(INDEX(Partidos!$J$4:$J$107,MATCH($A47,Partidos!$A$4:$A$107,0))<>"Grupos",INDEX(Partidos!$H$4:$H$107,MATCH($A47,Partidos!$A$4:$A$107,0))="Finalizado",$H47<>"",$H47=INDEX(Partidos!$K$4:$K$107,MATCH($A47,Partidos!$A$4:$A$107,0))),1,0)
A48: 5 | B48: =IFERROR(INDEX(Partidos!$D$4:$D$107,MATCH($A48,Partidos!$A$4:$A$107,0)),"") | C48: =IFERROR(INDEX(Partidos!$E$4:$E$107,MATCH($A48,Partidos!$A$4:$A$107,0)),"") | D48: Álvaro | E48: =IFERROR(INDEX(Álvaro!F$4:F$107,MATCH($A48,Álvaro!$A$4:$A$107,0)),"") | F48: =IFERROR(INDEX(Álvaro!G$4:G$107,MATCH($A48,Álvaro!$A$4:$A$107,0)),"") | G48: =IFERROR(IF(INDEX(Partidos!$H$4:$H$107,MATCH($A48,Partidos!$A$4:$A$107,0))<>"Finalizado","",IF(OR(NOT(ISNUMBER($E48)),NOT(ISNUMBER($F48))),"",IF(INDEX(Partidos!$J$4:$J$107,MATCH($A48,Partidos!$A$4:$A$107,0))="Grupos",IF(AND($E48=INDEX(Partidos!$F$4:$F$107,MATCH($A48,Partidos!$A$4:$A$107,0)),$F48=INDEX(Partidos!$G$4:$G$107,MATCH($A48,Partidos!$A$4:$A$107,0))),Puntuacion!$B$4,IF(($E48-$F48)=(INDEX(Partidos!$F$4:$F$107,MATCH($A48,Partidos!$A$4:$A$107,0))-INDEX(Partidos!$G$4:$G$107,MATCH($A48,Partidos!$A$4:$A$107,0))),Puntuacion!$B$5,IF(OR(AND($E48>$F48,INDEX(Partidos!$F$4:$F$107,MATCH($A48,Partidos!$A$4:$A$107,0))>INDEX(Partidos!$G$4:$G$107,MATCH($A48,Partidos!$A$4:$A$107,0))),AND($E48=$F48,INDEX(Partidos!$F$4:$F$107,MATCH($A48,Partidos!$A$4:$A$107,0))=INDEX(Partidos!$G$4:$G$107,MATCH($A48,Partidos!$A$4:$A$107,0))),AND($E48<$F48,INDEX(Partidos!$F$4:$F$107,MATCH($A48,Partidos!$A$4:$A$107,0))<INDEX(Partidos!$G$4:$G$107,MATCH($A48,Partidos!$A$4:$A$107,0)))),Puntuacion!$B$6,0))),IF(AND($E48=INDEX(Partidos!$F$4:$F$107,MATCH($A48,Partidos!$A$4:$A$107,0)),$F48=INDEX(Partidos!$G$4:$G$107,MATCH($A48,Partidos!$A$4:$A$107,0))),Puntuacion!$B$9,IF(($E48-$F48)=(INDEX(Partidos!$F$4:$F$107,MATCH($A48,Partidos!$A$4:$A$107,0))-INDEX(Partidos!$G$4:$G$107,MATCH($A48,Partidos!$A$4:$A$107,0))),Puntuacion!$B$10,IF(AND($H48<>"",$H48=INDEX(Partidos!$K$4:$K$107,MATCH($A48,Partidos!$A$4:$A$107,0))),Puntuacion!$B$11,0)))))),"") | H48: =IFERROR(INDEX(Álvaro!H$4:H$107,MATCH($A48,Álvaro!$A$4:$A$107,0)),"") | I48: =IFERROR(INDEX(Partidos!$J$4:$J$107,MATCH($A48,Partidos!$A$4:$A$107,0)),"") | J48: =IF(AND(INDEX(Partidos!$J$4:$J$107,MATCH($A48,Partidos!$A$4:$A$107,0))<>"Grupos",INDEX(Partidos!$H$4:$H$107,MATCH($A48,Partidos!$A$4:$A$107,0))="Finalizado",$H48<>"",$H48=INDEX(Partidos!$K$4:$K$107,MATCH($A48,Partidos!$A$4:$A$107,0))),1,0)
A49: 5 | B49: =IFERROR(INDEX(Partidos!$D$4:$D$107,MATCH($A49,Partidos!$A$4:$A$107,0)),"") | C49: =IFERROR(INDEX(Partidos!$E$4:$E$107,MATCH($A49,Partidos!$A$4:$A$107,0)),"") | D49: Pepe | E49: =IFERROR(INDEX(Pepe!F$4:F$107,MATCH($A49,Pepe!$A$4:$A$107,0)),"") | F49: =IFERROR(INDEX(Pepe!G$4:G$107,MATCH($A49,Pepe!$A$4:$A$107,0)),"") | G49: =IFERROR(IF(INDEX(Partidos!$H$4:$H$107,MATCH($A49,Partidos!$A$4:$A$107,0))<>"Finalizado","",IF(OR(NOT(ISNUMBER($E49)),NOT(ISNUMBER($F49))),"",IF(INDEX(Partidos!$J$4:$J$107,MATCH($A49,Partidos!$A$4:$A$107,0))="Grupos",IF(AND($E49=INDEX(Partidos!$F$4:$F$107,MATCH($A49,Partidos!$A$4:$A$107,0)),$F49=INDEX(Partidos!$G$4:$G$107,MATCH($A49,Partidos!$A$4:$A$107,0))),Puntuacion!$B$4,IF(($E49-$F49)=(INDEX(Partidos!$F$4:$F$107,MATCH($A49,Partidos!$A$4:$A$107,0))-INDEX(Partidos!$G$4:$G$107,MATCH($A49,Partidos!$A$4:$A$107,0))),Puntuacion!$B$5,IF(OR(AND($E49>$F49,INDEX(Partidos!$F$4:$F$107,MATCH($A49,Partidos!$A$4:$A$107,0))>INDEX(Partidos!$G$4:$G$107,MATCH($A49,Partidos!$A$4:$A$107,0))),AND($E49=$F49,INDEX(Partidos!$F$4:$F$107,MATCH($A49,Partidos!$A$4:$A$107,0))=INDEX(Partidos!$G$4:$G$107,MATCH($A49,Partidos!$A$4:$A$107,0))),AND($E49<$F49,INDEX(Partidos!$F$4:$F$107,MATCH($A49,Partidos!$A$4:$A$107,0))<INDEX(Partidos!$G$4:$G$107,MATCH($A49,Partidos!$A$4:$A$107,0)))),Puntuacion!$B$6,0))),IF(AND($E49=INDEX(Partidos!$F$4:$F$107,MATCH($A49,Partidos!$A$4:$A$107,0)),$F49=INDEX(Partidos!$G$4:$G$107,MATCH($A49,Partidos!$A$4:$A$107,0))),Puntuacion!$B$9,IF(($E49-$F49)=(INDEX(Partidos!$F$4:$F$107,MATCH($A49,Partidos!$A$4:$A$107,0))-INDEX(Partidos!$G$4:$G$107,MATCH($A49,Partidos!$A$4:$A$107,0))),Puntuacion!$B$10,IF(AND($H49<>"",$H49=INDEX(Partidos!$K$4:$K$107,MATCH($A49,Partidos!$A$4:$A$107,0))),Puntuacion!$B$11,0)))))),"") | H49: =IFERROR(INDEX(Pepe!H$4:H$107,MATCH($A49,Pepe!$A$4:$A$107,0)),"") | I49: =IFERROR(INDEX(Partidos!$J$4:$J$107,MATCH($A49,Partidos!$A$4:$A$107,0)),"") | J49: =IF(AND(INDEX(Partidos!$J$4:$J$107,MATCH($A49,Partidos!$A$4:$A$107,0))<>"Grupos",INDEX(Partidos!$H$4:$H$107,MATCH($A49,Partidos!$A$4:$A$107,0))="Finalizado",$H49<>"",$H49=INDEX(Partidos!$K$4:$K$107,MATCH($A49,Partidos!$A$4:$A$107,0))),1,0)
A50: 5 | B50: =IFERROR(INDEX(Partidos!$D$4:$D$107,MATCH($A50,Partidos!$A$4:$A$107,0)),"") | C50: =IFERROR(INDEX(Partidos!$E$4:$E$107,MATCH($A50,Partidos!$A$4:$A$107,0)),"") | D50: Patri | E50: =IFERROR(INDEX(Patri!F$4:F$107,MATCH($A50,Patri!$A$4:$A$107,0)),"") | F50: =IFERROR(INDEX(Patri!G$4:G$107,MATCH($A50,Patri!$A$4:$A$107,0)),"") | G50: =IFERROR(IF(INDEX(Partidos!$H$4:$H$107,MATCH($A50,Partidos!$A$4:$A$107,0))<>"Finalizado","",IF(OR(NOT(ISNUMBER($E50)),NOT(ISNUMBER($F50))),"",IF(INDEX(Partidos!$J$4:$J$107,MATCH($A50,Partidos!$A$4:$A$107,0))="Grupos",IF(AND($E50=INDEX(Partidos!$F$4:$F$107,MATCH($A50,Partidos!$A$4:$A$107,0)),$F50=INDEX(Partidos!$G$4:$G$107,MATCH($A50,Partidos!$A$4:$A$107,0))),Puntuacion!$B$4,IF(($E50-$F50)=(INDEX(Partidos!$F$4:$F$107,MATCH($A50,Partidos!$A$4:$A$107,0))-INDEX(Partidos!$G$4:$G$107,MATCH($A50,Partidos!$A$4:$A$107,0))),Puntuacion!$B$5,IF(OR(AND($E50>$F50,INDEX(Partidos!$F$4:$F$107,MATCH($A50,Partidos!$A$4:$A$107,0))>INDEX(Partidos!$G$4:$G$107,MATCH($A50,Partidos!$A$4:$A$107,0))),AND($E50=$F50,INDEX(Partidos!$F$4:$F$107,MATCH($A50,Partidos!$A$4:$A$107,0))=INDEX(Partidos!$G$4:$G$107,MATCH($A50,Partidos!$A$4:$A$107,0))),AND($E50<$F50,INDEX(Partidos!$F$4:$F$107,MATCH($A50,Partidos!$A$4:$A$107,0))<INDEX(Partidos!$G$4:$G$107,MATCH($A50,Partidos!$A$4:$A$107,0)))),Puntuacion!$B$6,0))),IF(AND($E50=INDEX(Partidos!$F$4:$F$107,MATCH($A50,Partidos!$A$4:$A$107,0)),$F50=INDEX(Partidos!$G$4:$G$107,MATCH($A50,Partidos!$A$4:$A$107,0))),Puntuacion!$B$9,IF(($E50-$F50)=(INDEX(Partidos!$F$4:$F$107,MATCH($A50,Partidos!$A$4:$A$107,0))-INDEX(Partidos!$G$4:$G$107,MATCH($A50,Partidos!$A$4:$A$107,0))),Puntuacion!$B$10,IF(AND($H50<>"",$H50=INDEX(Partidos!$K$4:$K$107,MATCH($A50,Partidos!$A$4:$A$107,0))),Puntuacion!$B$11,0)))))),"") | H50: =IFERROR(INDEX(Patri!H$4:H$107,MATCH($A50,Patri!$A$4:$A$107,0)),"") | I50: =IFERROR(INDEX(Partidos!$J$4:$J$107,MATCH($A50,Partidos!$A$4:$A$107,0)),"") | J50: =IF(AND(INDEX(Partidos!$J$4:$J$107,MATCH($A50,Partidos!$A$4:$A$107,0))<>"Grupos",INDEX(Partidos!$H$4:$H$107,MATCH($A50,Partidos!$A$4:$A$107,0))="Finalizado",$H50<>"",$H50=INDEX(Partidos!$K$4:$K$107,MATCH($A50,Partidos!$A$4:$A$107,0))),1,0)
A51: 5 | B51: =IFERROR(INDEX(Partidos!$D$4:$D$107,MATCH($A51,Partidos!$A$4:$A$107,0)),"") | C51: =IFERROR(INDEX(Partidos!$E$4:$E$107,MATCH($A51,Partidos!$A$4:$A$107,0)),"") | D51: Kike | E51: =IFERROR(INDEX(Kike!F$4:F$107,MATCH($A51,Kike!$A$4:$A$107,0)),"") | F51: =IFERROR(INDEX(Kike!G$4:G$107,MATCH($A51,Kike!$A$4:$A$107,0)),"") | G51: =IFERROR(IF(INDEX(Partidos!$H$4:$H$107,MATCH($A51,Partidos!$A$4:$A$107,0))<>"Finalizado","",IF(OR(NOT(ISNUMBER($E51)),NOT(ISNUMBER($F51))),"",IF(INDEX(Partidos!$J$4:$J$107,MATCH($A51,Partidos!$A$4:$A$107,0))="Grupos",IF(AND($E51=INDEX(Partidos!$F$4:$F$107,MATCH($A51,Partidos!$A$4:$A$107,0)),$F51=INDEX(Partidos!$G$4:$G$107,MATCH($A51,Partidos!$A$4:$A$107,0))),Puntuacion!$B$4,IF(($E51-$F51)=(INDEX(Partidos!$F$4:$F$107,MATCH($A51,Partidos!$A$4:$A$107,0))-INDEX(Partidos!$G$4:$G$107,MATCH($A51,Partidos!$A$4:$A$107,0))),Puntuacion!$B$5,IF(OR(AND($E51>$F51,INDEX(Partidos!$F$4:$F$107,MATCH($A51,Partidos!$A$4:$A$107,0))>INDEX(Partidos!$G$4:$G$107,MATCH($A51,Partidos!$A$4:$A$107,0))),AND($E51=$F51,INDEX(Partidos!$F$4:$F$107,MATCH($A51,Partidos!$A$4:$A$107,0))=INDEX(Partidos!$G$4:$G$107,MATCH($A51,Partidos!$A$4:$A$107,0))),AND($E51<$F51,INDEX(Partidos!$F$4:$F$107,MATCH($A51,Partidos!$A$4:$A$107,0))<INDEX(Partidos!$G$4:$G$107,MATCH($A51,Partidos!$A$4:$A$107,0)))),Puntuacion!$B$6,0))),IF(AND($E51=INDEX(Partidos!$F$4:$F$107,MATCH($A51,Partidos!$A$4:$A$107,0)),$F51=INDEX(Partidos!$G$4:$G$107,MATCH($A51,Partidos!$A$4:$A$107,0))),Puntuacion!$B$9,IF(($E51-$F51)=(INDEX(Partidos!$F$4:$F$107,MATCH($A51,Partidos!$A$4:$A$107,0))-INDEX(Partidos!$G$4:$G$107,MATCH($A51,Partidos!$A$4:$A$107,0))),Puntuacion!$B$10,IF(AND($H51<>"",$H51=INDEX(Partidos!$K$4:$K$107,MATCH($A51,Partidos!$A$4:$A$107,0))),Puntuacion!$B$11,0)))))),"") | H51: =IFERROR(INDEX(Kike!H$4:H$107,MATCH($A51,Kike!$A$4:$A$107,0)),"") | I51: =IFERROR(INDEX(Partidos!$J$4:$J$107,MATCH($A51,Partidos!$A$4:$A$107,0)),"") | J51: =IF(AND(INDEX(Partidos!$J$4:$J$107,MATCH($A51,Partidos!$A$4:$A$107,0))<>"Grupos",INDEX(Partidos!$H$4:$H$107,MATCH($A51,Partidos!$A$4:$A$107,0))="Finalizado",$H51<>"",$H51=INDEX(Partidos!$K$4:$K$107,MATCH($A51,Partidos!$A$4:$A$107,0))),1,0)
A52: 5 | B52: =IFERROR(INDEX(Partidos!$D$4:$D$107,MATCH($A52,Partidos!$A$4:$A$107,0)),"") | C52: =IFERROR(INDEX(Partidos!$E$4:$E$107,MATCH($A52,Partidos!$A$4:$A$107,0)),"") | D52: Quintero | E52: =IFERROR(INDEX(Quintero!F$4:F$107,MATCH($A52,Quintero!$A$4:$A$107,0)),"") | F52: =IFERROR(INDEX(Quintero!G$4:G$107,MATCH($A52,Quintero!$A$4:$A$107,0)),"") | G52: =IFERROR(IF(INDEX(Partidos!$H$4:$H$107,MATCH($A52,Partidos!$A$4:$A$107,0))<>"Finalizado","",IF(OR(NOT(ISNUMBER($E52)),NOT(ISNUMBER($F52))),"",IF(INDEX(Partidos!$J$4:$J$107,MATCH($A52,Partidos!$A$4:$A$107,0))="Grupos",IF(AND($E52=INDEX(Partidos!$F$4:$F$107,MATCH($A52,Partidos!$A$4:$A$107,0)),$F52=INDEX(Partidos!$G$4:$G$107,MATCH($A52,Partidos!$A$4:$A$107,0))),Puntuacion!$B$4,IF(($E52-$F52)=(INDEX(Partidos!$F$4:$F$107,MATCH($A52,Partidos!$A$4:$A$107,0))-INDEX(Partidos!$G$4:$G$107,MATCH($A52,Partidos!$A$4:$A$107,0))),Puntuacion!$B$5,IF(OR(AND($E52>$F52,INDEX(Partidos!$F$4:$F$107,MATCH($A52,Partidos!$A$4:$A$107,0))>INDEX(Partidos!$G$4:$G$107,MATCH($A52,Partidos!$A$4:$A$107,0))),AND($E52=$F52,INDEX(Partidos!$F$4:$F$107,MATCH($A52,Partidos!$A$4:$A$107,0))=INDEX(Partidos!$G$4:$G$107,MATCH($A52,Partidos!$A$4:$A$107,0))),AND($E52<$F52,INDEX(Partidos!$F$4:$F$107,MATCH($A52,Partidos!$A$4:$A$107,0))<INDEX(Partidos!$G$4:$G$107,MATCH($A52,Partidos!$A$4:$A$107,0)))),Puntuacion!$B$6,0))),IF(AND($E52=INDEX(Partidos!$F$4:$F$107,MATCH($A52,Partidos!$A$4:$A$107,0)),$F52=INDEX(Partidos!$G$4:$G$107,MATCH($A52,Partidos!$A$4:$A$107,0))),Puntuacion!$B$9,IF(($E52-$F52)=(INDEX(Partidos!$F$4:$F$107,MATCH($A52,Partidos!$A$4:$A$107,0))-INDEX(Partidos!$G$4:$G$107,MATCH($A52,Partidos!$A$4:$A$107,0))),Puntuacion!$B$10,IF(AND($H52<>"",$H52=INDEX(Partidos!$K$4:$K$107,MATCH($A52,Partidos!$A$4:$A$107,0))),Puntuacion!$B$11,0)))))),"") | H52: =IFERROR(INDEX(Quintero!H$4:H$107,MATCH($A52,Quintero!$A$4:$A$107,0)),"") | I52: =IFERROR(INDEX(Partidos!$J$4:$J$107,MATCH($A52,Partidos!$A$4:$A$107,0)),"") | J52: =IF(AND(INDEX(Partidos!$J$4:$J$107,MATCH($A52,Partidos!$A$4:$A$107,0))<>"Grupos",INDEX(Partidos!$H$4:$H$107,MATCH($A52,Partidos!$A$4:$A$107,0))="Finalizado",$H52<>"",$H52=INDEX(Partidos!$K$4:$K$107,MATCH($A52,Partidos!$A$4:$A$107,0))),1,0)
A53: 5 | B53: =IFERROR(INDEX(Partidos!$D$4:$D$107,MATCH($A53,Partidos!$A$4:$A$107,0)),"") | C53: =IFERROR(INDEX(Partidos!$E$4:$E$107,MATCH($A53,Partidos!$A$4:$A$107,0)),"") | D53: Nacho | E53: =IFERROR(INDEX(Nacho!F$4:F$107,MATCH($A53,Nacho!$A$4:$A$107,0)),"") | F53: =IFERROR(INDEX(Nacho!G$4:G$107,MATCH($A53,Nacho!$A$4:$A$107,0)),"") | G53: =IFERROR(IF(INDEX(Partidos!$H$4:$H$107,MATCH($A53,Partidos!$A$4:$A$107,0))<>"Finalizado","",IF(OR(NOT(ISNUMBER($E53)),NOT(ISNUMBER($F53))),"",IF(INDEX(Partidos!$J$4:$J$107,MATCH($A53,Partidos!$A$4:$A$107,0))="Grupos",IF(AND($E53=INDEX(Partidos!$F$4:$F$107,MATCH($A53,Partidos!$A$4:$A$107,0)),$F53=INDEX(Partidos!$G$4:$G$107,MATCH($A53,Partidos!$A$4:$A$107,0))),Puntuacion!$B$4,IF(($E53-$F53)=(INDEX(Partidos!$F$4:$F$107,MATCH($A53,Partidos!$A$4:$A$107,0))-INDEX(Partidos!$G$4:$G$107,MATCH($A53,Partidos!$A$4:$A$107,0))),Puntuacion!$B$5,IF(OR(AND($E53>$F53,INDEX(Partidos!$F$4:$F$107,MATCH($A53,Partidos!$A$4:$A$107,0))>INDEX(Partidos!$G$4:$G$107,MATCH($A53,Partidos!$A$4:$A$107,0))),AND($E53=$F53,INDEX(Partidos!$F$4:$F$107,MATCH($A53,Partidos!$A$4:$A$107,0))=INDEX(Partidos!$G$4:$G$107,MATCH($A53,Partidos!$A$4:$A$107,0))),AND($E53<$F53,INDEX(Partidos!$F$4:$F$107,MATCH($A53,Partidos!$A$4:$A$107,0))<INDEX(Partidos!$G$4:$G$107,MATCH($A53,Partidos!$A$4:$A$107,0)))),Puntuacion!$B$6,0))),IF(AND($E53=INDEX(Partidos!$F$4:$F$107,MATCH($A53,Partidos!$A$4:$A$107,0)),$F53=INDEX(Partidos!$G$4:$G$107,MATCH($A53,Partidos!$A$4:$A$107,0))),Puntuacion!$B$9,IF(($E53-$F53)=(INDEX(Partidos!$F$4:$F$107,MATCH($A53,Partidos!$A$4:$A$107,0))-INDEX(Partidos!$G$4:$G$107,MATCH($A53,Partidos!$A$4:$A$107,0))),Puntuacion!$B$10,IF(AND($H53<>"",$H53=INDEX(Partidos!$K$4:$K$107,MATCH($A53,Partidos!$A$4:$A$107,0))),Puntuacion!$B$11,0)))))),"") | H53: =IFERROR(INDEX(Nacho!H$4:H$107,MATCH($A53,Nacho!$A$4:$A$107,0)),"") | I53: =IFERROR(INDEX(Partidos!$J$4:$J$107,MATCH($A53,Partidos!$A$4:$A$107,0)),"") | J53: =IF(AND(INDEX(Partidos!$J$4:$J$107,MATCH($A53,Partidos!$A$4:$A$107,0))<>"Grupos",INDEX(Partidos!$H$4:$H$107,MATCH($A53,Partidos!$A$4:$A$107,0))="Finalizado",$H53<>"",$H53=INDEX(Partidos!$K$4:$K$107,MATCH($A53,Partidos!$A$4:$A$107,0))),1,0)
A54: 5 | B54: =IFERROR(INDEX(Partidos!$D$4:$D$107,MATCH($A54,Partidos!$A$4:$A$107,0)),"") | C54: =IFERROR(INDEX(Partidos!$E$4:$E$107,MATCH($A54,Partidos!$A$4:$A$107,0)),"") | D54: Luis | E54: =IFERROR(INDEX(Luis!F$4:F$107,MATCH($A54,Luis!$A$4:$A$107,0)),"") | F54: =IFERROR(INDEX(Luis!G$4:G$107,MATCH($A54,Luis!$A$4:$A$107,0)),"") | G54: =IFERROR(IF(INDEX(Partidos!$H$4:$H$107,MATCH($A54,Partidos!$A$4:$A$107,0))<>"Finalizado","",IF(OR(NOT(ISNUMBER($E54)),NOT(ISNUMBER($F54))),"",IF(INDEX(Partidos!$J$4:$J$107,MATCH($A54,Partidos!$A$4:$A$107,0))="Grupos",IF(AND($E54=INDEX(Partidos!$F$4:$F$107,MATCH($A54,Partidos!$A$4:$A$107,0)),$F54=INDEX(Partidos!$G$4:$G$107,MATCH($A54,Partidos!$A$4:$A$107,0))),Puntuacion!$B$4,IF(($E54-$F54)=(INDEX(Partidos!$F$4:$F$107,MATCH($A54,Partidos!$A$4:$A$107,0))-INDEX(Partidos!$G$4:$G$107,MATCH($A54,Partidos!$A$4:$A$107,0))),Puntuacion!$B$5,IF(OR(AND($E54>$F54,INDEX(Partidos!$F$4:$F$107,MATCH($A54,Partidos!$A$4:$A$107,0))>INDEX(Partidos!$G$4:$G$107,MATCH($A54,Partidos!$A$4:$A$107,0))),AND($E54=$F54,INDEX(Partidos!$F$4:$F$107,MATCH($A54,Partidos!$A$4:$A$107,0))=INDEX(Partidos!$G$4:$G$107,MATCH($A54,Partidos!$A$4:$A$107,0))),AND($E54<$F54,INDEX(Partidos!$F$4:$F$107,MATCH($A54,Partidos!$A$4:$A$107,0))<INDEX(Partidos!$G$4:$G$107,MATCH($A54,Partidos!$A$4:$A$107,0)))),Puntuacion!$B$6,0))),IF(AND($E54=INDEX(Partidos!$F$4:$F$107,MATCH($A54,Partidos!$A$4:$A$107,0)),$F54=INDEX(Partidos!$G$4:$G$107,MATCH($A54,Partidos!$A$4:$A$107,0))),Puntuacion!$B$9,IF(($E54-$F54)=(INDEX(Partidos!$F$4:$F$107,MATCH($A54,Partidos!$A$4:$A$107,0))-INDEX(Partidos!$G$4:$G$107,MATCH($A54,Partidos!$A$4:$A$107,0))),Puntuacion!$B$10,IF(AND($H54<>"",$H54=INDEX(Partidos!$K$4:$K$107,MATCH($A54,Partidos!$A$4:$A$107,0))),Puntuacion!$B$11,0)))))),"") | H54: =IFERROR(INDEX(Luis!H$4:H$107,MATCH($A54,Luis!$A$4:$A$107,0)),"") | I54: =IFERROR(INDEX(Partidos!$J$4:$J$107,MATCH($A54,Partidos!$A$4:$A$107,0)),"") | J54: =IF(AND(INDEX(Partidos!$J$4:$J$107,MATCH($A54,Partidos!$A$4:$A$107,0))<>"Grupos",INDEX(Partidos!$H$4:$H$107,MATCH($A54,Partidos!$A$4:$A$107,0))="Finalizado",$H54<>"",$H54=INDEX(Partidos!$K$4:$K$107,MATCH($A54,Partidos!$A$4:$A$107,0))),1,0)
A55: 5 | B55: =IFERROR(INDEX(Partidos!$D$4:$D$107,MATCH($A55,Partidos!$A$4:$A$107,0)),"") | C55: =IFERROR(INDEX(Partidos!$E$4:$E$107,MATCH($A55,Partidos!$A$4:$A$107,0)),"") | D55: Felipe | E55: =IFERROR(INDEX(Felipe!F$4:F$107,MATCH($A55,Felipe!$A$4:$A$107,0)),"") | F55: =IFERROR(INDEX(Felipe!G$4:G$107,MATCH($A55,Felipe!$A$4:$A$107,0)),"") | G55: =IFERROR(IF(INDEX(Partidos!$H$4:$H$107,MATCH($A55,Partidos!$A$4:$A$107,0))<>"Finalizado","",IF(OR(NOT(ISNUMBER($E55)),NOT(ISNUMBER($F55))),"",IF(INDEX(Partidos!$J$4:$J$107,MATCH($A55,Partidos!$A$4:$A$107,0))="Grupos",IF(AND($E55=INDEX(Partidos!$F$4:$F$107,MATCH($A55,Partidos!$A$4:$A$107,0)),$F55=INDEX(Partidos!$G$4:$G$107,MATCH($A55,Partidos!$A$4:$A$107,0))),Puntuacion!$B$4,IF(($E55-$F55)=(INDEX(Partidos!$F$4:$F$107,MATCH($A55,Partidos!$A$4:$A$107,0))-INDEX(Partidos!$G$4:$G$107,MATCH($A55,Partidos!$A$4:$A$107,0))),Puntuacion!$B$5,IF(OR(AND($E55>$F55,INDEX(Partidos!$F$4:$F$107,MATCH($A55,Partidos!$A$4:$A$107,0))>INDEX(Partidos!$G$4:$G$107,MATCH($A55,Partidos!$A$4:$A$107,0))),AND($E55=$F55,INDEX(Partidos!$F$4:$F$107,MATCH($A55,Partidos!$A$4:$A$107,0))=INDEX(Partidos!$G$4:$G$107,MATCH($A55,Partidos!$A$4:$A$107,0))),AND($E55<$F55,INDEX(Partidos!$F$4:$F$107,MATCH($A55,Partidos!$A$4:$A$107,0))<INDEX(Partidos!$G$4:$G$107,MATCH($A55,Partidos!$A$4:$A$107,0)))),Puntuacion!$B$6,0))),IF(AND($E55=INDEX(Partidos!$F$4:$F$107,MATCH($A55,Partidos!$A$4:$A$107,0)),$F55=INDEX(Partidos!$G$4:$G$107,MATCH($A55,Partidos!$A$4:$A$107,0))),Puntuacion!$B$9,IF(($E55-$F55)=(INDEX(Partidos!$F$4:$F$107,MATCH($A55,Partidos!$A$4:$A$107,0))-INDEX(Partidos!$G$4:$G$107,MATCH($A55,Partidos!$A$4:$A$107,0))),Puntuacion!$B$10,IF(AND($H55<>"",$H55=INDEX(Partidos!$K$4:$K$107,MATCH($A55,Partidos!$A$4:$A$107,0))),Puntuacion!$B$11,0)))))),"") | H55: =IFERROR(INDEX(Felipe!H$4:H$107,MATCH($A55,Felipe!$A$4:$A$107,0)),"") | I55: =IFERROR(INDEX(Partidos!$J$4:$J$107,MATCH($A55,Partidos!$A$4:$A$107,0)),"") | J55: =IF(AND(INDEX(Partidos!$J$4:$J$107,MATCH($A55,Partidos!$A$4:$A$107,0))<>"Grupos",INDEX(Partidos!$H$4:$H$107,MATCH($A55,Partidos!$A$4:$A$107,0))="Finalizado",$H55<>"",$H55=INDEX(Partidos!$K$4:$K$107,MATCH($A55,Partidos!$A$4:$A$107,0))),1,0)
A56: 5 | B56: =IFERROR(INDEX(Partidos!$D$4:$D$107,MATCH($A56,Partidos!$A$4:$A$107,0)),"") | C56: =IFERROR(INDEX(Partidos!$E$4:$E$107,MATCH($A56,Partidos!$A$4:$A$107,0)),"") | D56: Simón | E56: =IFERROR(INDEX(Simón!F$4:F$107,MATCH($A56,Simón!$A$4:$A$107,0)),"") | F56: =IFERROR(INDEX(Simón!G$4:G$107,MATCH($A56,Simón!$A$4:$A$107,0)),"") | G56: =IFERROR(IF(INDEX(Partidos!$H$4:$H$107,MATCH($A56,Partidos!$A$4:$A$107,0))<>"Finalizado","",IF(OR(NOT(ISNUMBER($E56)),NOT(ISNUMBER($F56))),"",IF(INDEX(Partidos!$J$4:$J$107,MATCH($A56,Partidos!$A$4:$A$107,0))="Grupos",IF(AND($E56=INDEX(Partidos!$F$4:$F$107,MATCH($A56,Partidos!$A$4:$A$107,0)),$F56=INDEX(Partidos!$G$4:$G$107,MATCH($A56,Partidos!$A$4:$A$107,0))),Puntuacion!$B$4,IF(($E56-$F56)=(INDEX(Partidos!$F$4:$F$107,MATCH($A56,Partidos!$A$4:$A$107,0))-INDEX(Partidos!$G$4:$G$107,MATCH($A56,Partidos!$A$4:$A$107,0))),Puntuacion!$B$5,IF(OR(AND($E56>$F56,INDEX(Partidos!$F$4:$F$107,MATCH($A56,Partidos!$A$4:$A$107,0))>INDEX(Partidos!$G$4:$G$107,MATCH($A56,Partidos!$A$4:$A$107,0))),AND($E56=$F56,INDEX(Partidos!$F$4:$F$107,MATCH($A56,Partidos!$A$4:$A$107,0))=INDEX(Partidos!$G$4:$G$107,MATCH($A56,Partidos!$A$4:$A$107,0))),AND($E56<$F56,INDEX(Partidos!$F$4:$F$107,MATCH($A56,Partidos!$A$4:$A$107,0))<INDEX(Partidos!$G$4:$G$107,MATCH($A56,Partidos!$A$4:$A$107,0)))),Puntuacion!$B$6,0))),IF(AND($E56=INDEX(Partidos!$F$4:$F$107,MATCH($A56,Partidos!$A$4:$A$107,0)),$F56=INDEX(Partidos!$G$4:$G$107,MATCH($A56,Partidos!$A$4:$A$107,0))),Puntuacion!$B$9,IF(($E56-$F56)=(INDEX(Partidos!$F$4:$F$107,MATCH($A56,Partidos!$A$4:$A$107,0))-INDEX(Partidos!$G$4:$G$107,MATCH($A56,Partidos!$A$4:$A$107,0))),Puntuacion!$B$10,IF(AND($H56<>"",$H56=INDEX(Partidos!$K$4:$K$107,MATCH($A56,Partidos!$A$4:$A$107,0))),Puntuacion!$B$11,0)))))),"") | H56: =IFERROR(INDEX(Simón!H$4:H$107,MATCH($A56,Simón!$A$4:$A$107,0)),"") | I56: =IFERROR(INDEX(Partidos!$J$4:$J$107,MATCH($A56,Partidos!$A$4:$A$107,0)),"") | J56: =IF(AND(INDEX(Partidos!$J$4:$J$107,MATCH($A56,Partidos!$A$4:$A$107,0))<>"Grupos",INDEX(Partidos!$H$4:$H$107,MATCH($A56,Partidos!$A$4:$A$107,0))="Finalizado",$H56<>"",$H56=INDEX(Partidos!$K$4:$K$107,MATCH($A56,Partidos!$A$4:$A$107,0))),1,0)
A57: 5 | B57: =IFERROR(INDEX(Partidos!$D$4:$D$107,MATCH($A57,Partidos!$A$4:$A$107,0)),"") | C57: =IFERROR(INDEX(Partidos!$E$4:$E$107,MATCH($A57,Partidos!$A$4:$A$107,0)),"") | D57: Muni | E57: =IFERROR(INDEX(Muni!F$4:F$107,MATCH($A57,Muni!$A$4:$A$107,0)),"") | F57: =IFERROR(INDEX(Muni!G$4:G$107,MATCH($A57,Muni!$A$4:$A$107,0)),"") | G57: =IFERROR(IF(INDEX(Partidos!$H$4:$H$107,MATCH($A57,Partidos!$A$4:$A$107,0))<>"Finalizado","",IF(OR(NOT(ISNUMBER($E57)),NOT(ISNUMBER($F57))),"",IF(INDEX(Partidos!$J$4:$J$107,MATCH($A57,Partidos!$A$4:$A$107,0))="Grupos",IF(AND($E57=INDEX(Partidos!$F$4:$F$107,MATCH($A57,Partidos!$A$4:$A$107,0)),$F57=INDEX(Partidos!$G$4:$G$107,MATCH($A57,Partidos!$A$4:$A$107,0))),Puntuacion!$B$4,IF(($E57-$F57)=(INDEX(Partidos!$F$4:$F$107,MATCH($A57,Partidos!$A$4:$A$107,0))-INDEX(Partidos!$G$4:$G$107,MATCH($A57,Partidos!$A$4:$A$107,0))),Puntuacion!$B$5,IF(OR(AND($E57>$F57,INDEX(Partidos!$F$4:$F$107,MATCH($A57,Partidos!$A$4:$A$107,0))>INDEX(Partidos!$G$4:$G$107,MATCH($A57,Partidos!$A$4:$A$107,0))),AND($E57=$F57,INDEX(Partidos!$F$4:$F$107,MATCH($A57,Partidos!$A$4:$A$107,0))=INDEX(Partidos!$G$4:$G$107,MATCH($A57,Partidos!$A$4:$A$107,0))),AND($E57<$F57,INDEX(Partidos!$F$4:$F$107,MATCH($A57,Partidos!$A$4:$A$107,0))<INDEX(Partidos!$G$4:$G$107,MATCH($A57,Partidos!$A$4:$A$107,0)))),Puntuacion!$B$6,0))),IF(AND($E57=INDEX(Partidos!$F$4:$F$107,MATCH($A57,Partidos!$A$4:$A$107,0)),$F57=INDEX(Partidos!$G$4:$G$107,MATCH($A57,Partidos!$A$4:$A$107,0))),Puntuacion!$B$9,IF(($E57-$F57)=(INDEX(Partidos!$F$4:$F$107,MATCH($A57,Partidos!$A$4:$A$107,0))-INDEX(Partidos!$G$4:$G$107,MATCH($A57,Partidos!$A$4:$A$107,0))),Puntuacion!$B$10,IF(AND($H57<>"",$H57=INDEX(Partidos!$K$4:$K$107,MATCH($A57,Partidos!$A$4:$A$107,0))),Puntuacion!$B$11,0)))))),"") | H57: =IFERROR(INDEX(Muni!H$4:H$107,MATCH($A57,Muni!$A$4:$A$107,0)),"") | I57: =IFERROR(INDEX(Partidos!$J$4:$J$107,MATCH($A57,Partidos!$A$4:$A$107,0)),"") | J57: =IF(AND(INDEX(Partidos!$J$4:$J$107,MATCH($A57,Partidos!$A$4:$A$107,0))<>"Grupos",INDEX(Partidos!$H$4:$H$107,MATCH($A57,Partidos!$A$4:$A$107,0))="Finalizado",$H57<>"",$H57=INDEX(Partidos!$K$4:$K$107,MATCH($A57,Partidos!$A$4:$A$107,0))),1,0)
A58: 5 | B58: =IFERROR(INDEX(Partidos!$D$4:$D$107,MATCH($A58,Partidos!$A$4:$A$107,0)),"") | C58: =IFERROR(INDEX(Partidos!$E$4:$E$107,MATCH($A58,Partidos!$A$4:$A$107,0)),"") | D58: Fer | E58: =IFERROR(INDEX(Fer!F$4:F$107,MATCH($A58,Fer!$A$4:$A$107,0)),"") | F58: =IFERROR(INDEX(Fer!G$4:G$107,MATCH($A58,Fer!$A$4:$A$107,0)),"") | G58: =IFERROR(IF(INDEX(Partidos!$H$4:$H$107,MATCH($A58,Partidos!$A$4:$A$107,0))<>"Finalizado","",IF(OR(NOT(ISNUMBER($E58)),NOT(ISNUMBER($F58))),"",IF(INDEX(Partidos!$J$4:$J$107,MATCH($A58,Partidos!$A$4:$A$107,0))="Grupos",IF(AND($E58=INDEX(Partidos!$F$4:$F$107,MATCH($A58,Partidos!$A$4:$A$107,0)),$F58=INDEX(Partidos!$G$4:$G$107,MATCH($A58,Partidos!$A$4:$A$107,0))),Puntuacion!$B$4,IF(($E58-$F58)=(INDEX(Partidos!$F$4:$F$107,MATCH($A58,Partidos!$A$4:$A$107,0))-INDEX(Partidos!$G$4:$G$107,MATCH($A58,Partidos!$A$4:$A$107,0))),Puntuacion!$B$5,IF(OR(AND($E58>$F58,INDEX(Partidos!$F$4:$F$107,MATCH($A58,Partidos!$A$4:$A$107,0))>INDEX(Partidos!$G$4:$G$107,MATCH($A58,Partidos!$A$4:$A$107,0))),AND($E58=$F58,INDEX(Partidos!$F$4:$F$107,MATCH($A58,Partidos!$A$4:$A$107,0))=INDEX(Partidos!$G$4:$G$107,MATCH($A58,Partidos!$A$4:$A$107,0))),AND($E58<$F58,INDEX(Partidos!$F$4:$F$107,MATCH($A58,Partidos!$A$4:$A$107,0))<INDEX(Partidos!$G$4:$G$107,MATCH($A58,Partidos!$A$4:$A$107,0)))),Puntuacion!$B$6,0))),IF(AND($E58=INDEX(Partidos!$F$4:$F$107,MATCH($A58,Partidos!$A$4:$A$107,0)),$F58=INDEX(Partidos!$G$4:$G$107,MATCH($A58,Partidos!$A$4:$A$107,0))),Puntuacion!$B$9,IF(($E58-$F58)=(INDEX(Partidos!$F$4:$F$107,MATCH($A58,Partidos!$A$4:$A$107,0))-INDEX(Partidos!$G$4:$G$107,MATCH($A58,Partidos!$A$4:$A$107,0))),Puntuacion!$B$10,IF(AND($H58<>"",$H58=INDEX(Partidos!$K$4:$K$107,MATCH($A58,Partidos!$A$4:$A$107,0))),Puntuacion!$B$11,0)))))),"") | H58: =IFERROR(INDEX(Fer!H$4:H$107,MATCH($A58,Fer!$A$4:$A$107,0)),"") | I58: =IFERROR(INDEX(Partidos!$J$4:$J$107,MATCH($A58,Partidos!$A$4:$A$107,0)),"") | J58: =IF(AND(INDEX(Partidos!$J$4:$J$107,MATCH($A58,Partidos!$A$4:$A$107,0))<>"Grupos",INDEX(Partidos!$H$4:$H$107,MATCH($A58,Partidos!$A$4:$A$107,0))="Finalizado",$H58<>"",$H58=INDEX(Partidos!$K$4:$K$107,MATCH($A58,Partidos!$A$4:$A$107,0))),1,0)
A59: 6 | B59: =IFERROR(INDEX(Partidos!$D$4:$D$107,MATCH($A59,Partidos!$A$4:$A$107,0)),"") | C59: =IFERROR(INDEX(Partidos!$E$4:$E$107,MATCH($A59,Partidos!$A$4:$A$107,0)),"") | D59: Álvaro | E59: =IFERROR(INDEX(Álvaro!F$4:F$107,MATCH($A59,Álvaro!$A$4:$A$107,0)),"") | F59: =IFERROR(INDEX(Álvaro!G$4:G$107,MATCH($A59,Álvaro!$A$4:$A$107,0)),"") | G59: =IFERROR(IF(INDEX(Partidos!$H$4:$H$107,MATCH($A59,Partidos!$A$4:$A$107,0))<>"Finalizado","",IF(OR(NOT(ISNUMBER($E59)),NOT(ISNUMBER($F59))),"",IF(INDEX(Partidos!$J$4:$J$107,MATCH($A59,Partidos!$A$4:$A$107,0))="Grupos",IF(AND($E59=INDEX(Partidos!$F$4:$F$107,MATCH($A59,Partidos!$A$4:$A$107,0)),$F59=INDEX(Partidos!$G$4:$G$107,MATCH($A59,Partidos!$A$4:$A$107,0))),Puntuacion!$B$4,IF(($E59-$F59)=(INDEX(Partidos!$F$4:$F$107,MATCH($A59,Partidos!$A$4:$A$107,0))-INDEX(Partidos!$G$4:$G$107,MATCH($A59,Partidos!$A$4:$A$107,0))),Puntuacion!$B$5,IF(OR(AND($E59>$F59,INDEX(Partidos!$F$4:$F$107,MATCH($A59,Partidos!$A$4:$A$107,0))>INDEX(Partidos!$G$4:$G$107,MATCH($A59,Partidos!$A$4:$A$107,0))),AND($E59=$F59,INDEX(Partidos!$F$4:$F$107,MATCH($A59,Partidos!$A$4:$A$107,0))=INDEX(Partidos!$G$4:$G$107,MATCH($A59,Partidos!$A$4:$A$107,0))),AND($E59<$F59,INDEX(Partidos!$F$4:$F$107,MATCH($A59,Partidos!$A$4:$A$107,0))<INDEX(Partidos!$G$4:$G$107,MATCH($A59,Partidos!$A$4:$A$107,0)))),Puntuacion!$B$6,0))),IF(AND($E59=INDEX(Partidos!$F$4:$F$107,MATCH($A59,Partidos!$A$4:$A$107,0)),$F59=INDEX(Partidos!$G$4:$G$107,MATCH($A59,Partidos!$A$4:$A$107,0))),Puntuacion!$B$9,IF(($E59-$F59)=(INDEX(Partidos!$F$4:$F$107,MATCH($A59,Partidos!$A$4:$A$107,0))-INDEX(Partidos!$G$4:$G$107,MATCH($A59,Partidos!$A$4:$A$107,0))),Puntuacion!$B$10,IF(AND($H59<>"",$H59=INDEX(Partidos!$K$4:$K$107,MATCH($A59,Partidos!$A$4:$A$107,0))),Puntuacion!$B$11,0)))))),"") | H59: =IFERROR(INDEX(Álvaro!H$4:H$107,MATCH($A59,Álvaro!$A$4:$A$107,0)),"") | I59: =IFERROR(INDEX(Partidos!$J$4:$J$107,MATCH($A59,Partidos!$A$4:$A$107,0)),"") | J59: =IF(AND(INDEX(Partidos!$J$4:$J$107,MATCH($A59,Partidos!$A$4:$A$107,0))<>"Grupos",INDEX(Partidos!$H$4:$H$107,MATCH($A59,Partidos!$A$4:$A$107,0))="Finalizado",$H59<>"",$H59=INDEX(Partidos!$K$4:$K$107,MATCH($A59,Partidos!$A$4:$A$107,0))),1,0)
A60: 6 | B60: =IFERROR(INDEX(Partidos!$D$4:$D$107,MATCH($A60,Partidos!$A$4:$A$107,0)),"") | C60: =IFERROR(INDEX(Partidos!$E$4:$E$107,MATCH($A60,Partidos!$A$4:$A$107,0)),"") | D60: Pepe | E60: =IFERROR(INDEX(Pepe!F$4:F$107,MATCH($A60,Pepe!$A$4:$A$107,0)),"") | F60: =IFERROR(INDEX(Pepe!G$4:G$107,MATCH($A60,Pepe!$A$4:$A$107,0)),"") | G60: =IFERROR(IF(INDEX(Partidos!$H$4:$H$107,MATCH($A60,Partidos!$A$4:$A$107,0))<>"Finalizado","",IF(OR(NOT(ISNUMBER($E60)),NOT(ISNUMBER($F60))),"",IF(INDEX(Partidos!$J$4:$J$107,MATCH($A60,Partidos!$A$4:$A$107,0))="Grupos",IF(AND($E60=INDEX(Partidos!$F$4:$F$107,MATCH($A60,Partidos!$A$4:$A$107,0)),$F60=INDEX(Partidos!$G$4:$G$107,MATCH($A60,Partidos!$A$4:$A$107,0))),Puntuacion!$B$4,IF(($E60-$F60)=(INDEX(Partidos!$F$4:$F$107,MATCH($A60,Partidos!$A$4:$A$107,0))-INDEX(Partidos!$G$4:$G$107,MATCH($A60,Partidos!$A$4:$A$107,0))),Puntuacion!$B$5,IF(OR(AND($E60>$F60,INDEX(Partidos!$F$4:$F$107,MATCH($A60,Partidos!$A$4:$A$107,0))>INDEX(Partidos!$G$4:$G$107,MATCH($A60,Partidos!$A$4:$A$107,0))),AND($E60=$F60,INDEX(Partidos!$F$4:$F$107,MATCH($A60,Partidos!$A$4:$A$107,0))=INDEX(Partidos!$G$4:$G$107,MATCH($A60,Partidos!$A$4:$A$107,0))),AND($E60<$F60,INDEX(Partidos!$F$4:$F$107,MATCH($A60,Partidos!$A$4:$A$107,0))<INDEX(Partidos!$G$4:$G$107,MATCH($A60,Partidos!$A$4:$A$107,0)))),Puntuacion!$B$6,0))),IF(AND($E60=INDEX(Partidos!$F$4:$F$107,MATCH($A60,Partidos!$A$4:$A$107,0)),$F60=INDEX(Partidos!$G$4:$G$107,MATCH($A60,Partidos!$A$4:$A$107,0))),Puntuacion!$B$9,IF(($E60-$F60)=(INDEX(Partidos!$F$4:$F$107,MATCH($A60,Partidos!$A$4:$A$107,0))-INDEX(Partidos!$G$4:$G$107,MATCH($A60,Partidos!$A$4:$A$107,0))),Puntuacion!$B$10,IF(AND($H60<>"",$H60=INDEX(Partidos!$K$4:$K$107,MATCH($A60,Partidos!$A$4:$A$107,0))),Puntuacion!$B$11,0)))))),"") | H60: =IFERROR(INDEX(Pepe!H$4:H$107,MATCH($A60,Pepe!$A$4:$A$107,0)),"") | I60: =IFERROR(INDEX(Partidos!$J$4:$J$107,MATCH($A60,Partidos!$A$4:$A$107,0)),"") | J60: =IF(AND(INDEX(Partidos!$J$4:$J$107,MATCH($A60,Partidos!$A$4:$A$107,0))<>"Grupos",INDEX(Partidos!$H$4:$H$107,MATCH($A60,Partidos!$A$4:$A$107,0))="Finalizado",$H60<>"",$H60=INDEX(Partidos!$K$4:$K$107,MATCH($A60,Partidos!$A$4:$A$107,0))),1,0)
A61: 6 | B61: =IFERROR(INDEX(Partidos!$D$4:$D$107,MATCH($A61,Partidos!$A$4:$A$107,0)),"") | C61: =IFERROR(INDEX(Partidos!$E$4:$E$107,MATCH($A61,Partidos!$A$4:$A$107,0)),"") | D61: Patri | E61: =IFERROR(INDEX(Patri!F$4:F$107,MATCH($A61,Patri!$A$4:$A$107,0)),"") | F61: =IFERROR(INDEX(Patri!G$4:G$107,MATCH($A61,Patri!$A$4:$A$107,0)),"") | G61: =IFERROR(IF(INDEX(Partidos!$H$4:$H$107,MATCH($A61,Partidos!$A$4:$A$107,0))<>"Finalizado","",IF(OR(NOT(ISNUMBER($E61)),NOT(ISNUMBER($F61))),"",IF(INDEX(Partidos!$J$4:$J$107,MATCH($A61,Partidos!$A$4:$A$107,0))="Grupos",IF(AND($E61=INDEX(Partidos!$F$4:$F$107,MATCH($A61,Partidos!$A$4:$A$107,0)),$F61=INDEX(Partidos!$G$4:$G$107,MATCH($A61,Partidos!$A$4:$A$107,0))),Puntuacion!$B$4,IF(($E61-$F61)=(INDEX(Partidos!$F$4:$F$107,MATCH($A61,Partidos!$A$4:$A$107,0))-INDEX(Partidos!$G$4:$G$107,MATCH($A61,Partidos!$A$4:$A$107,0))),Puntuacion!$B$5,IF(OR(AND($E61>$F61,INDEX(Partidos!$F$4:$F$107,MATCH($A61,Partidos!$A$4:$A$107,0))>INDEX(Partidos!$G$4:$G$107,MATCH($A61,Partidos!$A$4:$A$107,0))),AND($E61=$F61,INDEX(Partidos!$F$4:$F$107,MATCH($A61,Partidos!$A$4:$A$107,0))=INDEX(Partidos!$G$4:$G$107,MATCH($A61,Partidos!$A$4:$A$107,0))),AND($E61<$F61,INDEX(Partidos!$F$4:$F$107,MATCH($A61,Partidos!$A$4:$A$107,0))<INDEX(Partidos!$G$4:$G$107,MATCH($A61,Partidos!$A$4:$A$107,0)))),Puntuacion!$B$6,0))),IF(AND($E61=INDEX(Partidos!$F$4:$F$107,MATCH($A61,Partidos!$A$4:$A$107,0)),$F61=INDEX(Partidos!$G$4:$G$107,MATCH($A61,Partidos!$A$4:$A$107,0))),Puntuacion!$B$9,IF(($E61-$F61)=(INDEX(Partidos!$F$4:$F$107,MATCH($A61,Partidos!$A$4:$A$107,0))-INDEX(Partidos!$G$4:$G$107,MATCH($A61,Partidos!$A$4:$A$107,0))),Puntuacion!$B$10,IF(AND($H61<>"",$H61=INDEX(Partidos!$K$4:$K$107,MATCH($A61,Partidos!$A$4:$A$107,0))),Puntuacion!$B$11,0)))))),"") | H61: =IFERROR(INDEX(Patri!H$4:H$107,MATCH($A61,Patri!$A$4:$A$107,0)),"") | I61: =IFERROR(INDEX(Partidos!$J$4:$J$107,MATCH($A61,Partidos!$A$4:$A$107,0)),"") | J61: =IF(AND(INDEX(Partidos!$J$4:$J$107,MATCH($A61,Partidos!$A$4:$A$107,0))<>"Grupos",INDEX(Partidos!$H$4:$H$107,MATCH($A61,Partidos!$A$4:$A$107,0))="Finalizado",$H61<>"",$H61=INDEX(Partidos!$K$4:$K$107,MATCH($A61,Partidos!$A$4:$A$107,0))),1,0)
A62: 6 | B62: =IFERROR(INDEX(Partidos!$D$4:$D$107,MATCH($A62,Partidos!$A$4:$A$107,0)),"") | C62: =IFERROR(INDEX(Partidos!$E$4:$E$107,MATCH($A62,Partidos!$A$4:$A$107,0)),"") | D62: Kike | E62: =IFERROR(INDEX(Kike!F$4:F$107,MATCH($A62,Kike!$A$4:$A$107,0)),"") | F62: =IFERROR(INDEX(Kike!G$4:G$107,MATCH($A62,Kike!$A$4:$A$107,0)),"") | G62: =IFERROR(IF(INDEX(Partidos!$H$4:$H$107,MATCH($A62,Partidos!$A$4:$A$107,0))<>"Finalizado","",IF(OR(NOT(ISNUMBER($E62)),NOT(ISNUMBER($F62))),"",IF(INDEX(Partidos!$J$4:$J$107,MATCH($A62,Partidos!$A$4:$A$107,0))="Grupos",IF(AND($E62=INDEX(Partidos!$F$4:$F$107,MATCH($A62,Partidos!$A$4:$A$107,0)),$F62=INDEX(Partidos!$G$4:$G$107,MATCH($A62,Partidos!$A$4:$A$107,0))),Puntuacion!$B$4,IF(($E62-$F62)=(INDEX(Partidos!$F$4:$F$107,MATCH($A62,Partidos!$A$4:$A$107,0))-INDEX(Partidos!$G$4:$G$107,MATCH($A62,Partidos!$A$4:$A$107,0))),Puntuacion!$B$5,IF(OR(AND($E62>$F62,INDEX(Partidos!$F$4:$F$107,MATCH($A62,Partidos!$A$4:$A$107,0))>INDEX(Partidos!$G$4:$G$107,MATCH($A62,Partidos!$A$4:$A$107,0))),AND($E62=$F62,INDEX(Partidos!$F$4:$F$107,MATCH($A62,Partidos!$A$4:$A$107,0))=INDEX(Partidos!$G$4:$G$107,MATCH($A62,Partidos!$A$4:$A$107,0))),AND($E62<$F62,INDEX(Partidos!$F$4:$F$107,MATCH($A62,Partidos!$A$4:$A$107,0))<INDEX(Partidos!$G$4:$G$107,MATCH($A62,Partidos!$A$4:$A$107,0)))),Puntuacion!$B$6,0))),IF(AND($E62=INDEX(Partidos!$F$4:$F$107,MATCH($A62,Partidos!$A$4:$A$107,0)),$F62=INDEX(Partidos!$G$4:$G$107,MATCH($A62,Partidos!$A$4:$A$107,0))),Puntuacion!$B$9,IF(($E62-$F62)=(INDEX(Partidos!$F$4:$F$107,MATCH($A62,Partidos!$A$4:$A$107,0))-INDEX(Partidos!$G$4:$G$107,MATCH($A62,Partidos!$A$4:$A$107,0))),Puntuacion!$B$10,IF(AND($H62<>"",$H62=INDEX(Partidos!$K$4:$K$107,MATCH($A62,Partidos!$A$4:$A$107,0))),Puntuacion!$B$11,0)))))),"") | H62: =IFERROR(INDEX(Kike!H$4:H$107,MATCH($A62,Kike!$A$4:$A$107,0)),"") | I62: =IFERROR(INDEX(Partidos!$J$4:$J$107,MATCH($A62,Partidos!$A$4:$A$107,0)),"") | J62: =IF(AND(INDEX(Partidos!$J$4:$J$107,MATCH($A62,Partidos!$A$4:$A$107,0))<>"Grupos",INDEX(Partidos!$H$4:$H$107,MATCH($A62,Partidos!$A$4:$A$107,0))="Finalizado",$H62<>"",$H62=INDEX(Partidos!$K$4:$K$107,MATCH($A62,Partidos!$A$4:$A$107,0))),1,0)
A63: 6 | B63: =IFERROR(INDEX(Partidos!$D$4:$D$107,MATCH($A63,Partidos!$A$4:$A$107,0)),"") | C63: =IFERROR(INDEX(Partidos!$E$4:$E$107,MATCH($A63,Partidos!$A$4:$A$107,0)),"") | D63: Quintero | E63: =IFERROR(INDEX(Quintero!F$4:F$107,MATCH($A63,Quintero!$A$4:$A$107,0)),"") | F63: =IFERROR(INDEX(Quintero!G$4:G$107,MATCH($A63,Quintero!$A$4:$A$107,0)),"") | G63: =IFERROR(IF(INDEX(Partidos!$H$4:$H$107,MATCH($A63,Partidos!$A$4:$A$107,0))<>"Finalizado","",IF(OR(NOT(ISNUMBER($E63)),NOT(ISNUMBER($F63))),"",IF(INDEX(Partidos!$J$4:$J$107,MATCH($A63,Partidos!$A$4:$A$107,0))="Grupos",IF(AND($E63=INDEX(Partidos!$F$4:$F$107,MATCH($A63,Partidos!$A$4:$A$107,0)),$F63=INDEX(Partidos!$G$4:$G$107,MATCH($A63,Partidos!$A$4:$A$107,0))),Puntuacion!$B$4,IF(($E63-$F63)=(INDEX(Partidos!$F$4:$F$107,MATCH($A63,Partidos!$A$4:$A$107,0))-INDEX(Partidos!$G$4:$G$107,MATCH($A63,Partidos!$A$4:$A$107,0))),Puntuacion!$B$5,IF(OR(AND($E63>$F63,INDEX(Partidos!$F$4:$F$107,MATCH($A63,Partidos!$A$4:$A$107,0))>INDEX(Partidos!$G$4:$G$107,MATCH($A63,Partidos!$A$4:$A$107,0))),AND($E63=$F63,INDEX(Partidos!$F$4:$F$107,MATCH($A63,Partidos!$A$4:$A$107,0))=INDEX(Partidos!$G$4:$G$107,MATCH($A63,Partidos!$A$4:$A$107,0))),AND($E63<$F63,INDEX(Partidos!$F$4:$F$107,MATCH($A63,Partidos!$A$4:$A$107,0))<INDEX(Partidos!$G$4:$G$107,MATCH($A63,Partidos!$A$4:$A$107,0)))),Puntuacion!$B$6,0))),IF(AND($E63=INDEX(Partidos!$F$4:$F$107,MATCH($A63,Partidos!$A$4:$A$107,0)),$F63=INDEX(Partidos!$G$4:$G$107,MATCH($A63,Partidos!$A$4:$A$107,0))),Puntuacion!$B$9,IF(($E63-$F63)=(INDEX(Partidos!$F$4:$F$107,MATCH($A63,Partidos!$A$4:$A$107,0))-INDEX(Partidos!$G$4:$G$107,MATCH($A63,Partidos!$A$4:$A$107,0))),Puntuacion!$B$10,IF(AND($H63<>"",$H63=INDEX(Partidos!$K$4:$K$107,MATCH($A63,Partidos!$A$4:$A$107,0))),Puntuacion!$B$11,0)))))),"") | H63: =IFERROR(INDEX(Quintero!H$4:H$107,MATCH($A63,Quintero!$A$4:$A$107,0)),"") | I63: =IFERROR(INDEX(Partidos!$J$4:$J$107,MATCH($A63,Partidos!$A$4:$A$107,0)),"") | J63: =IF(AND(INDEX(Partidos!$J$4:$J$107,MATCH($A63,Partidos!$A$4:$A$107,0))<>"Grupos",INDEX(Partidos!$H$4:$H$107,MATCH($A63,Partidos!$A$4:$A$107,0))="Finalizado",$H63<>"",$H63=INDEX(Partidos!$K$4:$K$107,MATCH($A63,Partidos!$A$4:$A$107,0))),1,0)
A64: 6 | B64: =IFERROR(INDEX(Partidos!$D$4:$D$107,MATCH($A64,Partidos!$A$4:$A$107,0)),"") | C64: =IFERROR(INDEX(Partidos!$E$4:$E$107,MATCH($A64,Partidos!$A$4:$A$107,0)),"") | D64: Nacho | E64: =IFERROR(INDEX(Nacho!F$4:F$107,MATCH($A64,Nacho!$A$4:$A$107,0)),"") | F64: =IFERROR(INDEX(Nacho!G$4:G$107,MATCH($A64,Nacho!$A$4:$A$107,0)),"") | G64: =IFERROR(IF(INDEX(Partidos!$H$4:$H$107,MATCH($A64,Partidos!$A$4:$A$107,0))<>"Finalizado","",IF(OR(NOT(ISNUMBER($E64)),NOT(ISNUMBER($F64))),"",IF(INDEX(Partidos!$J$4:$J$107,MATCH($A64,Partidos!$A$4:$A$107,0))="Grupos",IF(AND($E64=INDEX(Partidos!$F$4:$F$107,MATCH($A64,Partidos!$A$4:$A$107,0)),$F64=INDEX(Partidos!$G$4:$G$107,MATCH($A64,Partidos!$A$4:$A$107,0))),Puntuacion!$B$4,IF(($E64-$F64)=(INDEX(Partidos!$F$4:$F$107,MATCH($A64,Partidos!$A$4:$A$107,0))-INDEX(Partidos!$G$4:$G$107,MATCH($A64,Partidos!$A$4:$A$107,0))),Puntuacion!$B$5,IF(OR(AND($E64>$F64,INDEX(Partidos!$F$4:$F$107,MATCH($A64,Partidos!$A$4:$A$107,0))>INDEX(Partidos!$G$4:$G$107,MATCH($A64,Partidos!$A$4:$A$107,0))),AND($E64=$F64,INDEX(Partidos!$F$4:$F$107,MATCH($A64,Partidos!$A$4:$A$107,0))=INDEX(Partidos!$G$4:$G$107,MATCH($A64,Partidos!$A$4:$A$107,0))),AND($E64<$F64,INDEX(Partidos!$F$4:$F$107,MATCH($A64,Partidos!$A$4:$A$107,0))<INDEX(Partidos!$G$4:$G$107,MATCH($A64,Partidos!$A$4:$A$107,0)))),Puntuacion!$B$6,0))),IF(AND($E64=INDEX(Partidos!$F$4:$F$107,MATCH($A64,Partidos!$A$4:$A$107,0)),$F64=INDEX(Partidos!$G$4:$G$107,MATCH($A64,Partidos!$A$4:$A$107,0))),Puntuacion!$B$9,IF(($E64-$F64)=(INDEX(Partidos!$F$4:$F$107,MATCH($A64,Partidos!$A$4:$A$107,0))-INDEX(Partidos!$G$4:$G$107,MATCH($A64,Partidos!$A$4:$A$107,0))),Puntuacion!$B$10,IF(AND($H64<>"",$H64=INDEX(Partidos!$K$4:$K$107,MATCH($A64,Partidos!$A$4:$A$107,0))),Puntuacion!$B$11,0)))))),"") | H64: =IFERROR(INDEX(Nacho!H$4:H$107,MATCH($A64,Nacho!$A$4:$A$107,0)),"") | I64: =IFERROR(INDEX(Partidos!$J$4:$J$107,MATCH($A64,Partidos!$A$4:$A$107,0)),"") | J64: =IF(AND(INDEX(Partidos!$J$4:$J$107,MATCH($A64,Partidos!$A$4:$A$107,0))<>"Grupos",INDEX(Partidos!$H$4:$H$107,MATCH($A64,Partidos!$A$4:$A$107,0))="Finalizado",$H64<>"",$H64=INDEX(Partidos!$K$4:$K$107,MATCH($A64,Partidos!$A$4:$A$107,0))),1,0)
A65: 6 | B65: =IFERROR(INDEX(Partidos!$D$4:$D$107,MATCH($A65,Partidos!$A$4:$A$107,0)),"") | C65: =IFERROR(INDEX(Partidos!$E$4:$E$107,MATCH($A65,Partidos!$A$4:$A$107,0)),"") | D65: Luis | E65: =IFERROR(INDEX(Luis!F$4:F$107,MATCH($A65,Luis!$A$4:$A$107,0)),"") | F65: =IFERROR(INDEX(Luis!G$4:G$107,MATCH($A65,Luis!$A$4:$A$107,0)),"") | G65: =IFERROR(IF(INDEX(Partidos!$H$4:$H$107,MATCH($A65,Partidos!$A$4:$A$107,0))<>"Finalizado","",IF(OR(NOT(ISNUMBER($E65)),NOT(ISNUMBER($F65))),"",IF(INDEX(Partidos!$J$4:$J$107,MATCH($A65,Partidos!$A$4:$A$107,0))="Grupos",IF(AND($E65=INDEX(Partidos!$F$4:$F$107,MATCH($A65,Partidos!$A$4:$A$107,0)),$F65=INDEX(Partidos!$G$4:$G$107,MATCH($A65,Partidos!$A$4:$A$107,0))),Puntuacion!$B$4,IF(($E65-$F65)=(INDEX(Partidos!$F$4:$F$107,MATCH($A65,Partidos!$A$4:$A$107,0))-INDEX(Partidos!$G$4:$G$107,MATCH($A65,Partidos!$A$4:$A$107,0))),Puntuacion!$B$5,IF(OR(AND($E65>$F65,INDEX(Partidos!$F$4:$F$107,MATCH($A65,Partidos!$A$4:$A$107,0))>INDEX(Partidos!$G$4:$G$107,MATCH($A65,Partidos!$A$4:$A$107,0))),AND($E65=$F65,INDEX(Partidos!$F$4:$F$107,MATCH($A65,Partidos!$A$4:$A$107,0))=INDEX(Partidos!$G$4:$G$107,MATCH($A65,Partidos!$A$4:$A$107,0))),AND($E65<$F65,INDEX(Partidos!$F$4:$F$107,MATCH($A65,Partidos!$A$4:$A$107,0))<INDEX(Partidos!$G$4:$G$107,MATCH($A65,Partidos!$A$4:$A$107,0)))),Puntuacion!$B$6,0))),IF(AND($E65=INDEX(Partidos!$F$4:$F$107,MATCH($A65,Partidos!$A$4:$A$107,0)),$F65=INDEX(Partidos!$G$4:$G$107,MATCH($A65,Partidos!$A$4:$A$107,0))),Puntuacion!$B$9,IF(($E65-$F65)=(INDEX(Partidos!$F$4:$F$107,MATCH($A65,Partidos!$A$4:$A$107,0))-INDEX(Partidos!$G$4:$G$107,MATCH($A65,Partidos!$A$4:$A$107,0))),Puntuacion!$B$10,IF(AND($H65<>"",$H65=INDEX(Partidos!$K$4:$K$107,MATCH($A65,Partidos!$A$4:$A$107,0))),Puntuacion!$B$11,0)))))),"") | H65: =IFERROR(INDEX(Luis!H$4:H$107,MATCH($A65,Luis!$A$4:$A$107,0)),"") | I65: =IFERROR(INDEX(Partidos!$J$4:$J$107,MATCH($A65,Partidos!$A$4:$A$107,0)),"") | J65: =IF(AND(INDEX(Partidos!$J$4:$J$107,MATCH($A65,Partidos!$A$4:$A$107,0))<>"Grupos",INDEX(Partidos!$H$4:$H$107,MATCH($A65,Partidos!$A$4:$A$107,0))="Finalizado",$H65<>"",$H65=INDEX(Partidos!$K$4:$K$107,MATCH($A65,Partidos!$A$4:$A$107,0))),1,0)
A66: 6 | B66: =IFERROR(INDEX(Partidos!$D$4:$D$107,MATCH($A66,Partidos!$A$4:$A$107,0)),"") | C66: =IFERROR(INDEX(Partidos!$E$4:$E$107,MATCH($A66,Partidos!$A$4:$A$107,0)),"") | D66: Felipe | E66: =IFERROR(INDEX(Felipe!F$4:F$107,MATCH($A66,Felipe!$A$4:$A$107,0)),"") | F66: =IFERROR(INDEX(Felipe!G$4:G$107,MATCH($A66,Felipe!$A$4:$A$107,0)),"") | G66: =IFERROR(IF(INDEX(Partidos!$H$4:$H$107,MATCH($A66,Partidos!$A$4:$A$107,0))<>"Finalizado","",IF(OR(NOT(ISNUMBER($E66)),NOT(ISNUMBER($F66))),"",IF(INDEX(Partidos!$J$4:$J$107,MATCH($A66,Partidos!$A$4:$A$107,0))="Grupos",IF(AND($E66=INDEX(Partidos!$F$4:$F$107,MATCH($A66,Partidos!$A$4:$A$107,0)),$F66=INDEX(Partidos!$G$4:$G$107,MATCH($A66,Partidos!$A$4:$A$107,0))),Puntuacion!$B$4,IF(($E66-$F66)=(INDEX(Partidos!$F$4:$F$107,MATCH($A66,Partidos!$A$4:$A$107,0))-INDEX(Partidos!$G$4:$G$107,MATCH($A66,Partidos!$A$4:$A$107,0))),Puntuacion!$B$5,IF(OR(AND($E66>$F66,INDEX(Partidos!$F$4:$F$107,MATCH($A66,Partidos!$A$4:$A$107,0))>INDEX(Partidos!$G$4:$G$107,MATCH($A66,Partidos!$A$4:$A$107,0))),AND($E66=$F66,INDEX(Partidos!$F$4:$F$107,MATCH($A66,Partidos!$A$4:$A$107,0))=INDEX(Partidos!$G$4:$G$107,MATCH($A66,Partidos!$A$4:$A$107,0))),AND($E66<$F66,INDEX(Partidos!$F$4:$F$107,MATCH($A66,Partidos!$A$4:$A$107,0))<INDEX(Partidos!$G$4:$G$107,MATCH($A66,Partidos!$A$4:$A$107,0)))),Puntuacion!$B$6,0))),IF(AND($E66=INDEX(Partidos!$F$4:$F$107,MATCH($A66,Partidos!$A$4:$A$107,0)),$F66=INDEX(Partidos!$G$4:$G$107,MATCH($A66,Partidos!$A$4:$A$107,0))),Puntuacion!$B$9,IF(($E66-$F66)=(INDEX(Partidos!$F$4:$F$107,MATCH($A66,Partidos!$A$4:$A$107,0))-INDEX(Partidos!$G$4:$G$107,MATCH($A66,Partidos!$A$4:$A$107,0))),Puntuacion!$B$10,IF(AND($H66<>"",$H66=INDEX(Partidos!$K$4:$K$107,MATCH($A66,Partidos!$A$4:$A$107,0))),Puntuacion!$B$11,0)))))),"") | H66: =IFERROR(INDEX(Felipe!H$4:H$107,MATCH($A66,Felipe!$A$4:$A$107,0)),"") | I66: =IFERROR(INDEX(Partidos!$J$4:$J$107,MATCH($A66,Partidos!$A$4:$A$107,0)),"") | J66: =IF(AND(INDEX(Partidos!$J$4:$J$107,MATCH($A66,Partidos!$A$4:$A$107,0))<>"Grupos",INDEX(Partidos!$H$4:$H$107,MATCH($A66,Partidos!$A$4:$A$107,0))="Finalizado",$H66<>"",$H66=INDEX(Partidos!$K$4:$K$107,MATCH($A66,Partidos!$A$4:$A$107,0))),1,0)
A67: 6 | B67: =IFERROR(INDEX(Partidos!$D$4:$D$107,MATCH($A67,Partidos!$A$4:$A$107,0)),"") | C67: =IFERROR(INDEX(Partidos!$E$4:$E$107,MATCH($A67,Partidos!$A$4:$A$107,0)),"") | D67: Simón | E67: =IFERROR(INDEX(Simón!F$4:F$107,MATCH($A67,Simón!$A$4:$A$107,0)),"") | F67: =IFERROR(INDEX(Simón!G$4:G$107,MATCH($A67,Simón!$A$4:$A$107,0)),"") | G67: =IFERROR(IF(INDEX(Partidos!$H$4:$H$107,MATCH($A67,Partidos!$A$4:$A$107,0))<>"Finalizado","",IF(OR(NOT(ISNUMBER($E67)),NOT(ISNUMBER($F67))),"",IF(INDEX(Partidos!$J$4:$J$107,MATCH($A67,Partidos!$A$4:$A$107,0))="Grupos",IF(AND($E67=INDEX(Partidos!$F$4:$F$107,MATCH($A67,Partidos!$A$4:$A$107,0)),$F67=INDEX(Partidos!$G$4:$G$107,MATCH($A67,Partidos!$A$4:$A$107,0))),Puntuacion!$B$4,IF(($E67-$F67)=(INDEX(Partidos!$F$4:$F$107,MATCH($A67,Partidos!$A$4:$A$107,0))-INDEX(Partidos!$G$4:$G$107,MATCH($A67,Partidos!$A$4:$A$107,0))),Puntuacion!$B$5,IF(OR(AND($E67>$F67,INDEX(Partidos!$F$4:$F$107,MATCH($A67,Partidos!$A$4:$A$107,0))>INDEX(Partidos!$G$4:$G$107,MATCH($A67,Partidos!$A$4:$A$107,0))),AND($E67=$F67,INDEX(Partidos!$F$4:$F$107,MATCH($A67,Partidos!$A$4:$A$107,0))=INDEX(Partidos!$G$4:$G$107,MATCH($A67,Partidos!$A$4:$A$107,0))),AND($E67<$F67,INDEX(Partidos!$F$4:$F$107,MATCH($A67,Partidos!$A$4:$A$107,0))<INDEX(Partidos!$G$4:$G$107,MATCH($A67,Partidos!$A$4:$A$107,0)))),Puntuacion!$B$6,0))),IF(AND($E67=INDEX(Partidos!$F$4:$F$107,MATCH($A67,Partidos!$A$4:$A$107,0)),$F67=INDEX(Partidos!$G$4:$G$107,MATCH($A67,Partidos!$A$4:$A$107,0))),Puntuacion!$B$9,IF(($E67-$F67)=(INDEX(Partidos!$F$4:$F$107,MATCH($A67,Partidos!$A$4:$A$107,0))-INDEX(Partidos!$G$4:$G$107,MATCH($A67,Partidos!$A$4:$A$107,0))),Puntuacion!$B$10,IF(AND($H67<>"",$H67=INDEX(Partidos!$K$4:$K$107,MATCH($A67,Partidos!$A$4:$A$107,0))),Puntuacion!$B$11,0)))))),"") | H67: =IFERROR(INDEX(Simón!H$4:H$107,MATCH($A67,Simón!$A$4:$A$107,0)),"") | I67: =IFERROR(INDEX(Partidos!$J$4:$J$107,MATCH($A67,Partidos!$A$4:$A$107,0)),"") | J67: =IF(AND(INDEX(Partidos!$J$4:$J$107,MATCH($A67,Partidos!$A$4:$A$107,0))<>"Grupos",INDEX(Partidos!$H$4:$H$107,MATCH($A67,Partidos!$A$4:$A$107,0))="Finalizado",$H67<>"",$H67=INDEX(Partidos!$K$4:$K$107,MATCH($A67,Partidos!$A$4:$A$107,0))),1,0)
A68: 6 | B68: =IFERROR(INDEX(Partidos!$D$4:$D$107,MATCH($A68,Partidos!$A$4:$A$107,0)),"") | C68: =IFERROR(INDEX(Partidos!$E$4:$E$107,MATCH($A68,Partidos!$A$4:$A$107,0)),"") | D68: Muni | E68: =IFERROR(INDEX(Muni!F$4:F$107,MATCH($A68,Muni!$A$4:$A$107,0)),"") | F68: =IFERROR(INDEX(Muni!G$4:G$107,MATCH($A68,Muni!$A$4:$A$107,0)),"") | G68: =IFERROR(IF(INDEX(Partidos!$H$4:$H$107,MATCH($A68,Partidos!$A$4:$A$107,0))<>"Finalizado","",IF(OR(NOT(ISNUMBER($E68)),NOT(ISNUMBER($F68))),"",IF(INDEX(Partidos!$J$4:$J$107,MATCH($A68,Partidos!$A$4:$A$107,0))="Grupos",IF(AND($E68=INDEX(Partidos!$F$4:$F$107,MATCH($A68,Partidos!$A$4:$A$107,0)),$F68=INDEX(Partidos!$G$4:$G$107,MATCH($A68,Partidos!$A$4:$A$107,0))),Puntuacion!$B$4,IF(($E68-$F68)=(INDEX(Partidos!$F$4:$F$107,MATCH($A68,Partidos!$A$4:$A$107,0))-INDEX(Partidos!$G$4:$G$107,MATCH($A68,Partidos!$A$4:$A$107,0))),Puntuacion!$B$5,IF(OR(AND($E68>$F68,INDEX(Partidos!$F$4:$F$107,MATCH($A68,Partidos!$A$4:$A$107,0))>INDEX(Partidos!$G$4:$G$107,MATCH($A68,Partidos!$A$4:$A$107,0))),AND($E68=$F68,INDEX(Partidos!$F$4:$F$107,MATCH($A68,Partidos!$A$4:$A$107,0))=INDEX(Partidos!$G$4:$G$107,MATCH($A68,Partidos!$A$4:$A$107,0))),AND($E68<$F68,INDEX(Partidos!$F$4:$F$107,MATCH($A68,Partidos!$A$4:$A$107,0))<INDEX(Partidos!$G$4:$G$107,MATCH($A68,Partidos!$A$4:$A$107,0)))),Puntuacion!$B$6,0))),IF(AND($E68=INDEX(Partidos!$F$4:$F$107,MATCH($A68,Partidos!$A$4:$A$107,0)),$F68=INDEX(Partidos!$G$4:$G$107,MATCH($A68,Partidos!$A$4:$A$107,0))),Puntuacion!$B$9,IF(($E68-$F68)=(INDEX(Partidos!$F$4:$F$107,MATCH($A68,Partidos!$A$4:$A$107,0))-INDEX(Partidos!$G$4:$G$107,MATCH($A68,Partidos!$A$4:$A$107,0))),Puntuacion!$B$10,IF(AND($H68<>"",$H68=INDEX(Partidos!$K$4:$K$107,MATCH($A68,Partidos!$A$4:$A$107,0))),Puntuacion!$B$11,0)))))),"") | H68: =IFERROR(INDEX(Muni!H$4:H$107,MATCH($A68,Muni!$A$4:$A$107,0)),"") | I68: =IFERROR(INDEX(Partidos!$J$4:$J$107,MATCH($A68,Partidos!$A$4:$A$107,0)),"") | J68: =IF(AND(INDEX(Partidos!$J$4:$J$107,MATCH($A68,Partidos!$A$4:$A$107,0))<>"Grupos",INDEX(Partidos!$H$4:$H$107,MATCH($A68,Partidos!$A$4:$A$107,0))="Finalizado",$H68<>"",$H68=INDEX(Partidos!$K$4:$K$107,MATCH($A68,Partidos!$A$4:$A$107,0))),1,0)
A69: 6 | B69: =IFERROR(INDEX(Partidos!$D$4:$D$107,MATCH($A69,Partidos!$A$4:$A$107,0)),"") | C69: =IFERROR(INDEX(Partidos!$E$4:$E$107,MATCH($A69,Partidos!$A$4:$A$107,0)),"") | D69: Fer | E69: =IFERROR(INDEX(Fer!F$4:F$107,MATCH($A69,Fer!$A$4:$A$107,0)),"") | F69: =IFERROR(INDEX(Fer!G$4:G$107,MATCH($A69,Fer!$A$4:$A$107,0)),"") | G69: =IFERROR(IF(INDEX(Partidos!$H$4:$H$107,MATCH($A69,Partidos!$A$4:$A$107,0))<>"Finalizado","",IF(OR(NOT(ISNUMBER($E69)),NOT(ISNUMBER($F69))),"",IF(INDEX(Partidos!$J$4:$J$107,MATCH($A69,Partidos!$A$4:$A$107,0))="Grupos",IF(AND($E69=INDEX(Partidos!$F$4:$F$107,MATCH($A69,Partidos!$A$4:$A$107,0)),$F69=INDEX(Partidos!$G$4:$G$107,MATCH($A69,Partidos!$A$4:$A$107,0))),Puntuacion!$B$4,IF(($E69-$F69)=(INDEX(Partidos!$F$4:$F$107,MATCH($A69,Partidos!$A$4:$A$107,0))-INDEX(Partidos!$G$4:$G$107,MATCH($A69,Partidos!$A$4:$A$107,0))),Puntuacion!$B$5,IF(OR(AND($E69>$F69,INDEX(Partidos!$F$4:$F$107,MATCH($A69,Partidos!$A$4:$A$107,0))>INDEX(Partidos!$G$4:$G$107,MATCH($A69,Partidos!$A$4:$A$107,0))),AND($E69=$F69,INDEX(Partidos!$F$4:$F$107,MATCH($A69,Partidos!$A$4:$A$107,0))=INDEX(Partidos!$G$4:$G$107,MATCH($A69,Partidos!$A$4:$A$107,0))),AND($E69<$F69,INDEX(Partidos!$F$4:$F$107,MATCH($A69,Partidos!$A$4:$A$107,0))<INDEX(Partidos!$G$4:$G$107,MATCH($A69,Partidos!$A$4:$A$107,0)))),Puntuacion!$B$6,0))),IF(AND($E69=INDEX(Partidos!$F$4:$F$107,MATCH($A69,Partidos!$A$4:$A$107,0)),$F69=INDEX(Partidos!$G$4:$G$107,MATCH($A69,Partidos!$A$4:$A$107,0))),Puntuacion!$B$9,IF(($E69-$F69)=(INDEX(Partidos!$F$4:$F$107,MATCH($A69,Partidos!$A$4:$A$107,0))-INDEX(Partidos!$G$4:$G$107,MATCH($A69,Partidos!$A$4:$A$107,0))),Puntuacion!$B$10,IF(AND($H69<>"",$H69=INDEX(Partidos!$K$4:$K$107,MATCH($A69,Partidos!$A$4:$A$107,0))),Puntuacion!$B$11,0)))))),"") | H69: =IFERROR(INDEX(Fer!H$4:H$107,MATCH($A69,Fer!$A$4:$A$107,0)),"") | I69: =IFERROR(INDEX(Partidos!$J$4:$J$107,MATCH($A69,Partidos!$A$4:$A$107,0)),"") | J69: =IF(AND(INDEX(Partidos!$J$4:$J$107,MATCH($A69,Partidos!$A$4:$A$107,0))<>"Grupos",INDEX(Partidos!$H$4:$H$107,MATCH($A69,Partidos!$A$4:$A$107,0))="Finalizado",$H69<>"",$H69=INDEX(Partidos!$K$4:$K$107,MATCH($A69,Partidos!$A$4:$A$107,0))),1,0)
A70: 7 | B70: =IFERROR(INDEX(Partidos!$D$4:$D$107,MATCH($A70,Partidos!$A$4:$A$107,0)),"") | C70: =IFERROR(INDEX(Partidos!$E$4:$E$107,MATCH($A70,Partidos!$A$4:$A$107,0)),"") | D70: Álvaro | E70: =IFERROR(INDEX(Álvaro!F$4:F$107,MATCH($A70,Álvaro!$A$4:$A$107,0)),"") | F70: =IFERROR(INDEX(Álvaro!G$4:G$107,MATCH($A70,Álvaro!$A$4:$A$107,0)),"") | G70: =IFERROR(IF(INDEX(Partidos!$H$4:$H$107,MATCH($A70,Partidos!$A$4:$A$107,0))<>"Finalizado","",IF(OR(NOT(ISNUMBER($E70)),NOT(ISNUMBER($F70))),"",IF(INDEX(Partidos!$J$4:$J$107,MATCH($A70,Partidos!$A$4:$A$107,0))="Grupos",IF(AND($E70=INDEX(Partidos!$F$4:$F$107,MATCH($A70,Partidos!$A$4:$A$107,0)),$F70=INDEX(Partidos!$G$4:$G$107,MATCH($A70,Partidos!$A$4:$A$107,0))),Puntuacion!$B$4,IF(($E70-$F70)=(INDEX(Partidos!$F$4:$F$107,MATCH($A70,Partidos!$A$4:$A$107,0))-INDEX(Partidos!$G$4:$G$107,MATCH($A70,Partidos!$A$4:$A$107,0))),Puntuacion!$B$5,IF(OR(AND($E70>$F70,INDEX(Partidos!$F$4:$F$107,MATCH($A70,Partidos!$A$4:$A$107,0))>INDEX(Partidos!$G$4:$G$107,MATCH($A70,Partidos!$A$4:$A$107,0))),AND($E70=$F70,INDEX(Partidos!$F$4:$F$107,MATCH($A70,Partidos!$A$4:$A$107,0))=INDEX(Partidos!$G$4:$G$107,MATCH($A70,Partidos!$A$4:$A$107,0))),AND($E70<$F70,INDEX(Partidos!$F$4:$F$107,MATCH($A70,Partidos!$A$4:$A$107,0))<INDEX(Partidos!$G$4:$G$107,MATCH($A70,Partidos!$A$4:$A$107,0)))),Puntuacion!$B$6,0))),IF(AND($E70=INDEX(Partidos!$F$4:$F$107,MATCH($A70,Partidos!$A$4:$A$107,0)),$F70=INDEX(Partidos!$G$4:$G$107,MATCH($A70,Partidos!$A$4:$A$107,0))),Puntuacion!$B$9,IF(($E70-$F70)=(INDEX(Partidos!$F$4:$F$107,MATCH($A70,Partidos!$A$4:$A$107,0))-INDEX(Partidos!$G$4:$G$107,MATCH($A70,Partidos!$A$4:$A$107,0))),Puntuacion!$B$10,IF(AND($H70<>"",$H70=INDEX(Partidos!$K$4:$K$107,MATCH($A70,Partidos!$A$4:$A$107,0))),Puntuacion!$B$11,0)))))),"") | H70: =IFERROR(INDEX(Álvaro!H$4:H$107,MATCH($A70,Álvaro!$A$4:$A$107,0)),"") | I70: =IFERROR(INDEX(Partidos!$J$4:$J$107,MATCH($A70,Partidos!$A$4:$A$107,0)),"") | J70: =IF(AND(INDEX(Partidos!$J$4:$J$107,MATCH($A70,Partidos!$A$4:$A$107,0))<>"Grupos",INDEX(Partidos!$H$4:$H$107,MATCH($A70,Partidos!$A$4:$A$107,0))="Finalizado",$H70<>"",$H70=INDEX(Partidos!$K$4:$K$107,MATCH($A70,Partidos!$A$4:$A$107,0))),1,0)
A71: 7 | B71: =IFERROR(INDEX(Partidos!$D$4:$D$107,MATCH($A71,Partidos!$A$4:$A$107,0)),"") | C71: =IFERROR(INDEX(Partidos!$E$4:$E$107,MATCH($A71,Partidos!$A$4:$A$107,0)),"") | D71: Pepe | E71: =IFERROR(INDEX(Pepe!F$4:F$107,MATCH($A71,Pepe!$A$4:$A$107,0)),"") | F71: =IFERROR(INDEX(Pepe!G$4:G$107,MATCH($A71,Pepe!$A$4:$A$107,0)),"") | G71: =IFERROR(IF(INDEX(Partidos!$H$4:$H$107,MATCH($A71,Partidos!$A$4:$A$107,0))<>"Finalizado","",IF(OR(NOT(ISNUMBER($E71)),NOT(ISNUMBER($F71))),"",IF(INDEX(Partidos!$J$4:$J$107,MATCH($A71,Partidos!$A$4:$A$107,0))="Grupos",IF(AND($E71=INDEX(Partidos!$F$4:$F$107,MATCH($A71,Partidos!$A$4:$A$107,0)),$F71=INDEX(Partidos!$G$4:$G$107,MATCH($A71,Partidos!$A$4:$A$107,0))),Puntuacion!$B$4,IF(($E71-$F71)=(INDEX(Partidos!$F$4:$F$107,MATCH($A71,Partidos!$A$4:$A$107,0))-INDEX(Partidos!$G$4:$G$107,MATCH($A71,Partidos!$A$4:$A$107,0))),Puntuacion!$B$5,IF(OR(AND($E71>$F71,INDEX(Partidos!$F$4:$F$107,MATCH($A71,Partidos!$A$4:$A$107,0))>INDEX(Partidos!$G$4:$G$107,MATCH($A71,Partidos!$A$4:$A$107,0))),AND($E71=$F71,INDEX(Partidos!$F$4:$F$107,MATCH($A71,Partidos!$A$4:$A$107,0))=INDEX(Partidos!$G$4:$G$107,MATCH($A71,Partidos!$A$4:$A$107,0))),AND($E71<$F71,INDEX(Partidos!$F$4:$F$107,MATCH($A71,Partidos!$A$4:$A$107,0))<INDEX(Partidos!$G$4:$G$107,MATCH($A71,Partidos!$A$4:$A$107,0)))),Puntuacion!$B$6,0))),IF(AND($E71=INDEX(Partidos!$F$4:$F$107,MATCH($A71,Partidos!$A$4:$A$107,0)),$F71=INDEX(Partidos!$G$4:$G$107,MATCH($A71,Partidos!$A$4:$A$107,0))),Puntuacion!$B$9,IF(($E71-$F71)=(INDEX(Partidos!$F$4:$F$107,MATCH($A71,Partidos!$A$4:$A$107,0))-INDEX(Partidos!$G$4:$G$107,MATCH($A71,Partidos!$A$4:$A$107,0))),Puntuacion!$B$10,IF(AND($H71<>"",$H71=INDEX(Partidos!$K$4:$K$107,MATCH($A71,Partidos!$A$4:$A$107,0))),Puntuacion!$B$11,0)))))),"") | H71: =IFERROR(INDEX(Pepe!H$4:H$107,MATCH($A71,Pepe!$A$4:$A$107,0)),"") | I71: =IFERROR(INDEX(Partidos!$J$4:$J$107,MATCH($A71,Partidos!$A$4:$A$107,0)),"") | J71: =IF(AND(INDEX(Partidos!$J$4:$J$107,MATCH($A71,Partidos!$A$4:$A$107,0))<>"Grupos",INDEX(Partidos!$H$4:$H$107,MATCH($A71,Partidos!$A$4:$A$107,0))="Finalizado",$H71<>"",$H71=INDEX(Partidos!$K$4:$K$107,MATCH($A71,Partidos!$A$4:$A$107,0))),1,0)
A72: 7 | B72: =IFERROR(INDEX(Partidos!$D$4:$D$107,MATCH($A72,Partidos!$A$4:$A$107,0)),"") | C72: =IFERROR(INDEX(Partidos!$E$4:$E$107,MATCH($A72,Partidos!$A$4:$A$107,0)),"") | D72: Patri | E72: =IFERROR(INDEX(Patri!F$4:F$107,MATCH($A72,Patri!$A$4:$A$107,0)),"") | F72: =IFERROR(INDEX(Patri!G$4:G$107,MATCH($A72,Patri!$A$4:$A$107,0)),"") | G72: =IFERROR(IF(INDEX(Partidos!$H$4:$H$107,MATCH($A72,Partidos!$A$4:$A$107,0))<>"Finalizado","",IF(OR(NOT(ISNUMBER($E72)),NOT(ISNUMBER($F72))),"",IF(INDEX(Partidos!$J$4:$J$107,MATCH($A72,Partidos!$A$4:$A$107,0))="Grupos",IF(AND($E72=INDEX(Partidos!$F$4:$F$107,MATCH($A72,Partidos!$A$4:$A$107,0)),$F72=INDEX(Partidos!$G$4:$G$107,MATCH($A72,Partidos!$A$4:$A$107,0))),Puntuacion!$B$4,IF(($E72-$F72)=(INDEX(Partidos!$F$4:$F$107,MATCH($A72,Partidos!$A$4:$A$107,0))-INDEX(Partidos!$G$4:$G$107,MATCH($A72,Partidos!$A$4:$A$107,0))),Puntuacion!$B$5,IF(OR(AND($E72>$F72,INDEX(Partidos!$F$4:$F$107,MATCH($A72,Partidos!$A$4:$A$107,0))>INDEX(Partidos!$G$4:$G$107,MATCH($A72,Partidos!$A$4:$A$107,0))),AND($E72=$F72,INDEX(Partidos!$F$4:$F$107,MATCH($A72,Partidos!$A$4:$A$107,0))=INDEX(Partidos!$G$4:$G$107,MATCH($A72,Partidos!$A$4:$A$107,0))),AND($E72<$F72,INDEX(Partidos!$F$4:$F$107,MATCH($A72,Partidos!$A$4:$A$107,0))<INDEX(Partidos!$G$4:$G$107,MATCH($A72,Partidos!$A$4:$A$107,0)))),Puntuacion!$B$6,0))),IF(AND($E72=INDEX(Partidos!$F$4:$F$107,MATCH($A72,Partidos!$A$4:$A$107,0)),$F72=INDEX(Partidos!$G$4:$G$107,MATCH($A72,Partidos!$A$4:$A$107,0))),Puntuacion!$B$9,IF(($E72-$F72)=(INDEX(Partidos!$F$4:$F$107,MATCH($A72,Partidos!$A$4:$A$107,0))-INDEX(Partidos!$G$4:$G$107,MATCH($A72,Partidos!$A$4:$A$107,0))),Puntuacion!$B$10,IF(AND($H72<>"",$H72=INDEX(Partidos!$K$4:$K$107,MATCH($A72,Partidos!$A$4:$A$107,0))),Puntuacion!$B$11,0)))))),"") | H72: =IFERROR(INDEX(Patri!H$4:H$107,MATCH($A72,Patri!$A$4:$A$107,0)),"") | I72: =IFERROR(INDEX(Partidos!$J$4:$J$107,MATCH($A72,Partidos!$A$4:$A$107,0)),"") | J72: =IF(AND(INDEX(Partidos!$J$4:$J$107,MATCH($A72,Partidos!$A$4:$A$107,0))<>"Grupos",INDEX(Partidos!$H$4:$H$107,MATCH($A72,Partidos!$A$4:$A$107,0))="Finalizado",$H72<>"",$H72=INDEX(Partidos!$K$4:$K$107,MATCH($A72,Partidos!$A$4:$A$107,0))),1,0)
A73: 7 | B73: =IFERROR(INDEX(Partidos!$D$4:$D$107,MATCH($A73,Partidos!$A$4:$A$107,0)),"") | C73: =IFERROR(INDEX(Partidos!$E$4:$E$107,MATCH($A73,Partidos!$A$4:$A$107,0)),"") | D73: Kike | E73: =IFERROR(INDEX(Kike!F$4:F$107,MATCH($A73,Kike!$A$4:$A$107,0)),"") | F73: =IFERROR(INDEX(Kike!G$4:G$107,MATCH($A73,Kike!$A$4:$A$107,0)),"") | G73: =IFERROR(IF(INDEX(Partidos!$H$4:$H$107,MATCH($A73,Partidos!$A$4:$A$107,0))<>"Finalizado","",IF(OR(NOT(ISNUMBER($E73)),NOT(ISNUMBER($F73))),"",IF(INDEX(Partidos!$J$4:$J$107,MATCH($A73,Partidos!$A$4:$A$107,0))="Grupos",IF(AND($E73=INDEX(Partidos!$F$4:$F$107,MATCH($A73,Partidos!$A$4:$A$107,0)),$F73=INDEX(Partidos!$G$4:$G$107,MATCH($A73,Partidos!$A$4:$A$107,0))),Puntuacion!$B$4,IF(($E73-$F73)=(INDEX(Partidos!$F$4:$F$107,MATCH($A73,Partidos!$A$4:$A$107,0))-INDEX(Partidos!$G$4:$G$107,MATCH($A73,Partidos!$A$4:$A$107,0))),Puntuacion!$B$5,IF(OR(AND($E73>$F73,INDEX(Partidos!$F$4:$F$107,MATCH($A73,Partidos!$A$4:$A$107,0))>INDEX(Partidos!$G$4:$G$107,MATCH($A73,Partidos!$A$4:$A$107,0))),AND($E73=$F73,INDEX(Partidos!$F$4:$F$107,MATCH($A73,Partidos!$A$4:$A$107,0))=INDEX(Partidos!$G$4:$G$107,MATCH($A73,Partidos!$A$4:$A$107,0))),AND($E73<$F73,INDEX(Partidos!$F$4:$F$107,MATCH($A73,Partidos!$A$4:$A$107,0))<INDEX(Partidos!$G$4:$G$107,MATCH($A73,Partidos!$A$4:$A$107,0)))),Puntuacion!$B$6,0))),IF(AND($E73=INDEX(Partidos!$F$4:$F$107,MATCH($A73,Partidos!$A$4:$A$107,0)),$F73=INDEX(Partidos!$G$4:$G$107,MATCH($A73,Partidos!$A$4:$A$107,0))),Puntuacion!$B$9,IF(($E73-$F73)=(INDEX(Partidos!$F$4:$F$107,MATCH($A73,Partidos!$A$4:$A$107,0))-INDEX(Partidos!$G$4:$G$107,MATCH($A73,Partidos!$A$4:$A$107,0))),Puntuacion!$B$10,IF(AND($H73<>"",$H73=INDEX(Partidos!$K$4:$K$107,MATCH($A73,Partidos!$A$4:$A$107,0))),Puntuacion!$B$11,0)))))),"") | H73: =IFERROR(INDEX(Kike!H$4:H$107,MATCH($A73,Kike!$A$4:$A$107,0)),"") | I73: =IFERROR(INDEX(Partidos!$J$4:$J$107,MATCH($A73,Partidos!$A$4:$A$107,0)),"") | J73: =IF(AND(INDEX(Partidos!$J$4:$J$107,MATCH($A73,Partidos!$A$4:$A$107,0))<>"Grupos",INDEX(Partidos!$H$4:$H$107,MATCH($A73,Partidos!$A$4:$A$107,0))="Finalizado",$H73<>"",$H73=INDEX(Partidos!$K$4:$K$107,MATCH($A73,Partidos!$A$4:$A$107,0))),1,0)
A74: 7 | B74: =IFERROR(INDEX(Partidos!$D$4:$D$107,MATCH($A74,Partidos!$A$4:$A$107,0)),"") | C74: =IFERROR(INDEX(Partidos!$E$4:$E$107,MATCH($A74,Partidos!$A$4:$A$107,0)),"") | D74: Quintero | E74: =IFERROR(INDEX(Quintero!F$4:F$107,MATCH($A74,Quintero!$A$4:$A$107,0)),"") | F74: =IFERROR(INDEX(Quintero!G$4:G$107,MATCH($A74,Quintero!$A$4:$A$107,0)),"") | G74: =IFERROR(IF(INDEX(Partidos!$H$4:$H$107,MATCH($A74,Partidos!$A$4:$A$107,0))<>"Finalizado","",IF(OR(NOT(ISNUMBER($E74)),NOT(ISNUMBER($F74))),"",IF(INDEX(Partidos!$J$4:$J$107,MATCH($A74,Partidos!$A$4:$A$107,0))="Grupos",IF(AND($E74=INDEX(Partidos!$F$4:$F$107,MATCH($A74,Partidos!$A$4:$A$107,0)),$F74=INDEX(Partidos!$G$4:$G$107,MATCH($A74,Partidos!$A$4:$A$107,0))),Puntuacion!$B$4,IF(($E74-$F74)=(INDEX(Partidos!$F$4:$F$107,MATCH($A74,Partidos!$A$4:$A$107,0))-INDEX(Partidos!$G$4:$G$107,MATCH($A74,Partidos!$A$4:$A$107,0))),Puntuacion!$B$5,IF(OR(AND($E74>$F74,INDEX(Partidos!$F$4:$F$107,MATCH($A74,Partidos!$A$4:$A$107,0))>INDEX(Partidos!$G$4:$G$107,MATCH($A74,Partidos!$A$4:$A$107,0))),AND($E74=$F74,INDEX(Partidos!$F$4:$F$107,MATCH($A74,Partidos!$A$4:$A$107,0))=INDEX(Partidos!$G$4:$G$107,MATCH($A74,Partidos!$A$4:$A$107,0))),AND($E74<$F74,INDEX(Partidos!$F$4:$F$107,MATCH($A74,Partidos!$A$4:$A$107,0))<INDEX(Partidos!$G$4:$G$107,MATCH($A74,Partidos!$A$4:$A$107,0)))),Puntuacion!$B$6,0))),IF(AND($E74=INDEX(Partidos!$F$4:$F$107,MATCH($A74,Partidos!$A$4:$A$107,0)),$F74=INDEX(Partidos!$G$4:$G$107,MATCH($A74,Partidos!$A$4:$A$107,0))),Puntuacion!$B$9,IF(($E74-$F74)=(INDEX(Partidos!$F$4:$F$107,MATCH($A74,Partidos!$A$4:$A$107,0))-INDEX(Partidos!$G$4:$G$107,MATCH($A74,Partidos!$A$4:$A$107,0))),Puntuacion!$B$10,IF(AND($H74<>"",$H74=INDEX(Partidos!$K$4:$K$107,MATCH($A74,Partidos!$A$4:$A$107,0))),Puntuacion!$B$11,0)))))),"") | H74: =IFERROR(INDEX(Quintero!H$4:H$107,MATCH($A74,Quintero!$A$4:$A$107,0)),"") | I74: =IFERROR(INDEX(Partidos!$J$4:$J$107,MATCH($A74,Partidos!$A$4:$A$107,0)),"") | J74: =IF(AND(INDEX(Partidos!$J$4:$J$107,MATCH($A74,Partidos!$A$4:$A$107,0))<>"Grupos",INDEX(Partidos!$H$4:$H$107,MATCH($A74,Partidos!$A$4:$A$107,0))="Finalizado",$H74<>"",$H74=INDEX(Partidos!$K$4:$K$107,MATCH($A74,Partidos!$A$4:$A$107,0))),1,0)
A75: 7 | B75: =IFERROR(INDEX(Partidos!$D$4:$D$107,MATCH($A75,Partidos!$A$4:$A$107,0)),"") | C75: =IFERROR(INDEX(Partidos!$E$4:$E$107,MATCH($A75,Partidos!$A$4:$A$107,0)),"") | D75: Nacho | E75: =IFERROR(INDEX(Nacho!F$4:F$107,MATCH($A75,Nacho!$A$4:$A$107,0)),"") | F75: =IFERROR(INDEX(Nacho!G$4:G$107,MATCH($A75,Nacho!$A$4:$A$107,0)),"") | G75: =IFERROR(IF(INDEX(Partidos!$H$4:$H$107,MATCH($A75,Partidos!$A$4:$A$107,0))<>"Finalizado","",IF(OR(NOT(ISNUMBER($E75)),NOT(ISNUMBER($F75))),"",IF(INDEX(Partidos!$J$4:$J$107,MATCH($A75,Partidos!$A$4:$A$107,0))="Grupos",IF(AND($E75=INDEX(Partidos!$F$4:$F$107,MATCH($A75,Partidos!$A$4:$A$107,0)),$F75=INDEX(Partidos!$G$4:$G$107,MATCH($A75,Partidos!$A$4:$A$107,0))),Puntuacion!$B$4,IF(($E75-$F75)=(INDEX(Partidos!$F$4:$F$107,MATCH($A75,Partidos!$A$4:$A$107,0))-INDEX(Partidos!$G$4:$G$107,MATCH($A75,Partidos!$A$4:$A$107,0))),Puntuacion!$B$5,IF(OR(AND($E75>$F75,INDEX(Partidos!$F$4:$F$107,MATCH($A75,Partidos!$A$4:$A$107,0))>INDEX(Partidos!$G$4:$G$107,MATCH($A75,Partidos!$A$4:$A$107,0))),AND($E75=$F75,INDEX(Partidos!$F$4:$F$107,MATCH($A75,Partidos!$A$4:$A$107,0))=INDEX(Partidos!$G$4:$G$107,MATCH($A75,Partidos!$A$4:$A$107,0))),AND($E75<$F75,INDEX(Partidos!$F$4:$F$107,MATCH($A75,Partidos!$A$4:$A$107,0))<INDEX(Partidos!$G$4:$G$107,MATCH($A75,Partidos!$A$4:$A$107,0)))),Puntuacion!$B$6,0))),IF(AND($E75=INDEX(Partidos!$F$4:$F$107,MATCH($A75,Partidos!$A$4:$A$107,0)),$F75=INDEX(Partidos!$G$4:$G$107,MATCH($A75,Partidos!$A$4:$A$107,0))),Puntuacion!$B$9,IF(($E75-$F75)=(INDEX(Partidos!$F$4:$F$107,MATCH($A75,Partidos!$A$4:$A$107,0))-INDEX(Partidos!$G$4:$G$107,MATCH($A75,Partidos!$A$4:$A$107,0))),Puntuacion!$B$10,IF(AND($H75<>"",$H75=INDEX(Partidos!$K$4:$K$107,MATCH($A75,Partidos!$A$4:$A$107,0))),Puntuacion!$B$11,0)))))),"") | H75: =IFERROR(INDEX(Nacho!H$4:H$107,MATCH($A75,Nacho!$A$4:$A$107,0)),"") | I75: =IFERROR(INDEX(Partidos!$J$4:$J$107,MATCH($A75,Partidos!$A$4:$A$107,0)),"") | J75: =IF(AND(INDEX(Partidos!$J$4:$J$107,MATCH($A75,Partidos!$A$4:$A$107,0))<>"Grupos",INDEX(Partidos!$H$4:$H$107,MATCH($A75,Partidos!$A$4:$A$107,0))="Finalizado",$H75<>"",$H75=INDEX(Partidos!$K$4:$K$107,MATCH($A75,Partidos!$A$4:$A$107,0))),1,0)
A76: 7 | B76: =IFERROR(INDEX(Partidos!$D$4:$D$107,MATCH($A76,Partidos!$A$4:$A$107,0)),"") | C76: =IFERROR(INDEX(Partidos!$E$4:$E$107,MATCH($A76,Partidos!$A$4:$A$107,0)),"") | D76: Luis | E76: =IFERROR(INDEX(Luis!F$4:F$107,MATCH($A76,Luis!$A$4:$A$107,0)),"") | F76: =IFERROR(INDEX(Luis!G$4:G$107,MATCH($A76,Luis!$A$4:$A$107,0)),"") | G76: =IFERROR(IF(INDEX(Partidos!$H$4:$H$107,MATCH($A76,Partidos!$A$4:$A$107,0))<>"Finalizado","",IF(OR(NOT(ISNUMBER($E76)),NOT(ISNUMBER($F76))),"",IF(INDEX(Partidos!$J$4:$J$107,MATCH($A76,Partidos!$A$4:$A$107,0))="Grupos",IF(AND($E76=INDEX(Partidos!$F$4:$F$107,MATCH($A76,Partidos!$A$4:$A$107,0)),$F76=INDEX(Partidos!$G$4:$G$107,MATCH($A76,Partidos!$A$4:$A$107,0))),Puntuacion!$B$4,IF(($E76-$F76)=(INDEX(Partidos!$F$4:$F$107,MATCH($A76,Partidos!$A$4:$A$107,0))-INDEX(Partidos!$G$4:$G$107,MATCH($A76,Partidos!$A$4:$A$107,0))),Puntuacion!$B$5,IF(OR(AND($E76>$F76,INDEX(Partidos!$F$4:$F$107,MATCH($A76,Partidos!$A$4:$A$107,0))>INDEX(Partidos!$G$4:$G$107,MATCH($A76,Partidos!$A$4:$A$107,0))),AND($E76=$F76,INDEX(Partidos!$F$4:$F$107,MATCH($A76,Partidos!$A$4:$A$107,0))=INDEX(Partidos!$G$4:$G$107,MATCH($A76,Partidos!$A$4:$A$107,0))),AND($E76<$F76,INDEX(Partidos!$F$4:$F$107,MATCH($A76,Partidos!$A$4:$A$107,0))<INDEX(Partidos!$G$4:$G$107,MATCH($A76,Partidos!$A$4:$A$107,0)))),Puntuacion!$B$6,0))),IF(AND($E76=INDEX(Partidos!$F$4:$F$107,MATCH($A76,Partidos!$A$4:$A$107,0)),$F76=INDEX(Partidos!$G$4:$G$107,MATCH($A76,Partidos!$A$4:$A$107,0))),Puntuacion!$B$9,IF(($E76-$F76)=(INDEX(Partidos!$F$4:$F$107,MATCH($A76,Partidos!$A$4:$A$107,0))-INDEX(Partidos!$G$4:$G$107,MATCH($A76,Partidos!$A$4:$A$107,0))),Puntuacion!$B$10,IF(AND($H76<>"",$H76=INDEX(Partidos!$K$4:$K$107,MATCH($A76,Partidos!$A$4:$A$107,0))),Puntuacion!$B$11,0)))))),"") | H76: =IFERROR(INDEX(Luis!H$4:H$107,MATCH($A76,Luis!$A$4:$A$107,0)),"") | I76: =IFERROR(INDEX(Partidos!$J$4:$J$107,MATCH($A76,Partidos!$A$4:$A$107,0)),"") | J76: =IF(AND(INDEX(Partidos!$J$4:$J$107,MATCH($A76,Partidos!$A$4:$A$107,0))<>"Grupos",INDEX(Partidos!$H$4:$H$107,MATCH($A76,Partidos!$A$4:$A$107,0))="Finalizado",$H76<>"",$H76=INDEX(Partidos!$K$4:$K$107,MATCH($A76,Partidos!$A$4:$A$107,0))),1,0)
A77: 7 | B77: =IFERROR(INDEX(Partidos!$D$4:$D$107,MATCH($A77,Partidos!$A$4:$A$107,0)),"") | C77: =IFERROR(INDEX(Partidos!$E$4:$E$107,MATCH($A77,Partidos!$A$4:$A$107,0)),"") | D77: Felipe | E77: =IFERROR(INDEX(Felipe!F$4:F$107,MATCH($A77,Felipe!$A$4:$A$107,0)),"") | F77: =IFERROR(INDEX(Felipe!G$4:G$107,MATCH($A77,Felipe!$A$4:$A$107,0)),"") | G77: =IFERROR(IF(INDEX(Partidos!$H$4:$H$107,MATCH($A77,Partidos!$A$4:$A$107,0))<>"Finalizado","",IF(OR(NOT(ISNUMBER($E77)),NOT(ISNUMBER($F77))),"",IF(INDEX(Partidos!$J$4:$J$107,MATCH($A77,Partidos!$A$4:$A$107,0))="Grupos",IF(AND($E77=INDEX(Partidos!$F$4:$F$107,MATCH($A77,Partidos!$A$4:$A$107,0)),$F77=INDEX(Partidos!$G$4:$G$107,MATCH($A77,Partidos!$A$4:$A$107,0))),Puntuacion!$B$4,IF(($E77-$F77)=(INDEX(Partidos!$F$4:$F$107,MATCH($A77,Partidos!$A$4:$A$107,0))-INDEX(Partidos!$G$4:$G$107,MATCH($A77,Partidos!$A$4:$A$107,0))),Puntuacion!$B$5,IF(OR(AND($E77>$F77,INDEX(Partidos!$F$4:$F$107,MATCH($A77,Partidos!$A$4:$A$107,0))>INDEX(Partidos!$G$4:$G$107,MATCH($A77,Partidos!$A$4:$A$107,0))),AND($E77=$F77,INDEX(Partidos!$F$4:$F$107,MATCH($A77,Partidos!$A$4:$A$107,0))=INDEX(Partidos!$G$4:$G$107,MATCH($A77,Partidos!$A$4:$A$107,0))),AND($E77<$F77,INDEX(Partidos!$F$4:$F$107,MATCH($A77,Partidos!$A$4:$A$107,0))<INDEX(Partidos!$G$4:$G$107,MATCH($A77,Partidos!$A$4:$A$107,0)))),Puntuacion!$B$6,0))),IF(AND($E77=INDEX(Partidos!$F$4:$F$107,MATCH($A77,Partidos!$A$4:$A$107,0)),$F77=INDEX(Partidos!$G$4:$G$107,MATCH($A77,Partidos!$A$4:$A$107,0))),Puntuacion!$B$9,IF(($E77-$F77)=(INDEX(Partidos!$F$4:$F$107,MATCH($A77,Partidos!$A$4:$A$107,0))-INDEX(Partidos!$G$4:$G$107,MATCH($A77,Partidos!$A$4:$A$107,0))),Puntuacion!$B$10,IF(AND($H77<>"",$H77=INDEX(Partidos!$K$4:$K$107,MATCH($A77,Partidos!$A$4:$A$107,0))),Puntuacion!$B$11,0)))))),"") | H77: =IFERROR(INDEX(Felipe!H$4:H$107,MATCH($A77,Felipe!$A$4:$A$107,0)),"") | I77: =IFERROR(INDEX(Partidos!$J$4:$J$107,MATCH($A77,Partidos!$A$4:$A$107,0)),"") | J77: =IF(AND(INDEX(Partidos!$J$4:$J$107,MATCH($A77,Partidos!$A$4:$A$107,0))<>"Grupos",INDEX(Partidos!$H$4:$H$107,MATCH($A77,Partidos!$A$4:$A$107,0))="Finalizado",$H77<>"",$H77=INDEX(Partidos!$K$4:$K$107,MATCH($A77,Partidos!$A$4:$A$107,0))),1,0)
A78: 7 | B78: =IFERROR(INDEX(Partidos!$D$4:$D$107,MATCH($A78,Partidos!$A$4:$A$107,0)),"") | C78: =IFERROR(INDEX(Partidos!$E$4:$E$107,MATCH($A78,Partidos!$A$4:$A$107,0)),"") | D78: Simón | E78: =IFERROR(INDEX(Simón!F$4:F$107,MATCH($A78,Simón!$A$4:$A$107,0)),"") | F78: =IFERROR(INDEX(Simón!G$4:G$107,MATCH($A78,Simón!$A$4:$A$107,0)),"") | G78: =IFERROR(IF(INDEX(Partidos!$H$4:$H$107,MATCH($A78,Partidos!$A$4:$A$107,0))<>"Finalizado","",IF(OR(NOT(ISNUMBER($E78)),NOT(ISNUMBER($F78))),"",IF(INDEX(Partidos!$J$4:$J$107,MATCH($A78,Partidos!$A$4:$A$107,0))="Grupos",IF(AND($E78=INDEX(Partidos!$F$4:$F$107,MATCH($A78,Partidos!$A$4:$A$107,0)),$F78=INDEX(Partidos!$G$4:$G$107,MATCH($A78,Partidos!$A$4:$A$107,0))),Puntuacion!$B$4,IF(($E78-$F78)=(INDEX(Partidos!$F$4:$F$107,MATCH($A78,Partidos!$A$4:$A$107,0))-INDEX(Partidos!$G$4:$G$107,MATCH($A78,Partidos!$A$4:$A$107,0))),Puntuacion!$B$5,IF(OR(AND($E78>$F78,INDEX(Partidos!$F$4:$F$107,MATCH($A78,Partidos!$A$4:$A$107,0))>INDEX(Partidos!$G$4:$G$107,MATCH($A78,Partidos!$A$4:$A$107,0))),AND($E78=$F78,INDEX(Partidos!$F$4:$F$107,MATCH($A78,Partidos!$A$4:$A$107,0))=INDEX(Partidos!$G$4:$G$107,MATCH($A78,Partidos!$A$4:$A$107,0))),AND($E78<$F78,INDEX(Partidos!$F$4:$F$107,MATCH($A78,Partidos!$A$4:$A$107,0))<INDEX(Partidos!$G$4:$G$107,MATCH($A78,Partidos!$A$4:$A$107,0)))),Puntuacion!$B$6,0))),IF(AND($E78=INDEX(Partidos!$F$4:$F$107,MATCH($A78,Partidos!$A$4:$A$107,0)),$F78=INDEX(Partidos!$G$4:$G$107,MATCH($A78,Partidos!$A$4:$A$107,0))),Puntuacion!$B$9,IF(($E78-$F78)=(INDEX(Partidos!$F$4:$F$107,MATCH($A78,Partidos!$A$4:$A$107,0))-INDEX(Partidos!$G$4:$G$107,MATCH($A78,Partidos!$A$4:$A$107,0))),Puntuacion!$B$10,IF(AND($H78<>"",$H78=INDEX(Partidos!$K$4:$K$107,MATCH($A78,Partidos!$A$4:$A$107,0))),Puntuacion!$B$11,0)))))),"") | H78: =IFERROR(INDEX(Simón!H$4:H$107,MATCH($A78,Simón!$A$4:$A$107,0)),"") | I78: =IFERROR(INDEX(Partidos!$J$4:$J$107,MATCH($A78,Partidos!$A$4:$A$107,0)),"") | J78: =IF(AND(INDEX(Partidos!$J$4:$J$107,MATCH($A78,Partidos!$A$4:$A$107,0))<>"Grupos",INDEX(Partidos!$H$4:$H$107,MATCH($A78,Partidos!$A$4:$A$107,0))="Finalizado",$H78<>"",$H78=INDEX(Partidos!$K$4:$K$107,MATCH($A78,Partidos!$A$4:$A$107,0))),1,0)
A79: 7 | B79: =IFERROR(INDEX(Partidos!$D$4:$D$107,MATCH($A79,Partidos!$A$4:$A$107,0)),"") | C79: =IFERROR(INDEX(Partidos!$E$4:$E$107,MATCH($A79,Partidos!$A$4:$A$107,0)),"") | D79: Muni | E79: =IFERROR(INDEX(Muni!F$4:F$107,MATCH($A79,Muni!$A$4:$A$107,0)),"") | F79: =IFERROR(INDEX(Muni!G$4:G$107,MATCH($A79,Muni!$A$4:$A$107,0)),"") | G79: =IFERROR(IF(INDEX(Partidos!$H$4:$H$107,MATCH($A79,Partidos!$A$4:$A$107,0))<>"Finalizado","",IF(OR(NOT(ISNUMBER($E79)),NOT(ISNUMBER($F79))),"",IF(INDEX(Partidos!$J$4:$J$107,MATCH($A79,Partidos!$A$4:$A$107,0))="Grupos",IF(AND($E79=INDEX(Partidos!$F$4:$F$107,MATCH($A79,Partidos!$A$4:$A$107,0)),$F79=INDEX(Partidos!$G$4:$G$107,MATCH($A79,Partidos!$A$4:$A$107,0))),Puntuacion!$B$4,IF(($E79-$F79)=(INDEX(Partidos!$F$4:$F$107,MATCH($A79,Partidos!$A$4:$A$107,0))-INDEX(Partidos!$G$4:$G$107,MATCH($A79,Partidos!$A$4:$A$107,0))),Puntuacion!$B$5,IF(OR(AND($E79>$F79,INDEX(Partidos!$F$4:$F$107,MATCH($A79,Partidos!$A$4:$A$107,0))>INDEX(Partidos!$G$4:$G$107,MATCH($A79,Partidos!$A$4:$A$107,0))),AND($E79=$F79,INDEX(Partidos!$F$4:$F$107,MATCH($A79,Partidos!$A$4:$A$107,0))=INDEX(Partidos!$G$4:$G$107,MATCH($A79,Partidos!$A$4:$A$107,0))),AND($E79<$F79,INDEX(Partidos!$F$4:$F$107,MATCH($A79,Partidos!$A$4:$A$107,0))<INDEX(Partidos!$G$4:$G$107,MATCH($A79,Partidos!$A$4:$A$107,0)))),Puntuacion!$B$6,0))),IF(AND($E79=INDEX(Partidos!$F$4:$F$107,MATCH($A79,Partidos!$A$4:$A$107,0)),$F79=INDEX(Partidos!$G$4:$G$107,MATCH($A79,Partidos!$A$4:$A$107,0))),Puntuacion!$B$9,IF(($E79-$F79)=(INDEX(Partidos!$F$4:$F$107,MATCH($A79,Partidos!$A$4:$A$107,0))-INDEX(Partidos!$G$4:$G$107,MATCH($A79,Partidos!$A$4:$A$107,0))),Puntuacion!$B$10,IF(AND($H79<>"",$H79=INDEX(Partidos!$K$4:$K$107,MATCH($A79,Partidos!$A$4:$A$107,0))),Puntuacion!$B$11,0)))))),"") | H79: =IFERROR(INDEX(Muni!H$4:H$107,MATCH($A79,Muni!$A$4:$A$107,0)),"") | I79: =IFERROR(INDEX(Partidos!$J$4:$J$107,MATCH($A79,Partidos!$A$4:$A$107,0)),"") | J79: =IF(AND(INDEX(Partidos!$J$4:$J$107,MATCH($A79,Partidos!$A$4:$A$107,0))<>"Grupos",INDEX(Partidos!$H$4:$H$107,MATCH($A79,Partidos!$A$4:$A$107,0))="Finalizado",$H79<>"",$H79=INDEX(Partidos!$K$4:$K$107,MATCH($A79,Partidos!$A$4:$A$107,0))),1,0)
A80: 7 | B80: =IFERROR(INDEX(Partidos!$D$4:$D$107,MATCH($A80,Partidos!$A$4:$A$107,0)),"") | C80: =IFERROR(INDEX(Partidos!$E$4:$E$107,MATCH($A80,Partidos!$A$4:$A$107,0)),"") | D80: Fer | E80: =IFERROR(INDEX(Fer!F$4:F$107,MATCH($A80,Fer!$A$4:$A$107,0)),"") | F80: =IFERROR(INDEX(Fer!G$4:G$107,MATCH($A80,Fer!$A$4:$A$107,0)),"") | G80: =IFERROR(IF(INDEX(Partidos!$H$4:$H$107,MATCH($A80,Partidos!$A$4:$A$107,0))<>"Finalizado","",IF(OR(NOT(ISNUMBER($E80)),NOT(ISNUMBER($F80))),"",IF(INDEX(Partidos!$J$4:$J$107,MATCH($A80,Partidos!$A$4:$A$107,0))="Grupos",IF(AND($E80=INDEX(Partidos!$F$4:$F$107,MATCH($A80,Partidos!$A$4:$A$107,0)),$F80=INDEX(Partidos!$G$4:$G$107,MATCH($A80,Partidos!$A$4:$A$107,0))),Puntuacion!$B$4,IF(($E80-$F80)=(INDEX(Partidos!$F$4:$F$107,MATCH($A80,Partidos!$A$4:$A$107,0))-INDEX(Partidos!$G$4:$G$107,MATCH($A80,Partidos!$A$4:$A$107,0))),Puntuacion!$B$5,IF(OR(AND($E80>$F80,INDEX(Partidos!$F$4:$F$107,MATCH($A80,Partidos!$A$4:$A$107,0))>INDEX(Partidos!$G$4:$G$107,MATCH($A80,Partidos!$A$4:$A$107,0))),AND($E80=$F80,INDEX(Partidos!$F$4:$F$107,MATCH($A80,Partidos!$A$4:$A$107,0))=INDEX(Partidos!$G$4:$G$107,MATCH($A80,Partidos!$A$4:$A$107,0))),AND($E80<$F80,INDEX(Partidos!$F$4:$F$107,MATCH($A80,Partidos!$A$4:$A$107,0))<INDEX(Partidos!$G$4:$G$107,MATCH($A80,Partidos!$A$4:$A$107,0)))),Puntuacion!$B$6,0))),IF(AND($E80=INDEX(Partidos!$F$4:$F$107,MATCH($A80,Partidos!$A$4:$A$107,0)),$F80=INDEX(Partidos!$G$4:$G$107,MATCH($A80,Partidos!$A$4:$A$107,0))),Puntuacion!$B$9,IF(($E80-$F80)=(INDEX(Partidos!$F$4:$F$107,MATCH($A80,Partidos!$A$4:$A$107,0))-INDEX(Partidos!$G$4:$G$107,MATCH($A80,Partidos!$A$4:$A$107,0))),Puntuacion!$B$10,IF(AND($H80<>"",$H80=INDEX(Partidos!$K$4:$K$107,MATCH($A80,Partidos!$A$4:$A$107,0))),Puntuacion!$B$11,0)))))),"") | H80: =IFERROR(INDEX(Fer!H$4:H$107,MATCH($A80,Fer!$A$4:$A$107,0)),"") | I80: =IFERROR(INDEX(Partidos!$J$4:$J$107,MATCH($A80,Partidos!$A$4:$A$107,0)),"") | J80: =IF(AND(INDEX(Partidos!$J$4:$J$107,MATCH($A80,Partidos!$A$4:$A$107,0))<>"Grupos",INDEX(Partidos!$H$4:$H$107,MATCH($A80,Partidos!$A$4:$A$107,0))="Finalizado",$H80<>"",$H80=INDEX(Partidos!$K$4:$K$107,MATCH($A80,Partidos!$A$4:$A$107,0))),1,0)
A81: 8 | B81: =IFERROR(INDEX(Partidos!$D$4:$D$107,MATCH($A81,Partidos!$A$4:$A$107,0)),"") | C81: =IFERROR(INDEX(Partidos!$E$4:$E$107,MATCH($A81,Partidos!$A$4:$A$107,0)),"") | D81: Álvaro | E81: =IFERROR(INDEX(Álvaro!F$4:F$107,MATCH($A81,Álvaro!$A$4:$A$107,0)),"") | F81: =IFERROR(INDEX(Álvaro!G$4:G$107,MATCH($A81,Álvaro!$A$4:$A$107,0)),"") | G81: =IFERROR(IF(INDEX(Partidos!$H$4:$H$107,MATCH($A81,Partidos!$A$4:$A$107,0))<>"Finalizado","",IF(OR(NOT(ISNUMBER($E81)),NOT(ISNUMBER($F81))),"",IF(INDEX(Partidos!$J$4:$J$107,MATCH($A81,Partidos!$A$4:$A$107,0))="Grupos",IF(AND($E81=INDEX(Partidos!$F$4:$F$107,MATCH($A81,Partidos!$A$4:$A$107,0)),$F81=INDEX(Partidos!$G$4:$G$107,MATCH($A81,Partidos!$A$4:$A$107,0))),Puntuacion!$B$4,IF(($E81-$F81)=(INDEX(Partidos!$F$4:$F$107,MATCH($A81,Partidos!$A$4:$A$107,0))-INDEX(Partidos!$G$4:$G$107,MATCH($A81,Partidos!$A$4:$A$107,0))),Puntuacion!$B$5,IF(OR(AND($E81>$F81,INDEX(Partidos!$F$4:$F$107,MATCH($A81,Partidos!$A$4:$A$107,0))>INDEX(Partidos!$G$4:$G$107,MATCH($A81,Partidos!$A$4:$A$107,0))),AND($E81=$F81,INDEX(Partidos!$F$4:$F$107,MATCH($A81,Partidos!$A$4:$A$107,0))=INDEX(Partidos!$G$4:$G$107,MATCH($A81,Partidos!$A$4:$A$107,0))),AND($E81<$F81,INDEX(Partidos!$F$4:$F$107,MATCH($A81,Partidos!$A$4:$A$107,0))<INDEX(Partidos!$G$4:$G$107,MATCH($A81,Partidos!$A$4:$A$107,0)))),Puntuacion!$B$6,0))),IF(AND($E81=INDEX(Partidos!$F$4:$F$107,MATCH($A81,Partidos!$A$4:$A$107,0)),$F81=INDEX(Partidos!$G$4:$G$107,MATCH($A81,Partidos!$A$4:$A$107,0))),Puntuacion!$B$9,IF(($E81-$F81)=(INDEX(Partidos!$F$4:$F$107,MATCH($A81,Partidos!$A$4:$A$107,0))-INDEX(Partidos!$G$4:$G$107,MATCH($A81,Partidos!$A$4:$A$107,0))),Puntuacion!$B$10,IF(AND($H81<>"",$H81=INDEX(Partidos!$K$4:$K$107,MATCH($A81,Partidos!$A$4:$A$107,0))),Puntuacion!$B$11,0)))))),"") | H81: =IFERROR(INDEX(Álvaro!H$4:H$107,MATCH($A81,Álvaro!$A$4:$A$107,0)),"") | I81: =IFERROR(INDEX(Partidos!$J$4:$J$107,MATCH($A81,Partidos!$A$4:$A$107,0)),"") | J81: =IF(AND(INDEX(Partidos!$J$4:$J$107,MATCH($A81,Partidos!$A$4:$A$107,0))<>"Grupos",INDEX(Partidos!$H$4:$H$107,MATCH($A81,Partidos!$A$4:$A$107,0))="Finalizado",$H81<>"",$H81=INDEX(Partidos!$K$4:$K$107,MATCH($A81,Partidos!$A$4:$A$107,0))),1,0)
A82: 8 | B82: =IFERROR(INDEX(Partidos!$D$4:$D$107,MATCH($A82,Partidos!$A$4:$A$107,0)),"") | C82: =IFERROR(INDEX(Partidos!$E$4:$E$107,MATCH($A82,Partidos!$A$4:$A$107,0)),"") | D82: Pepe | E82: =IFERROR(INDEX(Pepe!F$4:F$107,MATCH($A82,Pepe!$A$4:$A$107,0)),"") | F82: =IFERROR(INDEX(Pepe!G$4:G$107,MATCH($A82,Pepe!$A$4:$A$107,0)),"") | G82: =IFERROR(IF(INDEX(Partidos!$H$4:$H$107,MATCH($A82,Partidos!$A$4:$A$107,0))<>"Finalizado","",IF(OR(NOT(ISNUMBER($E82)),NOT(ISNUMBER($F82))),"",IF(INDEX(Partidos!$J$4:$J$107,MATCH($A82,Partidos!$A$4:$A$107,0))="Grupos",IF(AND($E82=INDEX(Partidos!$F$4:$F$107,MATCH($A82,Partidos!$A$4:$A$107,0)),$F82=INDEX(Partidos!$G$4:$G$107,MATCH($A82,Partidos!$A$4:$A$107,0))),Puntuacion!$B$4,IF(($E82-$F82)=(INDEX(Partidos!$F$4:$F$107,MATCH($A82,Partidos!$A$4:$A$107,0))-INDEX(Partidos!$G$4:$G$107,MATCH($A82,Partidos!$A$4:$A$107,0))),Puntuacion!$B$5,IF(OR(AND($E82>$F82,INDEX(Partidos!$F$4:$F$107,MATCH($A82,Partidos!$A$4:$A$107,0))>INDEX(Partidos!$G$4:$G$107,MATCH($A82,Partidos!$A$4:$A$107,0))),AND($E82=$F82,INDEX(Partidos!$F$4:$F$107,MATCH($A82,Partidos!$A$4:$A$107,0))=INDEX(Partidos!$G$4:$G$107,MATCH($A82,Partidos!$A$4:$A$107,0))),AND($E82<$F82,INDEX(Partidos!$F$4:$F$107,MATCH($A82,Partidos!$A$4:$A$107,0))<INDEX(Partidos!$G$4:$G$107,MATCH($A82,Partidos!$A$4:$A$107,0)))),Puntuacion!$B$6,0))),IF(AND($E82=INDEX(Partidos!$F$4:$F$107,MATCH($A82,Partidos!$A$4:$A$107,0)),$F82=INDEX(Partidos!$G$4:$G$107,MATCH($A82,Partidos!$A$4:$A$107,0))),Puntuacion!$B$9,IF(($E82-$F82)=(INDEX(Partidos!$F$4:$F$107,MATCH($A82,Partidos!$A$4:$A$107,0))-INDEX(Partidos!$G$4:$G$107,MATCH($A82,Partidos!$A$4:$A$107,0))),Puntuacion!$B$10,IF(AND($H82<>"",$H82=INDEX(Partidos!$K$4:$K$107,MATCH($A82,Partidos!$A$4:$A$107,0))),Puntuacion!$B$11,0)))))),"") | H82: =IFERROR(INDEX(Pepe!H$4:H$107,MATCH($A82,Pepe!$A$4:$A$107,0)),"") | I82: =IFERROR(INDEX(Partidos!$J$4:$J$107,MATCH($A82,Partidos!$A$4:$A$107,0)),"") | J82: =IF(AND(INDEX(Partidos!$J$4:$J$107,MATCH($A82,Partidos!$A$4:$A$107,0))<>"Grupos",INDEX(Partidos!$H$4:$H$107,MATCH($A82,Partidos!$A$4:$A$107,0))="Finalizado",$H82<>"",$H82=INDEX(Partidos!$K$4:$K$107,MATCH($A82,Partidos!$A$4:$A$107,0))),1,0)
A83: 8 | B83: =IFERROR(INDEX(Partidos!$D$4:$D$107,MATCH($A83,Partidos!$A$4:$A$107,0)),"") | C83: =IFERROR(INDEX(Partidos!$E$4:$E$107,MATCH($A83,Partidos!$A$4:$A$107,0)),"") | D83: Patri | E83: =IFERROR(INDEX(Patri!F$4:F$107,MATCH($A83,Patri!$A$4:$A$107,0)),"") | F83: =IFERROR(INDEX(Patri!G$4:G$107,MATCH($A83,Patri!$A$4:$A$107,0)),"") | G83: =IFERROR(IF(INDEX(Partidos!$H$4:$H$107,MATCH($A83,Partidos!$A$4:$A$107,0))<>"Finalizado","",IF(OR(NOT(ISNUMBER($E83)),NOT(ISNUMBER($F83))),"",IF(INDEX(Partidos!$J$4:$J$107,MATCH($A83,Partidos!$A$4:$A$107,0))="Grupos",IF(AND($E83=INDEX(Partidos!$F$4:$F$107,MATCH($A83,Partidos!$A$4:$A$107,0)),$F83=INDEX(Partidos!$G$4:$G$107,MATCH($A83,Partidos!$A$4:$A$107,0))),Puntuacion!$B$4,IF(($E83-$F83)=(INDEX(Partidos!$F$4:$F$107,MATCH($A83,Partidos!$A$4:$A$107,0))-INDEX(Partidos!$G$4:$G$107,MATCH($A83,Partidos!$A$4:$A$107,0))),Puntuacion!$B$5,IF(OR(AND($E83>$F83,INDEX(Partidos!$F$4:$F$107,MATCH($A83,Partidos!$A$4:$A$107,0))>INDEX(Partidos!$G$4:$G$107,MATCH($A83,Partidos!$A$4:$A$107,0))),AND($E83=$F83,INDEX(Partidos!$F$4:$F$107,MATCH($A83,Partidos!$A$4:$A$107,0))=INDEX(Partidos!$G$4:$G$107,MATCH($A83,Partidos!$A$4:$A$107,0))),AND($E83<$F83,INDEX(Partidos!$F$4:$F$107,MATCH($A83,Partidos!$A$4:$A$107,0))<INDEX(Partidos!$G$4:$G$107,MATCH($A83,Partidos!$A$4:$A$107,0)))),Puntuacion!$B$6,0))),IF(AND($E83=INDEX(Partidos!$F$4:$F$107,MATCH($A83,Partidos!$A$4:$A$107,0)),$F83=INDEX(Partidos!$G$4:$G$107,MATCH($A83,Partidos!$A$4:$A$107,0))),Puntuacion!$B$9,IF(($E83-$F83)=(INDEX(Partidos!$F$4:$F$107,MATCH($A83,Partidos!$A$4:$A$107,0))-INDEX(Partidos!$G$4:$G$107,MATCH($A83,Partidos!$A$4:$A$107,0))),Puntuacion!$B$10,IF(AND($H83<>"",$H83=INDEX(Partidos!$K$4:$K$107,MATCH($A83,Partidos!$A$4:$A$107,0))),Puntuacion!$B$11,0)))))),"") | H83: =IFERROR(INDEX(Patri!H$4:H$107,MATCH($A83,Patri!$A$4:$A$107,0)),"") | I83: =IFERROR(INDEX(Partidos!$J$4:$J$107,MATCH($A83,Partidos!$A$4:$A$107,0)),"") | J83: =IF(AND(INDEX(Partidos!$J$4:$J$107,MATCH($A83,Partidos!$A$4:$A$107,0))<>"Grupos",INDEX(Partidos!$H$4:$H$107,MATCH($A83,Partidos!$A$4:$A$107,0))="Finalizado",$H83<>"",$H83=INDEX(Partidos!$K$4:$K$107,MATCH($A83,Partidos!$A$4:$A$107,0))),1,0)
A84: 8 | B84: =IFERROR(INDEX(Partidos!$D$4:$D$107,MATCH($A84,Partidos!$A$4:$A$107,0)),"") | C84: =IFERROR(INDEX(Partidos!$E$4:$E$107,MATCH($A84,Partidos!$A$4:$A$107,0)),"") | D84: Kike | E84: =IFERROR(INDEX(Kike!F$4:F$107,MATCH($A84,Kike!$A$4:$A$107,0)),"") | F84: =IFERROR(INDEX(Kike!G$4:G$107,MATCH($A84,Kike!$A$4:$A$107,0)),"") | G84: =IFERROR(IF(INDEX(Partidos!$H$4:$H$107,MATCH($A84,Partidos!$A$4:$A$107,0))<>"Finalizado","",IF(OR(NOT(ISNUMBER($E84)),NOT(ISNUMBER($F84))),"",IF(INDEX(Partidos!$J$4:$J$107,MATCH($A84,Partidos!$A$4:$A$107,0))="Grupos",IF(AND($E84=INDEX(Partidos!$F$4:$F$107,MATCH($A84,Partidos!$A$4:$A$107,0)),$F84=INDEX(Partidos!$G$4:$G$107,MATCH($A84,Partidos!$A$4:$A$107,0))),Puntuacion!$B$4,IF(($E84-$F84)=(INDEX(Partidos!$F$4:$F$107,MATCH($A84,Partidos!$A$4:$A$107,0))-INDEX(Partidos!$G$4:$G$107,MATCH($A84,Partidos!$A$4:$A$107,0))),Puntuacion!$B$5,IF(OR(AND($E84>$F84,INDEX(Partidos!$F$4:$F$107,MATCH($A84,Partidos!$A$4:$A$107,0))>INDEX(Partidos!$G$4:$G$107,MATCH($A84,Partidos!$A$4:$A$107,0))),AND($E84=$F84,INDEX(Partidos!$F$4:$F$107,MATCH($A84,Partidos!$A$4:$A$107,0))=INDEX(Partidos!$G$4:$G$107,MATCH($A84,Partidos!$A$4:$A$107,0))),AND($E84<$F84,INDEX(Partidos!$F$4:$F$107,MATCH($A84,Partidos!$A$4:$A$107,0))<INDEX(Partidos!$G$4:$G$107,MATCH($A84,Partidos!$A$4:$A$107,0)))),Puntuacion!$B$6,0))),IF(AND($E84=INDEX(Partidos!$F$4:$F$107,MATCH($A84,Partidos!$A$4:$A$107,0)),$F84=INDEX(Partidos!$G$4:$G$107,MATCH($A84,Partidos!$A$4:$A$107,0))),Puntuacion!$B$9,IF(($E84-$F84)=(INDEX(Partidos!$F$4:$F$107,MATCH($A84,Partidos!$A$4:$A$107,0))-INDEX(Partidos!$G$4:$G$107,MATCH($A84,Partidos!$A$4:$A$107,0))),Puntuacion!$B$10,IF(AND($H84<>"",$H84=INDEX(Partidos!$K$4:$K$107,MATCH($A84,Partidos!$A$4:$A$107,0))),Puntuacion!$B$11,0)))))),"") | H84: =IFERROR(INDEX(Kike!H$4:H$107,MATCH($A84,Kike!$A$4:$A$107,0)),"") | I84: =IFERROR(INDEX(Partidos!$J$4:$J$107,MATCH($A84,Partidos!$A$4:$A$107,0)),"") | J84: =IF(AND(INDEX(Partidos!$J$4:$J$107,MATCH($A84,Partidos!$A$4:$A$107,0))<>"Grupos",INDEX(Partidos!$H$4:$H$107,MATCH($A84,Partidos!$A$4:$A$107,0))="Finalizado",$H84<>"",$H84=INDEX(Partidos!$K$4:$K$107,MATCH($A84,Partidos!$A$4:$A$107,0))),1,0)
A85: 8 | B85: =IFERROR(INDEX(Partidos!$D$4:$D$107,MATCH($A85,Partidos!$A$4:$A$107,0)),"") | C85: =IFERROR(INDEX(Partidos!$E$4:$E$107,MATCH($A85,Partidos!$A$4:$A$107,0)),"") | D85: Quintero | E85: =IFERROR(INDEX(Quintero!F$4:F$107,MATCH($A85,Quintero!$A$4:$A$107,0)),"") | F85: =IFERROR(INDEX(Quintero!G$4:G$107,MATCH($A85,Quintero!$A$4:$A$107,0)),"") | G85: =IFERROR(IF(INDEX(Partidos!$H$4:$H$107,MATCH($A85,Partidos!$A$4:$A$107,0))<>"Finalizado","",IF(OR(NOT(ISNUMBER($E85)),NOT(ISNUMBER($F85))),"",IF(INDEX(Partidos!$J$4:$J$107,MATCH($A85,Partidos!$A$4:$A$107,0))="Grupos",IF(AND($E85=INDEX(Partidos!$F$4:$F$107,MATCH($A85,Partidos!$A$4:$A$107,0)),$F85=INDEX(Partidos!$G$4:$G$107,MATCH($A85,Partidos!$A$4:$A$107,0))),Puntuacion!$B$4,IF(($E85-$F85)=(INDEX(Partidos!$F$4:$F$107,MATCH($A85,Partidos!$A$4:$A$107,0))-INDEX(Partidos!$G$4:$G$107,MATCH($A85,Partidos!$A$4:$A$107,0))),Puntuacion!$B$5,IF(OR(AND($E85>$F85,INDEX(Partidos!$F$4:$F$107,MATCH($A85,Partidos!$A$4:$A$107,0))>INDEX(Partidos!$G$4:$G$107,MATCH($A85,Partidos!$A$4:$A$107,0))),AND($E85=$F85,INDEX(Partidos!$F$4:$F$107,MATCH($A85,Partidos!$A$4:$A$107,0))=INDEX(Partidos!$G$4:$G$107,MATCH($A85,Partidos!$A$4:$A$107,0))),AND($E85<$F85,INDEX(Partidos!$F$4:$F$107,MATCH($A85,Partidos!$A$4:$A$107,0))<INDEX(Partidos!$G$4:$G$107,MATCH($A85,Partidos!$A$4:$A$107,0)))),Puntuacion!$B$6,0))),IF(AND($E85=INDEX(Partidos!$F$4:$F$107,MATCH($A85,Partidos!$A$4:$A$107,0)),$F85=INDEX(Partidos!$G$4:$G$107,MATCH($A85,Partidos!$A$4:$A$107,0))),Puntuacion!$B$9,IF(($E85-$F85)=(INDEX(Partidos!$F$4:$F$107,MATCH($A85,Partidos!$A$4:$A$107,0))-INDEX(Partidos!$G$4:$G$107,MATCH($A85,Partidos!$A$4:$A$107,0))),Puntuacion!$B$10,IF(AND($H85<>"",$H85=INDEX(Partidos!$K$4:$K$107,MATCH($A85,Partidos!$A$4:$A$107,0))),Puntuacion!$B$11,0)))))),"") | H85: =IFERROR(INDEX(Quintero!H$4:H$107,MATCH($A85,Quintero!$A$4:$A$107,0)),"") | I85: =IFERROR(INDEX(Partidos!$J$4:$J$107,MATCH($A85,Partidos!$A$4:$A$107,0)),"") | J85: =IF(AND(INDEX(Partidos!$J$4:$J$107,MATCH($A85,Partidos!$A$4:$A$107,0))<>"Grupos",INDEX(Partidos!$H$4:$H$107,MATCH($A85,Partidos!$A$4:$A$107,0))="Finalizado",$H85<>"",$H85=INDEX(Partidos!$K$4:$K$107,MATCH($A85,Partidos!$A$4:$A$107,0))),1,0)
A86: 8 | B86: =IFERROR(INDEX(Partidos!$D$4:$D$107,MATCH($A86,Partidos!$A$4:$A$107,0)),"") | C86: =IFERROR(INDEX(Partidos!$E$4:$E$107,MATCH($A86,Partidos!$A$4:$A$107,0)),"") | D86: Nacho | E86: =IFERROR(INDEX(Nacho!F$4:F$107,MATCH($A86,Nacho!$A$4:$A$107,0)),"") | F86: =IFERROR(INDEX(Nacho!G$4:G$107,MATCH($A86,Nacho!$A$4:$A$107,0)),"") | G86: =IFERROR(IF(INDEX(Partidos!$H$4:$H$107,MATCH($A86,Partidos!$A$4:$A$107,0))<>"Finalizado","",IF(OR(NOT(ISNUMBER($E86)),NOT(ISNUMBER($F86))),"",IF(INDEX(Partidos!$J$4:$J$107,MATCH($A86,Partidos!$A$4:$A$107,0))="Grupos",IF(AND($E86=INDEX(Partidos!$F$4:$F$107,MATCH($A86,Partidos!$A$4:$A$107,0)),$F86=INDEX(Partidos!$G$4:$G$107,MATCH($A86,Partidos!$A$4:$A$107,0))),Puntuacion!$B$4,IF(($E86-$F86)=(INDEX(Partidos!$F$4:$F$107,MATCH($A86,Partidos!$A$4:$A$107,0))-INDEX(Partidos!$G$4:$G$107,MATCH($A86,Partidos!$A$4:$A$107,0))),Puntuacion!$B$5,IF(OR(AND($E86>$F86,INDEX(Partidos!$F$4:$F$107,MATCH($A86,Partidos!$A$4:$A$107,0))>INDEX(Partidos!$G$4:$G$107,MATCH($A86,Partidos!$A$4:$A$107,0))),AND($E86=$F86,INDEX(Partidos!$F$4:$F$107,MATCH($A86,Partidos!$A$4:$A$107,0))=INDEX(Partidos!$G$4:$G$107,MATCH($A86,Partidos!$A$4:$A$107,0))),AND($E86<$F86,INDEX(Partidos!$F$4:$F$107,MATCH($A86,Partidos!$A$4:$A$107,0))<INDEX(Partidos!$G$4:$G$107,MATCH($A86,Partidos!$A$4:$A$107,0)))),Puntuacion!$B$6,0))),IF(AND($E86=INDEX(Partidos!$F$4:$F$107,MATCH($A86,Partidos!$A$4:$A$107,0)),$F86=INDEX(Partidos!$G$4:$G$107,MATCH($A86,Partidos!$A$4:$A$107,0))),Puntuacion!$B$9,IF(($E86-$F86)=(INDEX(Partidos!$F$4:$F$107,MATCH($A86,Partidos!$A$4:$A$107,0))-INDEX(Partidos!$G$4:$G$107,MATCH($A86,Partidos!$A$4:$A$107,0))),Puntuacion!$B$10,IF(AND($H86<>"",$H86=INDEX(Partidos!$K$4:$K$107,MATCH($A86,Partidos!$A$4:$A$107,0))),Puntuacion!$B$11,0)))))),"") | H86: =IFERROR(INDEX(Nacho!H$4:H$107,MATCH($A86,Nacho!$A$4:$A$107,0)),"") | I86: =IFERROR(INDEX(Partidos!$J$4:$J$107,MATCH($A86,Partidos!$A$4:$A$107,0)),"") | J86: =IF(AND(INDEX(Partidos!$J$4:$J$107,MATCH($A86,Partidos!$A$4:$A$107,0))<>"Grupos",INDEX(Partidos!$H$4:$H$107,MATCH($A86,Partidos!$A$4:$A$107,0))="Finalizado",$H86<>"",$H86=INDEX(Partidos!$K$4:$K$107,MATCH($A86,Partidos!$A$4:$A$107,0))),1,0)
A87: 8 | B87: =IFERROR(INDEX(Partidos!$D$4:$D$107,MATCH($A87,Partidos!$A$4:$A$107,0)),"") | C87: =IFERROR(INDEX(Partidos!$E$4:$E$107,MATCH($A87,Partidos!$A$4:$A$107,0)),"") | D87: Luis | E87: =IFERROR(INDEX(Luis!F$4:F$107,MATCH($A87,Luis!$A$4:$A$107,0)),"") | F87: =IFERROR(INDEX(Luis!G$4:G$107,MATCH($A87,Luis!$A$4:$A$107,0)),"") | G87: =IFERROR(IF(INDEX(Partidos!$H$4:$H$107,MATCH($A87,Partidos!$A$4:$A$107,0))<>"Finalizado","",IF(OR(NOT(ISNUMBER($E87)),NOT(ISNUMBER($F87))),"",IF(INDEX(Partidos!$J$4:$J$107,MATCH($A87,Partidos!$A$4:$A$107,0))="Grupos",IF(AND($E87=INDEX(Partidos!$F$4:$F$107,MATCH($A87,Partidos!$A$4:$A$107,0)),$F87=INDEX(Partidos!$G$4:$G$107,MATCH($A87,Partidos!$A$4:$A$107,0))),Puntuacion!$B$4,IF(($E87-$F87)=(INDEX(Partidos!$F$4:$F$107,MATCH($A87,Partidos!$A$4:$A$107,0))-INDEX(Partidos!$G$4:$G$107,MATCH($A87,Partidos!$A$4:$A$107,0))),Puntuacion!$B$5,IF(OR(AND($E87>$F87,INDEX(Partidos!$F$4:$F$107,MATCH($A87,Partidos!$A$4:$A$107,0))>INDEX(Partidos!$G$4:$G$107,MATCH($A87,Partidos!$A$4:$A$107,0))),AND($E87=$F87,INDEX(Partidos!$F$4:$F$107,MATCH($A87,Partidos!$A$4:$A$107,0))=INDEX(Partidos!$G$4:$G$107,MATCH($A87,Partidos!$A$4:$A$107,0))),AND($E87<$F87,INDEX(Partidos!$F$4:$F$107,MATCH($A87,Partidos!$A$4:$A$107,0))<INDEX(Partidos!$G$4:$G$107,MATCH($A87,Partidos!$A$4:$A$107,0)))),Puntuacion!$B$6,0))),IF(AND($E87=INDEX(Partidos!$F$4:$F$107,MATCH($A87,Partidos!$A$4:$A$107,0)),$F87=INDEX(Partidos!$G$4:$G$107,MATCH($A87,Partidos!$A$4:$A$107,0))),Puntuacion!$B$9,IF(($E87-$F87)=(INDEX(Partidos!$F$4:$F$107,MATCH($A87,Partidos!$A$4:$A$107,0))-INDEX(Partidos!$G$4:$G$107,MATCH($A87,Partidos!$A$4:$A$107,0))),Puntuacion!$B$10,IF(AND($H87<>"",$H87=INDEX(Partidos!$K$4:$K$107,MATCH($A87,Partidos!$A$4:$A$107,0))),Puntuacion!$B$11,0)))))),"") | H87: =IFERROR(INDEX(Luis!H$4:H$107,MATCH($A87,Luis!$A$4:$A$107,0)),"") | I87: =IFERROR(INDEX(Partidos!$J$4:$J$107,MATCH($A87,Partidos!$A$4:$A$107,0)),"") | J87: =IF(AND(INDEX(Partidos!$J$4:$J$107,MATCH($A87,Partidos!$A$4:$A$107,0))<>"Grupos",INDEX(Partidos!$H$4:$H$107,MATCH($A87,Partidos!$A$4:$A$107,0))="Finalizado",$H87<>"",$H87=INDEX(Partidos!$K$4:$K$107,MATCH($A87,Partidos!$A$4:$A$107,0))),1,0)
A88: 8 | B88: =IFERROR(INDEX(Partidos!$D$4:$D$107,MATCH($A88,Partidos!$A$4:$A$107,0)),"") | C88: =IFERROR(INDEX(Partidos!$E$4:$E$107,MATCH($A88,Partidos!$A$4:$A$107,0)),"") | D88: Felipe | E88: =IFERROR(INDEX(Felipe!F$4:F$107,MATCH($A88,Felipe!$A$4:$A$107,0)),"") | F88: =IFERROR(INDEX(Felipe!G$4:G$107,MATCH($A88,Felipe!$A$4:$A$107,0)),"") | G88: =IFERROR(IF(INDEX(Partidos!$H$4:$H$107,MATCH($A88,Partidos!$A$4:$A$107,0))<>"Finalizado","",IF(OR(NOT(ISNUMBER($E88)),NOT(ISNUMBER($F88))),"",IF(INDEX(Partidos!$J$4:$J$107,MATCH($A88,Partidos!$A$4:$A$107,0))="Grupos",IF(AND($E88=INDEX(Partidos!$F$4:$F$107,MATCH($A88,Partidos!$A$4:$A$107,0)),$F88=INDEX(Partidos!$G$4:$G$107,MATCH($A88,Partidos!$A$4:$A$107,0))),Puntuacion!$B$4,IF(($E88-$F88)=(INDEX(Partidos!$F$4:$F$107,MATCH($A88,Partidos!$A$4:$A$107,0))-INDEX(Partidos!$G$4:$G$107,MATCH($A88,Partidos!$A$4:$A$107,0))),Puntuacion!$B$5,IF(OR(AND($E88>$F88,INDEX(Partidos!$F$4:$F$107,MATCH($A88,Partidos!$A$4:$A$107,0))>INDEX(Partidos!$G$4:$G$107,MATCH($A88,Partidos!$A$4:$A$107,0))),AND($E88=$F88,INDEX(Partidos!$F$4:$F$107,MATCH($A88,Partidos!$A$4:$A$107,0))=INDEX(Partidos!$G$4:$G$107,MATCH($A88,Partidos!$A$4:$A$107,0))),AND($E88<$F88,INDEX(Partidos!$F$4:$F$107,MATCH($A88,Partidos!$A$4:$A$107,0))<INDEX(Partidos!$G$4:$G$107,MATCH($A88,Partidos!$A$4:$A$107,0)))),Puntuacion!$B$6,0))),IF(AND($E88=INDEX(Partidos!$F$4:$F$107,MATCH($A88,Partidos!$A$4:$A$107,0)),$F88=INDEX(Partidos!$G$4:$G$107,MATCH($A88,Partidos!$A$4:$A$107,0))),Puntuacion!$B$9,IF(($E88-$F88)=(INDEX(Partidos!$F$4:$F$107,MATCH($A88,Partidos!$A$4:$A$107,0))-INDEX(Partidos!$G$4:$G$107,MATCH($A88,Partidos!$A$4:$A$107,0))),Puntuacion!$B$10,IF(AND($H88<>"",$H88=INDEX(Partidos!$K$4:$K$107,MATCH($A88,Partidos!$A$4:$A$107,0))),Puntuacion!$B$11,0)))))),"") | H88: =IFERROR(INDEX(Felipe!H$4:H$107,MATCH($A88,Felipe!$A$4:$A$107,0)),"") | I88: =IFERROR(INDEX(Partidos!$J$4:$J$107,MATCH($A88,Partidos!$A$4:$A$107,0)),"") | J88: =IF(AND(INDEX(Partidos!$J$4:$J$107,MATCH($A88,Partidos!$A$4:$A$107,0))<>"Grupos",INDEX(Partidos!$H$4:$H$107,MATCH($A88,Partidos!$A$4:$A$107,0))="Finalizado",$H88<>"",$H88=INDEX(Partidos!$K$4:$K$107,MATCH($A88,Partidos!$A$4:$A$107,0))),1,0)
